id,name,category,condition,priority,kind,framework_applied,contents_source,contents_status,checklist,included_items,spec_rows,fitment_recorded,part_number_recorded,description_chars,description_status,stated_statements,still_missing,batch
2141,Air Lift LoadLifter 5000 Ultimate Rear Air Spring Kit for 2015–2020 Ford F-150 4WD — 88385,suspension,Brand New,P3,suspension-kit,yes,derived,unconfirmed,suspension,0,8,yes,yes,1202,original text kept; sections added from the listing's own statements,1,package contents,batch-2
2142,Air Lift LoadLifter 5000 Ultimate Rear Air Spring Kit for 2021–2026 Ford F-150 — 88355,suspension,Brand New,P3,suspension-kit,yes,derived,unconfirmed,suspension,0,8,yes,yes,1247,original text kept; sections added from the listing's own statements,1,package contents,batch-2
2143,Air Lift LoadLifter 5000 Ultimate Rear Air Spring Kit for 2021–2026 Ford F-150 PowerBoost 4WD — 88389,suspension,Brand New,P3,suspension-kit,yes,derived,unconfirmed,suspension,0,8,yes,yes,1281,original text kept; sections added from the listing's own statements,1,package contents,batch-2
2144,Air Lift LoadLifter 5000 Ultimate Rear Air Spring Kit for 2011–2016 Ford F-250 / F-350 Super Duty 4WD — 88396,suspension,Brand New,P3,suspension-kit,yes,derived,unconfirmed,suspension,0,8,yes,yes,1279,original text kept; sections added from the listing's own statements,1,package contents,batch-2
2145,Air Lift LoadLifter 5000 Ultimate Rear Air Spring Kit for 2017–2019 Ford F-250 / F-350 Super Duty 4WD — 88399,suspension,Brand New,P3,suspension-kit,yes,derived,unconfirmed,suspension,0,8,yes,yes,1412,original text kept; sections added from the listing's own statements,1,package contents,batch-2
2146,Air Lift LoadLifter 5000 Ultimate Rear Air Spring Kit for 2020–2022 Ford F-250 / F-350 Super Duty SRW 4WD — 88352,suspension,Brand New,P3,suspension-kit,yes,derived,unconfirmed,suspension,0,8,yes,yes,1308,original text kept; sections added from the listing's own statements,1,package contents,batch-2
2147,Air Lift LoadLifter 5000 Ultimate Rear Air Spring Kit for 2023–2026 Ford F-250 / F-350 Super Duty SRW 4WD — 88354,suspension,Brand New,P3,suspension-kit,yes,derived,unconfirmed,suspension,0,8,yes,yes,1308,original text kept; sections added from the listing's own statements,1,package contents,batch-2
2148,Air Lift LoadLifter 5000 Ultimate Rear Air Spring Kit for 2020–2026 Ford F-350 Super Duty DRW 4WD — 88380,suspension,Brand New,P3,suspension-kit,yes,derived,unconfirmed,suspension,0,8,yes,yes,1315,original text kept; sections added from the listing's own statements,1,package contents,batch-2
2149,Air Lift LoadLifter 5000 Ultimate Rear Air Spring Kit for 2014–2026 Ram 2500 — 88289,suspension,Brand New,P3,suspension-kit,yes,derived,unconfirmed,suspension,0,8,yes,yes,1280,original text kept; sections added from the listing's own statements,1,package contents,batch-2
2150,Air Lift LoadLifter 5000 Ultimate Rear Air Spring Kit for 2003–2013 Ram 2500 4WD / 2011–2018 Ram 3500 4WD — 88295,suspension,Brand New,P3,suspension-kit,yes,derived,unconfirmed,suspension,0,8,yes,yes,1356,original text kept; sections added from the listing's own statements,1,package contents,batch-2
2151,Air Lift LoadLifter 5000 Ultimate Rear Air Spring Kit for 2019–2026 Ram 3500 — 88231,suspension,Brand New,P3,suspension-kit,yes,derived,unconfirmed,suspension,0,8,yes,yes,1298,original text kept; sections added from the listing's own statements,1,package contents,batch-2
2152,Air Lift LoadLifter 5000 Ultimate Rear Air Spring Kit for 2019–2026 Chevrolet Silverado / GMC Sierra 1500 — 88288,suspension,Brand New,P3,suspension-kit,yes,derived,unconfirmed,suspension,0,8,yes,yes,1364,original text kept; sections added from the listing's own statements,1,package contents,batch-2
2153,Air Lift LoadLifter 5000 Ultimate Rear Air Spring Kit for 2019–2026 Silverado 1500 Trail Boss / ZR2 and Sierra 1500 AT4 / AT4X — 88388,suspension,Brand New,P3,suspension-kit,yes,derived,unconfirmed,suspension,0,8,yes,yes,1387,original text kept; sections added from the listing's own statements,1,package contents,batch-2
2154,Air Lift LoadLifter 5000 Ultimate Rear Air Spring Kit for 2011–2019 Chevrolet Silverado / GMC Sierra 2500HD & 3500HD — 88338,suspension,Brand New,P3,suspension-kit,yes,derived,unconfirmed,suspension,0,8,yes,yes,1356,original text kept; sections added from the listing's own statements,1,package contents,batch-2
2155,Air Lift LoadLifter 5000 Ultimate Rear Air Spring Kit for 2020–2026 Chevrolet Silverado / GMC Sierra 2500HD & 3500HD — 88341,suspension,Brand New,P3,suspension-kit,yes,derived,unconfirmed,suspension,0,8,yes,yes,1399,original text kept; sections added from the listing's own statements,1,package contents,batch-2
2156,Air Lift LoadLifter 5000 Ultimate Rear Air Spring Kit for 2024–2026 Silverado 2500HD ZR2 / Sierra 2500HD AT4X 4WD — 88408,suspension,Brand New,P3,suspension-kit,yes,derived,unconfirmed,suspension,0,8,yes,yes,1377,original text kept; sections added from the listing's own statements,1,package contents,batch-2
2157,"WARN ZEON 10-S Winch, 10,000 lb, Synthetic Rope — 89611",4x4-accessories,Brand New,P5,,yes,derived,stated,,0,7,yes,yes,1240,original text kept; sections added from the listing's own statements,2,,batch-2 (stated only)
2158,"WARN ZEON 12-S Winch, 12,000 lb, Synthetic Rope — 95950",4x4-accessories,Brand New,P5,,yes,derived,stated,,0,7,yes,yes,1062,original text kept; sections added from the listing's own statements,2,,batch-2 (stated only)
2159,"WARN VR EVO 10-S Winch, 10,000 lb, Synthetic Rope — 103253",4x4-accessories,Brand New,P5,,yes,derived,stated,,0,7,yes,yes,955,original text kept; sections added from the listing's own statements,1,,batch-2 (stated only)
2160,"WARN VR EVO 8-S Winch, 8,000 lb, Synthetic Rope — 103251",4x4-accessories,Brand New,P5,,yes,derived,stated,,0,6,yes,yes,883,original text kept; sections added from the listing's own statements,1,,batch-2 (stated only)
2161,"MAXTRAX MKII Recovery Boards, Titanium Grey (Pair) — MTX02TG",4x4-accessories,Brand New,P5,,yes,derived,partial,,2,6,yes,yes,945,original text kept; sections added from the listing's own statements,1,remaining contents not confirmed,batch-2 (stated only)
2162,"MAXTRAX XTREME Recovery Boards, Red — MTXXFJR",4x4-accessories,Brand New,P5,,no,,,,0,5,yes,yes,922,not started,0,,
2163,"MAXTRAX Mini Recovery Boards, Olive Drab (Pair) — MTXMPOD",4x4-accessories,Brand New,P5,,no,,,,0,5,yes,yes,712,not started,0,,
2164,"MAXTRAX JaxBase Jack Base, Signature Orange — MTXJB",4x4-accessories,Brand New,P5,,no,,,,0,4,yes,yes,775,not started,0,,
2165,S&B Cold Air Intake for 1994–1997 Ford Powerstroke 7.3L — 75-5131-1,engine,Brand New,P5,,no,,,,0,7,yes,yes,1509,not started,0,,
2166,S&B Cold Air Intake for 1998–2003 Ford Powerstroke 7.3L — 75-5062,engine,Brand New,P5,,no,,,,0,7,yes,yes,1533,not started,0,,
2167,S&B Cold Air Intake for 2003–2007 Ford Powerstroke 6.0L — 75-5070,engine,Brand New,P5,,no,,,,0,7,yes,yes,1539,not started,0,,
2168,S&B Cold Air Intake for 2008–2010 Ford Powerstroke 6.4L — 75-5105,engine,Brand New,P5,,yes,derived,listed,,1,8,yes,yes,1609,original text kept; sections added from the listing's own statements,0,,batch-2 (stated only)
2169,"S&B Cold Air Intake for 2011–2016 Ford Super Duty, 6.7L Powerstroke — 75-5104",engine,Brand New,P5,,yes,derived,listed,,1,8,yes,yes,1729,original text kept; sections added from the listing's own statements,0,,batch-2 (stated only)
2170,S&B Cold Air Intake for 2017–2019 Ford Powerstroke 6.7L — 75-5085-1,engine,Brand New,P5,,no,,,,0,8,yes,yes,1592,not started,0,,
2171,S&B Cold Air Intake for 1994–2002 Dodge Ram Cummins 5.9L — 75-5090,engine,Brand New,P5,,no,,,,0,7,yes,yes,1478,not started,0,,
2172,S&B Cold Air Intake for 2003–2007 Dodge Ram Cummins 5.9L — 75-5094,engine,Brand New,P5,,no,,,,0,7,yes,yes,1478,not started,0,,
2173,S&B Cold Air Intake for 2013–2018 Dodge Ram Cummins 6.7L — 75-5068,engine,Brand New,P5,,no,,,,0,7,yes,yes,1478,not started,0,,
2174,S&B Cold Air Intake for 2019–2024 Dodge Ram Cummins 6.7L — 75-5132,engine,Brand New,P5,,no,,,,0,7,yes,yes,1478,not started,0,,
2175,S&B Cold Air Intake for 2025–2026 Ram Cummins 6.7L Diesel — 75-5224,engine,Brand New,P5,,yes,derived,listed,,1,8,yes,yes,1624,original text kept; sections added from the listing's own statements,0,,batch-2 (stated only)
2176,S&B Cold Air Intake for 2001–2004 Chevy / GMC Duramax LB7 6.6L — 75-5101,engine,Brand New,P5,,no,,,,0,7,yes,yes,1662,not started,0,,
2177,S&B Cold Air Intake for 2004–2005 Chevy / GMC Duramax LLY 6.6L — 75-5102,engine,Brand New,P5,,no,,,,0,7,yes,yes,1662,not started,0,,
2178,S&B Cold Air Intake for 2006–2007 Chevy / GMC Duramax LLY-LBZ 6.6L — 75-5080,engine,Brand New,P5,,no,,,,0,7,yes,yes,1692,not started,0,,
2179,S&B Cold Air Intake for 2007–2010 Chevy / GMC Duramax LMM 6.6L — 75-5091,engine,Brand New,P5,,no,,,,0,7,yes,yes,1662,not started,0,,
2180,S&B Cold Air Intake for 2011–2016 Chevy / GMC Duramax LML 6.6L — 75-5075-1,engine,Brand New,P5,,no,,,,0,7,yes,yes,1670,not started,0,,
2181,S&B Cold Air Intake for 2017–2019 Silverado / Sierra Duramax L5P 6.6L — 75-5144,engine,Brand New,P5,,yes,derived,listed,,1,8,yes,yes,1849,original text kept; sections added from the listing's own statements,0,,batch-2 (stated only)
2182,S&B Cold Air Intake for 2020–2026 Silverado / Sierra Duramax L5P 6.6L Diesel — 75-5136,engine,Brand New,P5,,no,,,,0,8,yes,yes,1753,not started,0,,
2183,"S&B Cold Air Intake for 2015–2017 Ford F-150 2.7L, 3.5L Ecoboost — 75-5081",engine,Brand New,P5,,no,,,,0,7,yes,yes,1565,not started,0,,
2184,S&B Cold Air Intake for 2015–2017 Ford F-150 5.0L — 75-5083,engine,Brand New,P5,,no,,,,0,7,yes,yes,1424,not started,0,,
2185,"S&B Cold Air Intake for 2018–2026 Ford F-150 2.7L, 3.5L Ecoboost, Raptor — 75-5122",engine,Brand New,P5,,no,,,,0,8,yes,yes,1671,not started,0,,
2186,S&B Cold Air Intake for 2018–2026 Ford F-150 5.0L — 75-5123-1,engine,Brand New,P5,,no,,,,0,8,yes,yes,1494,not started,0,,
2187,S&B Cold Air Intake for 2018–2021 Ford F-150 Powerstroke 3.0L — 75-5126,engine,Brand New,P5,,no,,,,0,7,yes,yes,1433,not started,0,,
2188,S&B Cold Air Intake for 2021–2026 Ford F-150 3.5L PowerBoost — 75-5218,engine,Brand New,P5,,no,,,,0,7,yes,yes,1457,not started,0,,
2189,S&B Cold Air Intake for 2014–2016 Silverado 1500 / Sierra 1500 — 75-5069,engine,Brand New,P5,,no,,,,0,8,yes,yes,2095,not started,0,,
2190,S&B Cold Air Intake for 2017–2019 Silverado 1500 / Sierra 1500 — 75-5116,engine,Brand New,P5,,no,,,,0,8,yes,yes,2250,not started,0,,
2191,"S&B Cold Air Intake for 2019–2026 Silverado, Sierra 1500 / 2021–2026 Tahoe, Yukon, Suburban, Escalade — 75-5128-1",engine,Brand New,P5,,no,,,,0,8,yes,yes,2156,not started,0,,
2192,"S&B Cold Air Intake for 2020–2026 Silverado, Sierra 1500 / Tahoe, Yukon, Suburban, Escalade Duramax 3.0L — 75-5137-1",engine,Brand New,P5,,yes,derived,listed,,1,8,yes,yes,1959,original text kept; sections added from the listing's own statements,0,,batch-2 (stated only)
2193,S&B Cold Air Intake for 2019–2026 Chevrolet Silverado 1500 / GMC Sierra 1500 2.7L — 75-5138,engine,Brand New,P5,,no,,,,0,7,yes,yes,1538,not started,0,,
2194,"S&B Cold Air Intake for 2020–2022 Ford F-250, F-350 6.2L, Gas — 75-5187",engine,Brand New,P5,,yes,derived,listed,,1,8,yes,yes,1600,original text kept; sections added from the listing's own statements,0,,batch-2 (stated only)
2195,"S&B Cold Air Intake for 2023–2026 Ford F250 F350 6.8L, 7.3L — 75-5197",engine,Brand New,P5,,no,,,,0,7,yes,yes,1536,not started,0,,
2196,S&B Cold Air Intake for 2014–2018 Dodge Ram 2500 / 3500 6.4L HEMI — 75-5087,engine,Brand New,P5,,no,,,,0,7,yes,yes,1469,not started,0,,
2197,S&B Cold Air Intake for 2019–2026 Dodge Ram 2500 / 3500 6.4L HEMI — 75-5133,engine,Brand New,P5,,no,,,,0,8,yes,yes,1565,not started,0,,
2198,"S&B Cold Air Intake for 2016–2019 Silverado / Sierra 2500, 3500 6.0L — 75-5110",engine,Brand New,P5,,no,,,,0,7,yes,yes,1627,not started,0,,
2199,S&B Cold Air Intake for 2020–2026 Silverado / Sierra 2500 & 3500 6.6L Gas — 75-5158,engine,Brand New,P5,,yes,derived,listed,,1,8,yes,yes,1773,original text kept; sections added from the listing's own statements,0,,batch-2 (stated only)
2200,"S&B Cold Air Intake for 2024–2026 Ford Ranger, 2.7L Ecoboost — 75-5207",engine,Brand New,P5,,no,,,,0,7,yes,yes,1454,not started,0,,
2201,S&B Cold Air Intake for 2025–2026 Ford Ranger 2.3L Ecoboost — 75-5229,engine,Brand New,P5,,no,,,,0,5,yes,yes,1361,not started,0,,
2202,S&B Cold Air Intake for 2024–2026 Ford Ranger Raptor 3.0L V6 — 75-5176,engine,Brand New,P5,,no,,,,0,8,yes,yes,1596,not started,0,,
2203,BD Diesel Roadmaster 68RFE Transmission & Converter Package — 2007.5–2018 Ram 6.7L Cummins 4WD — 1064224SS,transmission,Refurbished,P1,transmission,yes,derived,partial,transmission,4,6,yes,yes,1304,original text kept; sections added from the listing's own statements,0,remaining contents not confirmed,batch-1
2204,BD Diesel Roadmaster 68RFE Transmission & Converter Package — 2019–2024 Ram 6.7L Cummins 4WD — 1064304SS,transmission,Refurbished,P1,transmission,yes,explicit entry,listed,transmission,3,6,yes,yes,1092,original text kept; sections added from the listing's own statements,4,,pilot
2205,BD Diesel TowMaster 68RFE Transmission — 2019–2024 Ram 6.7L Cummins 4WD — 1064294,transmission,Refurbished,P1,transmission,yes,explicit entry,listed,transmission,11,5,yes,yes,950,original text kept; sections added from the listing's own statements,5,,pilot
2206,BD Diesel Roadmaster 6R140 Transmission & Converter Package — 2011–2016 Ford 6.7L Power Stroke — 1064524SS,transmission,Refurbished,P1,transmission,yes,explicit entry,listed,transmission,4,6,yes,yes,955,original text kept; sections added from the listing's own statements,2,,pilot
2207,BD Diesel Roadmaster 6R140 Transmission & Converter Package — 2017–2019 Ford 6.7L Power Stroke — 1064534SS,transmission,Refurbished,P1,transmission,yes,explicit entry,listed,transmission,4,6,yes,yes,955,original text kept; sections added from the listing's own statements,2,,pilot
2208,BD Diesel Roadmaster 4R100 Transmission & ProForce Converter — 1999–2003 Ford 7.3L Power Stroke 4WD — 1064434SM,transmission,Refurbished,P1,transmission,yes,derived,partial,transmission,3,5,yes,yes,984,original text kept; sections added from the listing's own statements,0,remaining contents not confirmed,batch-1
2209,BD Diesel TowMaster Allison 1000 Transmission & Converter Package — 2011–2016 Silverado / Sierra 6.6L LML Duramax 4WD — 1064754SM,transmission,Refurbished,P1,transmission,yes,derived,partial,transmission,3,5,yes,yes,913,original text kept; sections added from the listing's own statements,0,remaining contents not confirmed,batch-1
2210,BD Diesel TowMaster Allison 1000 Transmission & Converter Package — 2017–2019 Silverado / Sierra 6.6L L5P Duramax 4WD — 1064784SS,transmission,Refurbished,P1,transmission,yes,derived,partial,transmission,3,6,yes,yes,1013,original text kept; sections added from the listing's own statements,0,remaining contents not confirmed,batch-1
2211,BD Diesel Roadmaster Allison 1000 Transmission & Converter Package — 2017–2019 Silverado / Sierra 6.6L L5P Duramax 4WD — 1064794SS,transmission,Refurbished,P1,transmission,yes,derived,partial,transmission,3,6,yes,yes,1027,original text kept; sections added from the listing's own statements,0,remaining contents not confirmed,batch-1
2212,BD Diesel Roadmaster Aisin AS69RC Transmission & Converter Package — 2019–2024 Ram 3500/4500/5500 6.7L Cummins 4WD — 1065004SS,transmission,Refurbished,P1,transmission,yes,derived,unconfirmed,transmission,0,7,yes,yes,1223,original text kept; sections added from the listing's own statements,0,package contents,batch-1
2213,"BD Diesel ProForce Torque Converter, Aisin AS69RC — 2013–2018 Ram 3500/4500/5500 6.7L Cummins — 1070280",transmission,Refurbished,P5,,no,,,,0,6,yes,yes,794,not started,0,,
2214,"BD Diesel Stock-Replacement HE300VG Turbocharger, Remanufactured — 2019–2024 Ram 6.7L Cummins — 1045777",turbocharger,Refurbished,P2,turbo-supercharger,yes,derived,unconfirmed,turbocharger,0,6,yes,yes,887,original text kept; sections added from the listing's own statements,0,package contents,batch-1
2215,"BD Diesel Stock-Replacement Turbocharger, Remanufactured — 2017–2019 Silverado / Sierra 2500/3500 6.6L L5P Duramax — 1045845",turbocharger,Refurbished,P2,turbo-supercharger,yes,derived,unconfirmed,turbocharger,0,5,yes,yes,882,original text kept; sections added from the listing's own statements,0,package contents,batch-1
2216,"BD Diesel Stock-Replacement Turbocharger, Remanufactured — 2020–2023 Silverado / Sierra 2500/3500 6.6L L5P Duramax — 1045846",turbocharger,Refurbished,P2,turbo-supercharger,yes,derived,unconfirmed,turbocharger,0,5,yes,yes,864,original text kept; sections added from the listing's own statements,0,package contents,batch-1
2217,BD Diesel Stock-Replacement Injector — 2007.5–2012 Dodge / Ram 2500 / 3500 pickup 6.7L Cummins — 1715518,engine,Refurbished,P5,,no,,,,0,7,yes,yes,976,not started,0,,
2218,BD Diesel Stock-Replacement Injector — 2013–2018 Ram 2500 / 3500 pickup 6.7L Cummins — 1715542,engine,Refurbished,P5,,no,,,,0,7,yes,yes,964,not started,0,,
2219,BD Diesel Stock-Replacement Injector — 2006–2007 Chevrolet Silverado / GMC Sierra 2500HD / 3500HD 6.6L LBZ Duramax — 1715521,engine,Refurbished,P5,,no,,,,0,7,yes,yes,998,not started,0,,
2220,BD Diesel Stock-Replacement Injector — 2011–2014 Ford 6.7L Power Stroke Pickup / 2011–2016 Cab & Chassis — 1715515,engine,Refurbished,P5,,no,,,,0,5,yes,yes,881,not started,0,,
2221,Bosch Remanufactured Injector via BD Diesel — 2011–2016 Silverado / Sierra 6.6L LML Duramax — 1715522,engine,Refurbished,P5,,yes,derived,listed,,1,6,yes,yes,953,original text kept; sections added from the listing's own statements,0,,batch-2 (stated only)
2222,BD Diesel Venom Fuel Lift Pump with Filter & Separator — 2005–2012 Dodge / Ram 2500 / 3500 5.9L / 6.7L Cummins — 1050333,engine,Brand New,P5,,no,,,,0,6,yes,yes,1003,not started,0,,
2223,BD Diesel Venom Fuel Lift Pump with Filter & Separator — 2013–2022 Ram 2500 / 3500 6.7L Cummins — 1050334,engine,Brand New,P5,,no,,,,0,6,yes,yes,981,not started,0,,
2224,BD Diesel Venom Fuel Lift Pump with Filter & Separator — 2003–2004.5 Dodge Ram 2500 / 3500 5.9L Cummins — 1050335,engine,Brand New,P5,,no,,,,0,6,yes,yes,991,not started,0,,
2225,BD Diesel Venom Fuel Lift Pump with Filter & Separator — 2011–2016 Chevrolet Silverado / GMC Sierra 2500HD / 3500HD 6.6L LML Duramax — 1050323,engine,Brand New,P5,,yes,derived,listed,,1,6,yes,yes,1275,original text kept; sections added from the listing's own statements,0,,batch-2 (stated only)
2226,BD Diesel Pulse Exhaust Manifold — 2007.5–2018 Ram 2500/3500 Pickup & 3500/4500/5500 Cab-Chassis 6.7L Cummins — 1045965,engine,Brand New,P5,,no,,,,0,5,yes,yes,789,not started,0,,
2227,BD Diesel Pulse Exhaust Manifold — 2019–2024 Ram 2500/3500 Pickup 6.7L Cummins — 1045969,engine,Brand New,P5,,no,,,,0,5,yes,yes,774,not started,0,,
2228,Old Man Emu Nitrocharger Plus Rear Shock for 2005-on Toyota Hilux — 63006,suspension,Brand New,P5,,no,,,,0,7,yes,yes,1108,not started,0,,
2229,Old Man Emu Nitrocharger Plus Rear Shock for 8/1983–1997 Toyota Hilux — 63062,suspension,Brand New,P5,,no,,,,0,7,yes,yes,1112,not started,0,,
2230,Old Man Emu Nitrocharger Plus Front Strut for 2015–2022 Toyota Hilux — 93028,suspension,Brand New,P5,,no,,,,0,5,yes,yes,1234,not started,0,,
2231,Old Man Emu Nitrocharger Sport Rear Shock for Ford Ranger PX / PX2 / PX3 — 60023,suspension,Brand New,P5,,no,,,,0,5,yes,yes,1064,not started,0,,
2232,Old Man Emu Nitrocharger Plus Front Shock for Toyota Land Cruiser 78 & 79 Series — 63008,suspension,Brand New,P5,,no,,,,0,7,yes,yes,1124,not started,0,,
2233,Old Man Emu Nitrocharger Sport Rear Shock for Toyota Land Cruiser 70 / 75 / 76 / 78 / 79 Series — 60011,suspension,Brand New,P5,,no,,,,0,5,yes,yes,1087,not started,0,,
2234,Old Man Emu Nitrocharger Sport Front Shock for Toyota Land Cruiser 70 / 73 / 74 / 75 & 60 Series — 60009,suspension,Brand New,P5,,no,,,,0,5,yes,yes,1089,not started,0,,
2235,"Old Man Emu Nitrocharger Plus Rear Shock for Toyota Land Cruiser 100 Series (IFS, non-AHC) — 63002",suspension,Brand New,P5,,no,,,,0,5,yes,yes,1081,not started,0,,
2236,Old Man Emu Nitrocharger Sport Front Strut for Toyota Prado 150 / FJ Cruiser / 4Runner — 90016,suspension,Brand New,P5,,no,,,,0,5,yes,yes,1079,not started,0,,
2237,Old Man Emu Nitrocharger Sport Rear Shock for Toyota Prado 120 Series / 2003–2010 4Runner — 60005,suspension,Brand New,P5,,no,,,,0,5,yes,yes,1081,not started,0,,
2238,Old Man Emu Nitrocharger Sport Front Shock for 1999–2019 Nissan Patrol Y61 — 61012,suspension,Brand New,P5,,no,,,,0,5,yes,yes,1067,not started,0,,
2239,Old Man Emu Nitrocharger Plus Rear Shock for 2012–2020 Isuzu D-Max — 63116,suspension,Brand New,P5,,no,,,,0,5,yes,yes,1057,not started,0,,
2240,Old Man Emu Rear Leaf Spring for 2015–2022 Toyota Hilux — EL105R (Each),suspension,Brand New,P5,,yes,derived,stated,,0,5,yes,yes,1234,original text kept; sections added from the listing's own statements,1,,batch-2 (stated only)
2241,Old Man Emu Rear Leaf Spring for 2015–2022 Toyota Hilux (Heavy Load) — EL106R (Each),suspension,Brand New,P5,,yes,derived,stated,,0,5,yes,yes,1298,original text kept; sections added from the listing's own statements,1,,batch-2 (stated only)
2242,Old Man Emu Rear Leaf Spring for Ford Ranger PX / PX2 / PX3 — EL126R (Each),suspension,Brand New,P5,,no,,,,0,4,yes,yes,927,not started,0,,
2243,Old Man Emu Rear Leaf Spring for 2022-on Ford Ranger — EL130R (Each),suspension,Brand New,P5,,no,,,,0,3,yes,yes,873,not started,0,,
2244,Old Man Emu Rear Leaf Spring for Toyota Land Cruiser 78 & 79 Series — EL113R (Each),suspension,Brand New,P5,,no,,,,0,4,yes,yes,935,not started,0,,
2245,Old Man Emu Rear Leaf Spring for 2012–2020 Isuzu D-Max — EL108R (Each),suspension,Brand New,P5,,no,,,,0,8,yes,yes,1038,not started,0,,
2246,Old Man Emu Front Upper Control Arms for 2005–2022 Toyota Hilux — UCA0003 (Pair),suspension,Brand New,P3,suspension-kit,yes,derived,unconfirmed,suspension,0,7,yes,yes,1166,original text kept; sections added from the listing's own statements,0,package contents,batch-2
2247,Old Man Emu Front Upper Control Arms for Ford Ranger PX / PX2 / PX3 — UCA0002 (Pair),suspension,Brand New,P3,suspension-kit,yes,derived,unconfirmed,suspension,0,6,yes,yes,1129,original text kept; sections added from the listing's own statements,0,package contents,batch-2
2248,Old Man Emu Front Upper Control Arms for Toyota Land Cruiser 200 Series — UCA0001 (Pair),suspension,Brand New,P3,suspension-kit,yes,derived,unconfirmed,suspension,0,7,yes,yes,1351,original text kept; sections added from the listing's own statements,0,package contents,batch-2
2249,Old Man Emu Greasable Shackle Kit for Ford Ranger PX / PX2 / PX3 — OMEGS20,suspension,Brand New,P3,suspension-kit,yes,derived,unconfirmed,suspension,0,4,yes,yes,840,original text kept; sections added from the listing's own statements,0,package contents,batch-2
2250,Old Man Emu Greasable Shackle Kit for Toyota Land Cruiser 79 Series — OMEGS10,suspension,Brand New,P3,suspension-kit,yes,derived,unconfirmed,suspension,0,4,yes,yes,843,original text kept; sections added from the listing's own statements,0,package contents,batch-2
2251,"Old Man Emu Front Sway Bar Kit for Toyota Land Cruiser 76, 78 & 79 Series — OMESTAB3",suspension,Brand New,P3,suspension-kit,yes,derived,unconfirmed,suspension,0,3,yes,yes,645,original text kept; sections added from the listing's own statements,0,package contents,batch-2
2252,Old Man Emu Steering Stabiliser for 1999–2009 Nissan Patrol Y61 — OMESD01,suspension,Brand New,P5,,no,,,,0,6,yes,yes,803,not started,0,,
2253,Old Man Emu BP-51 Front Bypass Shock for Nissan Patrol Y61 — BP5160040,suspension,Brand New,P5,,no,,,,0,6,yes,yes,1074,not started,0,,
2254,Old Man Emu BP-51 Rear Bypass Shock for Nissan Patrol Y61 — BP5160041,suspension,Brand New,P5,,no,,,,0,6,yes,yes,1072,not started,0,,
2255,Old Man Emu MT64 Rear Right Shock for 2015-on Toyota Hilux — MT64601001R,suspension,Brand New,P5,,no,,,,0,4,yes,yes,748,not started,0,,
2256,Old Man Emu MT64 Rear Left Shock for 2015-on Toyota Hilux — MT64601001L,suspension,Brand New,P5,,no,,,,0,4,yes,yes,744,not started,0,,
2257,"Dobinsons Black Deluxe Bull Bar for 2016-on Toyota Land Cruiser 76, 78 & 79 Series (Big Chassis) — BU59-3724",bumper,Brand New,P5,,no,,,,0,7,yes,yes,1250,not started,0,,
2258,"Dobinsons Classic Black Bull Bar for 2007–2016 Toyota Land Cruiser 76, 78 & 79 Series (Narrow Chassis) — BU59-3506",bumper,Brand New,P5,,no,,,,0,7,yes,yes,1257,not started,0,,
2259,Dobinsons Classic Black Bull Bar for Toyota Land Cruiser 100 Series — BU59-3508,bumper,Brand New,P5,,no,,,,0,7,yes,yes,1259,not started,0,,
2260,Dobinsons SS Loop Deluxe Bull Bar for Toyota Land Cruiser 100 Series — BU59-3658,bumper,Brand New,P5,,no,,,,0,7,yes,yes,1269,not started,0,,
2261,Dobinsons Classic Black Bull Bar for Toyota Land Cruiser Prado 150 Series — BU59-3512,bumper,Brand New,P5,,no,,,,0,7,yes,yes,1228,not started,0,,
2262,Dobinsons Black Deluxe Bull Bar for Toyota Land Cruiser Prado 150 Series — BU59-3697,bumper,Brand New,P5,,no,,,,0,7,yes,yes,1226,not started,0,,
2263,Dobinsons Classic Black Bull Bar for Toyota Land Cruiser Prado 120 Series — BU59-3511,bumper,Brand New,P5,,yes,derived,stated,,0,7,yes,yes,1284,original text kept; sections added from the listing's own statements,1,,batch-2 (stated only)
2264,Dobinsons Black Deluxe Bull Bar for 2005–2010 Nissan Patrol Y61 GU Wagon — BU45-3691,bumper,Brand New,P5,,no,,,,0,5,yes,yes,1207,not started,0,,
2265,Dobinsons Rear Bumper with Swing-Outs for Toyota Land Cruiser 79 Series — BW80-4143,bumper,Brand New,P5,,yes,derived,partial,,5,6,yes,yes,1395,original text kept; sections added from the listing's own statements,1,remaining contents not confirmed,batch-2 (stated only)
2266,Dobinsons Rear Bumper with Swing-Outs for 1998–2004 Nissan Patrol Y61 GU — BW80-4110,bumper,Brand New,P5,,yes,derived,stated,,0,5,yes,yes,1078,original text kept; sections added from the listing's own statements,1,,batch-2 (stated only)
2267,Dobinsons Adjustable Rear Lower Trailing Arms (Pair) for 1990–1997 Toyota Land Cruiser 80 Series & Lexus LX450 — WA59-556K,suspension,Brand New,P3,suspension-kit,yes,derived,unconfirmed,suspension,0,6,yes,yes,1028,original text kept; sections added from the listing's own statements,0,package contents,batch-2
2268,Dobinsons Adjustable Rear Upper Trailing Arms (Pair) for 1990–1997 Toyota Land Cruiser 80 Series & Lexus LX450 — WA59-545K,suspension,Brand New,P3,suspension-kit,yes,derived,unconfirmed,suspension,0,6,yes,yes,861,original text kept; sections added from the listing's own statements,0,package contents,batch-2
2269,Dobinsons Front Differential Drop Kit for Toyota Land Cruiser 100 Series & Lexus LX470 — DD59-532K,suspension,Brand New,P2,transfer-case-differential,yes,derived,listed,drivetrain,3,3,yes,yes,833,original text kept; sections added from the listing's own statements,0,,batch-1
2270,ARB Deluxe Winch Bull Bar for 1990–1997 Toyota Land Cruiser 80 Series — 3411050,bumper,Brand New,P5,,no,,,,0,5,yes,yes,1107,not started,0,,
2271,ARB Summit Front Winch Bumper with Fitting Kit for 2016–2021 Toyota Land Cruiser 200 Series — 3415250B,bumper,Brand New,P5,,no,,,,0,6,yes,yes,1126,not started,0,,
2272,ARB Sahara Bar Front Bumper for 2007–2012 Toyota Land Cruiser 200 Series — 3915050,bumper,Brand New,P5,,no,,,,0,6,yes,yes,821,not started,0,,
2273,ARB Rear Bumper for 2015–2021 Toyota Land Cruiser 200 Series — 5615040,bumper,Brand New,P5,,yes,derived,stated,,0,5,yes,yes,904,original text kept; sections added from the listing's own statements,1,,batch-2 (stated only)
2274,Bilstein B8 5112 2 in Front Leveling Kit for 2014–2024 Ram 2500 4WD — 46-302137,suspension,Brand New,P3,suspension-kit,yes,derived,partial,suspension,3,5,yes,yes,895,original text kept; sections added from the listing's own statements,0,remaining contents not confirmed,batch-2
2275,Bilstein B8 5162 2 in Front Leveling Kit for 2014–2023 Ram 2500 4WD Diesel — 46-263889,suspension,Brand New,P3,suspension-kit,yes,derived,partial,suspension,4,6,yes,yes,913,original text kept; sections added from the listing's own statements,0,remaining contents not confirmed,batch-2
2276,Bilstein B8 5162 2 in Front Leveling Kit for 2013–2023 Ram 3500 4WD Diesel — 46-264503,suspension,Brand New,P3,suspension-kit,yes,derived,partial,suspension,4,6,yes,yes,831,original text kept; sections added from the listing's own statements,0,remaining contents not confirmed,batch-2
2277,King Shocks 2.5 Performance Remote-Reservoir Front Shocks (Pair) for Toyota Land Cruiser 79 Series 4WD — 25001-363,suspension,Brand New,P3,suspension-kit,yes,derived,unconfirmed,suspension,0,5,yes,yes,699,original text kept; sections added from the listing's own statements,0,package contents,batch-2
2278,King Shocks 2.5 Performance Remote-Reservoir Rear Shocks (Pair) for Toyota Land Cruiser 79 Series 4WD — 25001-364,suspension,Brand New,P3,suspension-kit,yes,derived,unconfirmed,suspension,0,5,yes,yes,696,original text kept; sections added from the listing's own statements,0,package contents,batch-2
2279,King Shocks 2.5 Performance Remote-Reservoir Rear Shocks (Pair) for 2008–2021 Toyota Land Cruiser 200 Series 4WD — 25001-267,suspension,Brand New,P3,suspension-kit,yes,derived,unconfirmed,suspension,0,5,yes,yes,707,original text kept; sections added from the listing's own statements,0,package contents,batch-2
2280,King Shocks 2.5 Performance Remote-Reservoir Rear Shocks (Pair) for Toyota Land Cruiser 100 Series 4WD — 25001-258,suspension,Brand New,P3,suspension-kit,yes,derived,unconfirmed,suspension,0,5,yes,yes,697,original text kept; sections added from the listing's own statements,0,package contents,batch-2
2281,King Shocks 2.5 Performance Piggyback Adjustable Rear Shocks (Pair) for 1989–1997 Toyota Land Cruiser 80 Series 4WD — 25001-257A,suspension,Brand New,P3,suspension-kit,yes,derived,unconfirmed,suspension,0,7,yes,yes,667,original text kept; sections added from the listing's own statements,0,package contents,batch-2
2282,ICON Tubular Upper Control Arm Kit with Delta Joint for 2005–2021 Toyota Hilux — 58450DJ,suspension,Brand New,P3,suspension-kit,yes,derived,unconfirmed,suspension,0,5,yes,yes,882,original text kept; sections added from the listing's own statements,0,package contents,batch-2
2283,ICON Billet Aluminium Upper Control Arm Kit with Delta Joint for 2005–2021 Toyota Hilux — 58550DJ,suspension,Brand New,P3,suspension-kit,yes,derived,unconfirmed,suspension,0,5,yes,yes,822,original text kept; sections added from the listing's own statements,0,package contents,batch-2
2284,ICON 2.5 Remote-Reservoir Front Coilovers (Pair) for 2008–2021 Toyota Land Cruiser 200 Series — 58760,suspension,Brand New,P3,suspension-kit,yes,derived,unconfirmed,suspension,0,7,yes,yes,948,original text kept; sections added from the listing's own statements,0,package contents,batch-2
2285,"ICON 2.5 Remote-Reservoir Front Shocks (Pair) for 1990–1997 Toyota Land Cruiser 80 Series 4WD, 0–3 in Lift — 57801P",suspension,Brand New,P3,suspension-kit,yes,derived,unconfirmed,suspension,0,5,yes,yes,659,original text kept; sections added from the listing's own statements,0,package contents,batch-2
2286,ICON 2.5 Internal-Reservoir Extended-Travel Front Coilovers (Pair) for 2005–2015 Toyota Hilux — 58635,suspension,Brand New,P3,suspension-kit,yes,derived,unconfirmed,suspension,0,4,yes,yes,698,original text kept; sections added from the listing's own statements,0,package contents,batch-2
2287,Dobinsons Twin-Tube Front Shocks (Pair) for 1990–1997 Toyota Land Cruiser 80 Series 4WD — GS45-912,suspension,Brand New,P3,suspension-kit,yes,derived,unconfirmed,suspension,0,4,yes,yes,713,original text kept; sections added from the listing's own statements,0,package contents,batch-2
2288,Dobinsons IMS Rear Shocks (Pair) for 2007–2021 Toyota Land Cruiser 200 Series 4WD — IMS59-60682,suspension,Brand New,P3,suspension-kit,yes,derived,unconfirmed,suspension,0,7,yes,yes,837,original text kept; sections added from the listing's own statements,0,package contents,batch-2
2289,Dobinsons Twin-Tube Monster Rear Shocks (Pair) for 2008–2021 Toyota Land Cruiser 200 Series 4WD — GS59-698,suspension,Brand New,P3,suspension-kit,yes,derived,unconfirmed,suspension,0,4,yes,yes,677,original text kept; sections added from the listing's own statements,0,package contents,batch-2
2290,Dobinsons Monster Front Struts (Pair) for 2007–2021 Toyota Land Cruiser 200 Series 4WD — GS59-734,suspension,Brand New,P3,suspension-kit,yes,derived,unconfirmed,suspension,0,4,yes,yes,669,original text kept; sections added from the listing's own statements,0,package contents,batch-2
2291,"ARB Air Locker — Toyota 8.9"" Rear, 32-Spline, 12-Bolt Ring Gear — 2016–2023 Toyota Tacoma — RD232",4x4-accessories,Brand New,P5,,yes,derived,partial,,5,7,yes,yes,1662,original text kept; sections added from the listing's own statements,2,remaining contents not confirmed,batch-2 (stated only)
2292,"ARB Air Locker — Toyota 8.4"" Rear, 30-Spline — 1996–2015 Toyota Tacoma & 2000–2006 Tundra — RD129",4x4-accessories,Brand New,P5,,yes,derived,partial,,5,7,yes,yes,1662,original text kept; sections added from the listing's own statements,2,remaining contents not confirmed,batch-2 (stated only)
2293,"ARB Air Locker — Toyota 9.5"" Rear, 32-Spline — 2007–2021 Toyota Tundra & 1998–2021 Land Cruiser — RD152",4x4-accessories,Brand New,P5,,yes,derived,partial,,5,7,yes,yes,1668,original text kept; sections added from the listing's own statements,2,remaining contents not confirmed,batch-2 (stated only)
2294,"ARB Air Locker — Toyota 9.5"" Rear, 32-Spline, 12-Bolt Ring Gear — 2022–2024 Toyota Tundra — RD264",4x4-accessories,Brand New,P5,,yes,derived,partial,,5,7,yes,yes,1649,original text kept; sections added from the listing's own statements,2,remaining contents not confirmed,batch-2 (stated only)
2295,"ARB Air Locker — Toyota 12-Bolt Rear, 30-Spline, 50 mm Bearing — Toyota Land Cruiser to 1997 & Lexus LX450 — RD142",4x4-accessories,Brand New,P5,,yes,derived,partial,,5,7,yes,yes,1678,original text kept; sections added from the listing's own statements,2,remaining contents not confirmed,batch-2 (stated only)
2296,"ARB Air Locker — Toyota 12-Bolt Rear, 30-Spline, C-Clip, 50 mm Bearing — Toyota Land Cruiser to 1992 & Lexus LX450 — RD153",4x4-accessories,Brand New,P5,,yes,derived,partial,,5,7,yes,yes,1686,original text kept; sections added from the listing's own statements,2,remaining contents not confirmed,batch-2 (stated only)
2297,"ARB Air Locker — Sterling 10.25"" / 10.5"" Rear, 35-Spline — 1999–2016 Ford F-250 / F-350 Super Duty — RD140",4x4-accessories,Brand New,P5,,yes,derived,partial,,5,7,yes,yes,1683,original text kept; sections added from the listing's own statements,2,remaining contents not confirmed,batch-2 (stated only)
2298,"ARB Air Locker — AAM 11.5"" Rear, 30-Spline — 2003–2019 Dodge / Ram 2500 & 3500 — RD139",4x4-accessories,Brand New,P5,,yes,derived,partial,,5,7,yes,yes,1649,original text kept; sections added from the listing's own statements,2,remaining contents not confirmed,batch-2 (stated only)
2299,"ARB Air Locker — GM 14-Bolt 10.5"" Full-Float Rear, 30-Spline — 1989–2000 Chevrolet / GMC C/K 2500 & 3500 — RD114",4x4-accessories,Brand New,P5,,yes,derived,partial,,5,7,yes,yes,1689,original text kept; sections added from the listing's own statements,2,remaining contents not confirmed,batch-2 (stated only)
2300,"ARB Air Locker — GM 14-Bolt 9.5"" Semi-Float / AAM 9.25"", 33-Spline, 3.23 & Up — 1992–2000 GM C/K 1500 & 2500 and 2003–2006 Dodge Ram 2500 / 3500 — RD197",4x4-accessories,Brand New,P5,,yes,derived,partial,,5,7,yes,yes,1734,original text kept; sections added from the listing's own statements,2,remaining contents not confirmed,batch-2 (stated only)
2301,"ARB Air Locker — AAM 9.25"" Front, 33-Spline — 2007–2020 Dodge / Ram 2500 & 3500 — RD254",4x4-accessories,Brand New,P5,,yes,derived,partial,,5,7,yes,yes,1651,original text kept; sections added from the listing's own statements,2,remaining contents not confirmed,batch-2 (stated only)
2302,"ARB Air Locker — Dana 60 Full-Float Rear, 30-Spline, 4.56 & Up — 1994–2003 Dodge Ram 2500 / 3500 — RD162",4x4-accessories,Brand New,P5,,yes,derived,partial,,5,7,yes,yes,1676,original text kept; sections added from the listing's own statements,2,remaining contents not confirmed,batch-2 (stated only)
2303,"ARB Air Locker — Dana 60 Full-Float Rear, 30-Spline, 4.10 & Down — 1994–2003 Dodge Ram 2500 / 3500 — RD163",4x4-accessories,Brand New,P5,,yes,derived,partial,,5,7,yes,yes,1680,original text kept; sections added from the listing's own statements,2,remaining contents not confirmed,batch-2 (stated only)
2304,"ARB Air Locker — Dana 60 Front, 32-Spline, 4.56 & Up — 1994–2002 Dodge Ram 2500 & 2000–2002 Ram 3500 — RD164",4x4-accessories,Brand New,P5,,yes,derived,partial,,5,7,yes,yes,1670,original text kept; sections added from the listing's own statements,2,remaining contents not confirmed,batch-2 (stated only)
2305,"ARB Air Locker — Dana 60 Front, 32-Spline, 4.10 & Down — 1994–2002 Dodge Ram 2500 & 2000–2002 Ram 3500 — RD165",4x4-accessories,Brand New,P5,,yes,derived,partial,,5,7,yes,yes,1674,original text kept; sections added from the listing's own statements,2,remaining contents not confirmed,batch-2 (stated only)
2306,"ARB Air Locker — GM 10-Bolt 8.5"" Rear, 30-Spline — 1988–1999 Chevrolet / GMC K1500, Tahoe & Yukon — RD222",4x4-accessories,Brand New,P5,,yes,derived,partial,,5,7,yes,yes,1682,original text kept; sections added from the listing's own statements,2,remaining contents not confirmed,batch-2 (stated only)
2307,"ARB Air Locker — GM 10-Bolt 8.5"" Front, 28-Spline — 1988–1999 Chevrolet / GMC K1500 & 1995–2008 Tahoe — RD221",4x4-accessories,Brand New,P5,,yes,derived,partial,,5,7,yes,yes,1687,original text kept; sections added from the listing's own statements,2,remaining contents not confirmed,batch-2 (stated only)
2308,ARB Single Motor Onboard 12V Air Compressor — CKMA12,4x4-accessories,Brand New,P5,,no,,,,0,11,yes,yes,1160,not started,0,,
2309,ARB Twin Motor Onboard 12V Air Compressor — CKMTA12,4x4-accessories,Brand New,P5,,no,,,,0,10,yes,yes,979,not started,0,,
2310,ARB Brushless Single Motor Onboard 12V Air Compressor — CKBLA12,4x4-accessories,Brand New,P5,,no,,,,0,10,yes,yes,1093,not started,0,,
2311,ARB Brushless Twin Motor Onboard 12V Air Compressor — CKBLTA12,4x4-accessories,Brand New,P5,,no,,,,0,10,yes,yes,888,not started,0,,
2312,ARB Single Motor Portable 12V Air Compressor — CKMP12V2,4x4-accessories,Brand New,P5,,no,,,,0,11,yes,yes,1085,not started,0,,
2313,ARB Twin Motor Portable 12V Air Compressor — CKMTP12,4x4-accessories,Brand New,P5,,no,,,,0,11,yes,yes,883,not started,0,,
2314,ARB Brushless Single Motor Portable 12V Air Compressor — CKBLP12,4x4-accessories,Brand New,P5,,no,,,,0,8,yes,yes,799,not started,0,,
2315,ARB Brushless Twin Motor Portable 12V Air Compressor — CKBLTP12,4x4-accessories,Brand New,P5,,no,,,,0,8,yes,yes,798,not started,0,,
2316,ARB Intensity SOLIS 21 Spot LED Driving Light — SJB21S,lighting,Brand New,P5,,no,,,,0,13,yes,yes,1066,not started,0,,
2317,ARB Intensity SOLIS 21 Flood LED Driving Light — SJB21F,lighting,Brand New,P5,,no,,,,0,12,yes,yes,1044,not started,0,,
2318,ARB Intensity SOLIS 36 Spot LED Driving Light — SJB36S,lighting,Brand New,P5,,no,,,,0,13,yes,yes,1103,not started,0,,
2319,ARB Intensity SOLIS 36 Flood LED Driving Light — SJB36F,lighting,Brand New,P5,,no,,,,0,13,yes,yes,1096,not started,0,,
2320,ARB Recovery Point for 2019–2023 Ford Ranger — 2840050,4x4-accessories,Brand New,P5,,no,,,,0,4,yes,yes,825,not started,0,,
2321,ARB Summit MKII Winch Bumper for 2024+ Toyota Tacoma — 3423220B,bumper,Brand New,P5,,no,,,,0,4,yes,yes,878,not started,0,,
2322,ARB Zenith Winch Bumper for 2024+ Toyota Tacoma — 3423230B,bumper,Brand New,P5,,no,,,,0,5,yes,yes,1043,not started,0,,
2324,"Old Man Emu Nitrocharger Plus Suspension Kit for 2016–2023 Toyota Tacoma — Front 2 in / 0–220 lb, Rear 0 in / 0 lb — 1006K",suspension,Brand New,P3,suspension-kit,yes,derived,unconfirmed,suspension,0,7,yes,yes,1469,original text kept; sections added from the listing's own statements,1,package contents,batch-2
2325,"Old Man Emu Nitrocharger Plus Suspension Kit for 2016–2023 Toyota Tacoma — Front 2 in / 220–330 lb, Rear 0 in / 0 lb — 1007K",suspension,Brand New,P3,suspension-kit,yes,derived,unconfirmed,suspension,0,7,yes,yes,1473,original text kept; sections added from the listing's own statements,1,package contents,batch-2
2326,"Old Man Emu Nitrocharger Plus Suspension Kit for 2016–2023 Toyota Tacoma — Front 2 in / 0–220 lb, Rear 1.25 in / 0 lb — 1008K",suspension,Brand New,P3,suspension-kit,yes,derived,unconfirmed,suspension,0,7,yes,yes,1472,original text kept; sections added from the listing's own statements,1,package contents,batch-2
2327,"Old Man Emu Nitrocharger Plus Suspension Kit for 2016–2023 Toyota Tacoma — Front 2 in / 220–330 lb, Rear 1.25 in / 0 lb — 1009K",suspension,Brand New,P3,suspension-kit,yes,derived,unconfirmed,suspension,0,7,yes,yes,1476,original text kept; sections added from the listing's own statements,1,package contents,batch-2
2328,"Old Man Emu Nitrocharger Plus Suspension Kit for 2016–2023 Toyota Tacoma — Front 2 in / 0–220 lb, Rear 2 in / 0 lb — 1010K",suspension,Brand New,P3,suspension-kit,yes,derived,unconfirmed,suspension,0,7,yes,yes,1469,original text kept; sections added from the listing's own statements,1,package contents,batch-2
2329,"Old Man Emu Nitrocharger Plus Suspension Kit for 2016–2023 Toyota Tacoma — Front 2 in / 220–330 lb, Rear 2 in / 0 lb — 1011K",suspension,Brand New,P3,suspension-kit,yes,derived,unconfirmed,suspension,0,7,yes,yes,1473,original text kept; sections added from the listing's own statements,1,package contents,batch-2
2330,"Old Man Emu Nitrocharger Plus Suspension Kit for 2016–2023 Toyota Tacoma — Front 2 in / 220–330 lb, Rear 2 in / 600 lb — 1013K",suspension,Brand New,P3,suspension-kit,yes,derived,unconfirmed,suspension,0,7,yes,yes,1477,original text kept; sections added from the listing's own statements,1,package contents,batch-2
2331,"Old Man Emu Nitrocharger Plus Suspension Kit for 2010–2024 Toyota 4Runner — Front 2.5 in / 0 lb, Rear 0 in / 0 lb — 2008K",suspension,Brand New,P3,suspension-kit,yes,derived,unconfirmed,suspension,0,7,yes,yes,1465,original text kept; sections added from the listing's own statements,1,package contents,batch-2
2332,"Old Man Emu Nitrocharger Plus Suspension Kit for 2010–2024 Toyota 4Runner — Front 2.5 in / 220–330 lb, Rear 0 in / 0 lb — 2009K",suspension,Brand New,P3,suspension-kit,yes,derived,unconfirmed,suspension,0,7,yes,yes,1477,original text kept; sections added from the listing's own statements,1,package contents,batch-2
2333,"Old Man Emu Nitrocharger Plus Suspension Kit for 2010–2024 Toyota 4Runner — Front 2.5 in / 0 lb, Rear 2 in / 0 lb — 2010K",suspension,Brand New,P3,suspension-kit,yes,derived,unconfirmed,suspension,0,7,yes,yes,1465,original text kept; sections added from the listing's own statements,1,package contents,batch-2
2334,"Old Man Emu Nitrocharger Plus Suspension Kit for 2010–2024 Toyota 4Runner — Front 2.5 in / 220–330 lb, Rear 2 in / 0 lb — 2011K",suspension,Brand New,P3,suspension-kit,yes,derived,unconfirmed,suspension,0,7,yes,yes,1477,original text kept; sections added from the listing's own statements,1,package contents,batch-2
2335,"Old Man Emu Nitrocharger Plus Suspension Kit for 2010–2024 Toyota 4Runner — Front 2.5 in / 0 lb, Rear 2 in / 440 lb — 2012K",suspension,Brand New,P3,suspension-kit,yes,derived,unconfirmed,suspension,0,7,yes,yes,1469,original text kept; sections added from the listing's own statements,1,package contents,batch-2
2336,"Old Man Emu Nitrocharger Plus Suspension Kit for 2010–2024 Toyota 4Runner — Front 2.5 in / 220–330 lb, Rear 2 in / 440 lb — 2013K",suspension,Brand New,P3,suspension-kit,yes,derived,unconfirmed,suspension,0,7,yes,yes,1481,original text kept; sections added from the listing's own statements,1,package contents,batch-2
2337,"Old Man Emu Nitrocharger Plus Suspension Kit for 2010–2024 Toyota 4Runner — Front 2.5 in / 0 lb, Rear 2 in / 880 lb — 2014K",suspension,Brand New,P3,suspension-kit,yes,derived,unconfirmed,suspension,0,7,yes,yes,1469,original text kept; sections added from the listing's own statements,1,package contents,batch-2
2338,"Old Man Emu Nitrocharger Plus Suspension Kit for 2010–2024 Toyota 4Runner — Front 2.5 in / 220–330 lb, Rear 2 in / 880 lb — 2015K",suspension,Brand New,P3,suspension-kit,yes,derived,unconfirmed,suspension,0,7,yes,yes,1481,original text kept; sections added from the listing's own statements,1,package contents,batch-2
2339,"Old Man Emu Nitrocharger Plus Suspension Kit for 2007–2021 Toyota Tundra — Front 2.35 in / 0–330 lb, Rear 0 in / 0 lb — 3001K",suspension,Brand New,P3,suspension-kit,yes,derived,unconfirmed,suspension,0,7,yes,yes,1472,original text kept; sections added from the listing's own statements,1,package contents,batch-2
2340,"Old Man Emu Nitrocharger Plus Suspension Kit for 2007–2021 Toyota Tundra — Front 2.35 in / 0–330 lb, Rear 2 in / 0 lb — 3002K",suspension,Brand New,P3,suspension-kit,yes,derived,unconfirmed,suspension,0,7,yes,yes,1472,original text kept; sections added from the listing's own statements,1,package contents,batch-2
2341,"Old Man Emu Nitrocharger Plus Suspension Kit for 2022+ Toyota Tundra — Front 3 in / 0–330 lb, Rear 0 in / 0 lb — 3003K",suspension,Brand New,P3,suspension-kit,yes,derived,unconfirmed,suspension,0,7,yes,yes,1465,original text kept; sections added from the listing's own statements,1,package contents,batch-2
2342,"Old Man Emu Nitrocharger Plus Suspension Kit with Upper Control Arms for 2022+ Toyota Tundra — Front 3 in / 0–330 lb, Rear 0 in / 0 lb — 3004K",suspension,Brand New,P3,suspension-kit,yes,derived,unconfirmed,suspension,0,7,yes,yes,1613,original text kept; sections added from the listing's own statements,1,package contents,batch-2
2343,"Old Man Emu Nitrocharger Plus Suspension Kit for 2022+ Toyota Tundra — Front 3 in / 0–330 lb, Rear 2 in / 0 lb — 3005K",suspension,Brand New,P3,suspension-kit,yes,derived,unconfirmed,suspension,0,7,yes,yes,1465,original text kept; sections added from the listing's own statements,1,package contents,batch-2
2344,"Old Man Emu Nitrocharger Plus Suspension Kit with Upper Control Arms for 2022+ Toyota Tundra — Front 3 in / 0–330 lb, Rear 2 in / 0 lb — 3006K",suspension,Brand New,P3,suspension-kit,yes,derived,unconfirmed,suspension,0,7,yes,yes,1613,original text kept; sections added from the listing's own statements,1,package contents,batch-2
2345,"Old Man Emu Nitrocharger Plus Suspension Kit for 2022+ Toyota Tundra — Front 3 in / 0–330 lb, Rear 2 in / 440 lb — 3007K",suspension,Brand New,P3,suspension-kit,yes,derived,unconfirmed,suspension,0,7,yes,yes,1469,original text kept; sections added from the listing's own statements,1,package contents,batch-2
2346,"Old Man Emu Nitrocharger Plus Suspension Kit with Upper Control Arms for 2022+ Toyota Tundra — Front 3 in / 0–330 lb, Rear 2 in / 440 lb — 3008K",suspension,Brand New,P3,suspension-kit,yes,derived,unconfirmed,suspension,0,7,yes,yes,1617,original text kept; sections added from the listing's own statements,1,package contents,batch-2
2347,"Old Man Emu MT64 Suspension Kit with Upper Control Arms for 2024+ Toyota Tacoma — Front 3 in / 220–330 lb, Rear 2 in / 0 lb — 1119K",suspension,Brand New,P3,suspension-kit,yes,derived,unconfirmed,suspension,0,7,yes,yes,1702,original text kept; sections added from the listing's own statements,1,package contents,batch-2
2348,"Old Man Emu MT64 Suspension Kit for 2024+ Toyota Tacoma — Front 3 in / 220–330 lb, Rear 2 in / 0 lb — 1120K",suspension,Brand New,P3,suspension-kit,yes,derived,unconfirmed,suspension,0,7,yes,yes,1554,original text kept; sections added from the listing's own statements,1,package contents,batch-2
2349,"Old Man Emu MT64 Suspension Kit with Upper Control Arms for 2024+ Toyota Tacoma — Front 3 in / 220–330 lb, Rear 2 in / 440 lb — 1122K",suspension,Brand New,P3,suspension-kit,yes,derived,unconfirmed,suspension,0,7,yes,yes,1706,original text kept; sections added from the listing's own statements,1,package contents,batch-2
2350,"Old Man Emu MT64 Suspension Kit for 2024+ Toyota Tacoma — Front 3 in / 220–330 lb, Rear 2 in / 440 lb — 1123K",suspension,Brand New,P3,suspension-kit,yes,derived,unconfirmed,suspension,0,7,yes,yes,1558,original text kept; sections added from the listing's own statements,1,package contents,batch-2
2351,"Old Man Emu MT64 Suspension Kit with Upper Control Arms for 2024+ Toyota Tacoma — Front 3 in / 220–330 lb, Rear 2 in / 880 lb — 1124K",suspension,Brand New,P3,suspension-kit,yes,derived,unconfirmed,suspension,0,7,yes,yes,1706,original text kept; sections added from the listing's own statements,1,package contents,batch-2
2352,"Old Man Emu MT64 Suspension Kit for 2024+ Toyota Tacoma — Front 3 in / 220–330 lb, Rear 2 in / 880 lb — 1125K",suspension,Brand New,P3,suspension-kit,yes,derived,unconfirmed,suspension,0,7,yes,yes,1558,original text kept; sections added from the listing's own statements,1,package contents,batch-2
2353,"Old Man Emu MT64 Suspension Kit for 2025+ Toyota 4Runner — Front 3 in / 0 lb, Rear 0 in / 0 lb — 2132K",suspension,Brand New,P3,suspension-kit,yes,derived,unconfirmed,suspension,0,7,yes,yes,1544,original text kept; sections added from the listing's own statements,1,package contents,batch-2
2354,"Old Man Emu MT64 Suspension Kit with Upper Control Arms for 2025+ Toyota 4Runner — Front 3 in / 0 lb, Rear 0 in / 0 lb — 2133K",suspension,Brand New,P3,suspension-kit,yes,derived,unconfirmed,suspension,0,7,yes,yes,1692,original text kept; sections added from the listing's own statements,1,package contents,batch-2
2355,"Old Man Emu MT64 Suspension Kit for 2025+ Toyota 4Runner — Front 3 in / 0 lb, Rear 2 in / 0 lb — 2134K",suspension,Brand New,P3,suspension-kit,yes,derived,unconfirmed,suspension,0,7,yes,yes,1544,original text kept; sections added from the listing's own statements,1,package contents,batch-2
2356,"Old Man Emu MT64 Suspension Kit with Upper Control Arms for 2025+ Toyota 4Runner — Front 3 in / 0 lb, Rear 2 in / 0 lb — 2135K",suspension,Brand New,P3,suspension-kit,yes,derived,unconfirmed,suspension,0,7,yes,yes,1692,original text kept; sections added from the listing's own statements,1,package contents,batch-2
2357,Old Man Emu MT64 Suspension Kit for 2025+ Toyota 4Runner — Front 3 in / 0 lb — 2136K,suspension,Brand New,P3,suspension-kit,yes,derived,unconfirmed,suspension,0,6,yes,yes,1507,original text kept; sections added from the listing's own statements,1,package contents,batch-2
2358,"Old Man Emu MT64 Suspension Kit for 2022+ Toyota Tundra — Front 1.75–3 in / 0 lb, Rear 0 in / 0 lb — 3101K",suspension,Brand New,P3,suspension-kit,yes,derived,unconfirmed,suspension,0,7,yes,yes,1553,original text kept; sections added from the listing's own statements,1,package contents,batch-2
2359,"Old Man Emu MT64 Suspension Kit for 2022+ Toyota Tundra — Front 1.75–3 in / 0 lb, Rear 2 in / 0 lb — 3102K",suspension,Brand New,P3,suspension-kit,yes,derived,unconfirmed,suspension,0,7,yes,yes,1553,original text kept; sections added from the listing's own statements,1,package contents,batch-2
2360,"Old Man Emu MT64 Suspension Kit with Upper Control Arms for 2022+ Toyota Tundra — Front 1.75–3 in / 0 lb, Rear 2 in / 0 lb — 3103K",suspension,Brand New,P3,suspension-kit,yes,derived,unconfirmed,suspension,0,7,yes,yes,1701,original text kept; sections added from the listing's own statements,1,package contents,batch-2
2361,"Old Man Emu MT64 Suspension Kit for 2022+ Toyota Tundra — Front 1.75–3 in / 0 lb, Rear 2 in / 440 lb — 3104K",suspension,Brand New,P3,suspension-kit,yes,derived,unconfirmed,suspension,0,7,yes,yes,1557,original text kept; sections added from the listing's own statements,1,package contents,batch-2
2362,"Old Man Emu MT64 Suspension Kit with Upper Control Arms for 2022+ Toyota Tundra — Front 1.75–3 in / 0 lb, Rear 2 in / 440 lb — 3105K",suspension,Brand New,P3,suspension-kit,yes,derived,unconfirmed,suspension,0,7,yes,yes,1705,original text kept; sections added from the listing's own statements,1,package contents,batch-2
2363,"Old Man Emu MT64 Suspension Kit with Upper Control Arms for 2022+ Toyota Tundra — Front 3 in / 220–330 lb, Rear 2 in / 0 lb — 3108K",suspension,Brand New,P3,suspension-kit,yes,derived,unconfirmed,suspension,0,7,yes,yes,1702,original text kept; sections added from the listing's own statements,1,package contents,batch-2
2364,"Old Man Emu MT64 Suspension Kit for 2022+ Toyota Tundra — Front 3 in / 220–330 lb, Rear 2 in / 0 lb — 3109K",suspension,Brand New,P3,suspension-kit,yes,derived,unconfirmed,suspension,0,7,yes,yes,1554,original text kept; sections added from the listing's own statements,1,package contents,batch-2
2365,"Old Man Emu MT64 Suspension Kit for 2022+ Toyota Tundra — Front 3 in / 220–330 lb, Rear 0 in / 0 lb — 3110K",suspension,Brand New,P3,suspension-kit,yes,derived,unconfirmed,suspension,0,7,yes,yes,1554,original text kept; sections added from the listing's own statements,1,package contents,batch-2
2366,"Old Man Emu MT64 Suspension Kit with Upper Control Arms for 2022+ Toyota Tundra — Front 3 in / 220–330 lb, Rear 2 in / 440 lb — 3111K",suspension,Brand New,P3,suspension-kit,yes,derived,unconfirmed,suspension,0,7,yes,yes,1706,original text kept; sections added from the listing's own statements,1,package contents,batch-2
2367,"Old Man Emu MT64 Suspension Kit for 2022+ Toyota Tundra — Front 3 in / 220–330 lb, Rear 2 in / 440 lb — 3112K",suspension,Brand New,P3,suspension-kit,yes,derived,unconfirmed,suspension,0,7,yes,yes,1558,original text kept; sections added from the listing's own statements,1,package contents,batch-2
2368,"Old Man Emu BP-51 Suspension Kit for 2024+ Toyota Tacoma — Front 3 in / 0–330 lb, Rear 2 in / 0 lb — 1208K",suspension,Brand New,P3,suspension-kit,yes,derived,unconfirmed,suspension,0,7,yes,yes,1474,original text kept; sections added from the listing's own statements,1,package contents,batch-2
2369,"Old Man Emu BP-51 Suspension Kit with Upper Control Arms for 2024+ Toyota Tacoma — Front 3 in / 0–330 lb, Rear 2 in / 0 lb — 1209K",suspension,Brand New,P3,suspension-kit,yes,derived,unconfirmed,suspension,0,7,yes,yes,1622,original text kept; sections added from the listing's own statements,1,package contents,batch-2
2370,"Old Man Emu BP-51 Suspension Kit for 2024+ Toyota Tacoma — Front 3 in / 0–330 lb, Rear 2 in / 440 lb — 1210K",suspension,Brand New,P3,suspension-kit,yes,derived,unconfirmed,suspension,0,7,yes,yes,1478,original text kept; sections added from the listing's own statements,1,package contents,batch-2
2371,"Old Man Emu BP-51 Suspension Kit with Upper Control Arms for 2024+ Toyota Tacoma — Front 3 in / 0–330 lb, Rear 2 in / 440 lb — 1211K",suspension,Brand New,P3,suspension-kit,yes,derived,unconfirmed,suspension,0,7,yes,yes,1626,original text kept; sections added from the listing's own statements,1,package contents,batch-2
2372,"Old Man Emu BP-51 Suspension Kit for 2024+ Toyota Tacoma — Front 3 in / 0–330 lb, Rear 2 in / 880 lb — 1212K",suspension,Brand New,P3,suspension-kit,yes,derived,unconfirmed,suspension,0,7,yes,yes,1478,original text kept; sections added from the listing's own statements,1,package contents,batch-2
2373,"Old Man Emu BP-51 Suspension Kit with Upper Control Arms for 2024+ Toyota Tacoma — Front 3 in / 0–330 lb, Rear 2 in / 880 lb — 1213K",suspension,Brand New,P3,suspension-kit,yes,derived,unconfirmed,suspension,0,7,yes,yes,1626,original text kept; sections added from the listing's own statements,1,package contents,batch-2
2374,"Old Man Emu BP-51 Suspension Kit for 2025+ Toyota 4Runner — Front 3 in / 0–330 lb, Rear 0 in / 0 lb — 2225K",suspension,Brand New,P3,suspension-kit,yes,derived,unconfirmed,suspension,0,7,yes,yes,1476,original text kept; sections added from the listing's own statements,1,package contents,batch-2
2375,"Old Man Emu BP-51 Suspension Kit with Upper Control Arms for 2025+ Toyota 4Runner — Front 3 in / 0–330 lb, Rear 0 in / 0 lb — 2226K",suspension,Brand New,P3,suspension-kit,yes,derived,unconfirmed,suspension,0,7,yes,yes,1624,original text kept; sections added from the listing's own statements,1,package contents,batch-2
2376,"Old Man Emu BP-51 Suspension Kit for 2025+ Toyota 4Runner — Front 3 in / 0–330 lb, Rear 2 in / 0 lb — 2227K",suspension,Brand New,P3,suspension-kit,yes,derived,unconfirmed,suspension,0,7,yes,yes,1476,original text kept; sections added from the listing's own statements,1,package contents,batch-2
2377,Old Man Emu BP-51 Suspension Kit for 2025+ Toyota 4Runner — Front 3 in / 0–330 lb — 2229K,suspension,Brand New,P3,suspension-kit,yes,derived,unconfirmed,suspension,0,6,yes,yes,1439,original text kept; sections added from the listing's own statements,1,package contents,batch-2
2378,Old Man Emu BP-51 Suspension Kit for 2025+ Toyota 4Runner — Rear 0 in / 0 lb — 2230K,suspension,Brand New,P3,suspension-kit,yes,derived,unconfirmed,suspension,0,6,yes,yes,1426,original text kept; sections added from the listing's own statements,1,package contents,batch-2
2379,"Old Man Emu BP-51 Suspension Kit for 2022+ Toyota Tundra — Front 3 in / 0–330 lb, Rear 0 in / 0 lb — 3205K",suspension,Brand New,P3,suspension-kit,yes,derived,unconfirmed,suspension,0,7,yes,yes,1474,original text kept; sections added from the listing's own statements,1,package contents,batch-2
2380,"Old Man Emu BP-51 Suspension Kit with Upper Control Arms for 2022+ Toyota Tundra — Front 3 in / 0–330 lb, Rear 2 in / 0 lb — 3206K",suspension,Brand New,P3,suspension-kit,yes,derived,unconfirmed,suspension,0,7,yes,yes,1622,original text kept; sections added from the listing's own statements,1,package contents,batch-2
2381,"Old Man Emu BP-51 Suspension Kit with Upper Control Arms for 2022+ Toyota Tundra — Front 3 in / 0–330 lb, Rear 2 in / 440 lb — 3207K",suspension,Brand New,P3,suspension-kit,yes,derived,unconfirmed,suspension,0,7,yes,yes,1626,original text kept; sections added from the listing's own statements,1,package contents,batch-2
2418,Old Man Emu BP-51 Suspension Kit for 2024 Toyota Tacoma — Front 3 in / 0–330 lb — 1214K,suspension,Brand New,P3,suspension-kit,yes,derived,unconfirmed,suspension,0,6,yes,yes,1431,original text kept; sections added from the listing's own statements,1,package contents,batch-2
2419,Old Man Emu BP-51 Suspension Kit for 2024 Toyota Land Cruiser — Front 3 in / 0–330 lb — 2223K,suspension,Brand New,P3,suspension-kit,yes,derived,unconfirmed,suspension,0,6,yes,yes,1443,original text kept; sections added from the listing's own statements,1,package contents,batch-2
2420,"Old Man Emu BP-51 Suspension Kit for 2024 Toyota Tacoma — Front 3 in / 0–330 lb, Rear 0 in / 0 lb — 1207K",suspension,Brand New,P3,suspension-kit,yes,derived,unconfirmed,suspension,0,7,yes,yes,1468,original text kept; sections added from the listing's own statements,1,package contents,batch-2
2421,"Old Man Emu BP-51 Suspension Kit for 2024 Toyota Land Cruiser — Front 3 in / 0–330 lb, Rear 0 in / 0 lb — 2216K",suspension,Brand New,P3,suspension-kit,yes,derived,unconfirmed,suspension,0,7,yes,yes,1480,original text kept; sections added from the listing's own statements,1,package contents,batch-2
2422,"Old Man Emu BP-51 Suspension Kit for 2024 Toyota Land Cruiser — Front 3 in / 0–330 lb, Rear 2 in / 0 lb — 2217K",suspension,Brand New,P3,suspension-kit,yes,derived,unconfirmed,suspension,0,7,yes,yes,1480,original text kept; sections added from the listing's own statements,1,package contents,batch-2
2423,"Old Man Emu BP-51 Suspension Kit for 2024 Toyota Land Cruiser — Front 3 in / 0–330 lb, Rear 2 in / 440 lb — 2218K",suspension,Brand New,P3,suspension-kit,yes,derived,unconfirmed,suspension,0,7,yes,yes,1484,original text kept; sections added from the listing's own statements,1,package contents,batch-2
2424,"Old Man Emu BP-51 Suspension Kit for 2024 Toyota Land Cruiser — Front 3 in / 0–330 lb, Rear 2 in / 880 lb — 2219K",suspension,Brand New,P3,suspension-kit,yes,derived,unconfirmed,suspension,0,7,yes,yes,1484,original text kept; sections added from the listing's own statements,1,package contents,batch-2
2425,Old Man Emu BP-51 Suspension Kit for 2024 Toyota Tacoma — Rear 0 in / 0 lb — 1215K,suspension,Brand New,P3,suspension-kit,yes,derived,unconfirmed,suspension,0,6,yes,yes,1418,original text kept; sections added from the listing's own statements,1,package contents,batch-2
2426,Old Man Emu BP-51 Suspension Kit for 2024 Toyota Land Cruiser — Rear 0 in / 0 lb — 2224K,suspension,Brand New,P3,suspension-kit,yes,derived,unconfirmed,suspension,0,6,yes,yes,1430,original text kept; sections added from the listing's own statements,1,package contents,batch-2
2427,Old Man Emu BP-51 Suspension Kit for 2022–2024 Toyota Tundra — Rear 0 in / 0 lb — 3209K,suspension,Brand New,P3,suspension-kit,yes,derived,unconfirmed,suspension,0,6,yes,yes,1428,original text kept; sections added from the listing's own statements,1,package contents,batch-2
2428,"Old Man Emu BP-51 Suspension Kit with Upper Control Arms for 2024 Toyota Land Cruiser — Front 3 in / 0–330 lb, Rear 2 in / 0 lb — 2220K",suspension,Brand New,P3,suspension-kit,yes,derived,unconfirmed,suspension,0,7,yes,yes,1628,original text kept; sections added from the listing's own statements,1,package contents,batch-2
2429,"Old Man Emu BP-51 Suspension Kit with Upper Control Arms for 2024 Toyota Land Cruiser — Front 3 in / 0–330 lb, Rear 2 in / 440 lb — 2221K",suspension,Brand New,P3,suspension-kit,yes,derived,unconfirmed,suspension,0,7,yes,yes,1632,original text kept; sections added from the listing's own statements,1,package contents,batch-2
2430,"Old Man Emu BP-51 Suspension Kit with Upper Control Arms for 2024 Toyota Land Cruiser — Front 3 in / 0–330 lb, Rear 2 in / 880 lb — 2222K",suspension,Brand New,P3,suspension-kit,yes,derived,unconfirmed,suspension,0,7,yes,yes,1632,original text kept; sections added from the listing's own statements,1,package contents,batch-2
2431,Old Man Emu MT64 Suspension Kit for 2024 Lexus GX550 / Toyota Land Cruiser — Front 3 in / 0 lb — 2121K,suspension,Brand New,P3,suspension-kit,yes,derived,unconfirmed,suspension,0,6,yes,yes,1539,original text kept; sections added from the listing's own statements,1,package contents,batch-2
2432,Old Man Emu MT64 Suspension Kit for 2022–2024 Toyota Tundra — Front 1.75–3 in / 0 lb — 3106K,suspension,Brand New,P3,suspension-kit,yes,derived,unconfirmed,suspension,0,6,yes,yes,1514,original text kept; sections added from the listing's own statements,1,package contents,batch-2
2433,"Old Man Emu MT64 Suspension Kit for 2024 Lexus GX550 / Toyota Land Cruiser — Front 3 in / 0 lb, Rear 0 in / 0 lb — 2116K",suspension,Brand New,P3,suspension-kit,yes,derived,unconfirmed,suspension,0,7,yes,yes,1576,original text kept; sections added from the listing's own statements,1,package contents,batch-2
2434,"Old Man Emu MT64 Suspension Kit for 2024 Lexus GX550 / Toyota Land Cruiser — Front 3 in / 0 lb, Rear 2 in / 0 lb — 2117K",suspension,Brand New,P3,suspension-kit,yes,derived,unconfirmed,suspension,0,7,yes,yes,1576,original text kept; sections added from the listing's own statements,1,package contents,batch-2
2435,"Old Man Emu MT64 Suspension Kit for 2024 Lexus GX550 / Toyota Land Cruiser — Front 3 in / 0 lb, Rear 2 in / 440 lb — 2119K",suspension,Brand New,P3,suspension-kit,yes,derived,unconfirmed,suspension,0,7,yes,yes,1580,original text kept; sections added from the listing's own statements,1,package contents,batch-2
2436,Old Man Emu MT64 Suspension Kit for 2024–2026 Toyota Tacoma — Front 3 in / 220–330 lb — 1126K,suspension,Brand New,P3,suspension-kit,yes,derived,unconfirmed,suspension,0,6,yes,yes,1521,original text kept; sections added from the listing's own statements,1,package contents,batch-2
2437,Old Man Emu MT64 Suspension Kit for 2024 Lexus GX550 / Toyota Land Cruiser — Front 3 in / 220–330 lb — 2130K,suspension,Brand New,P3,suspension-kit,yes,derived,unconfirmed,suspension,0,6,yes,yes,1551,original text kept; sections added from the listing's own statements,1,package contents,batch-2
2438,Old Man Emu MT64 Suspension Kit for 2022–2024 Toyota Tundra — Front 3 in / 220–330 lb — 3113K,suspension,Brand New,P3,suspension-kit,yes,derived,unconfirmed,suspension,0,6,yes,yes,1521,original text kept; sections added from the listing's own statements,1,package contents,batch-2
2439,"Old Man Emu MT64 Suspension Kit for 2024–2026 Toyota Tacoma — Front 3 in / 220–330 lb, Rear 0 in / 0 lb — 1121K",suspension,Brand New,P3,suspension-kit,yes,derived,unconfirmed,suspension,0,7,yes,yes,1558,original text kept; sections added from the listing's own statements,1,package contents,batch-2
2440,"Old Man Emu MT64 Suspension Kit for 2024 Lexus GX550 / Toyota Land Cruiser — Front 3 in / 220–330 lb, Rear 0 in / 0 lb — 2125K",suspension,Brand New,P3,suspension-kit,yes,derived,unconfirmed,suspension,0,7,yes,yes,1588,original text kept; sections added from the listing's own statements,1,package contents,batch-2
2441,"Old Man Emu MT64 Suspension Kit for 2024 Lexus GX550 / Toyota Land Cruiser — Front 3 in / 220–330 lb, Rear 2 in / 0 lb — 2124K",suspension,Brand New,P3,suspension-kit,yes,derived,unconfirmed,suspension,0,7,yes,yes,1588,original text kept; sections added from the listing's own statements,1,package contents,batch-2
2442,"Old Man Emu MT64 Suspension Kit for 2024 Lexus GX550 / Toyota Land Cruiser — Front 3 in / 220–330 lb, Rear 2 in / 440 lb — 2127K",suspension,Brand New,P3,suspension-kit,yes,derived,unconfirmed,suspension,0,7,yes,yes,1592,original text kept; sections added from the listing's own statements,1,package contents,batch-2
2443,"Old Man Emu MT64 Suspension Kit for 2024 Lexus GX550 / Toyota Land Cruiser — Front 3 in / 220–330 lb, Rear 2 in / 880 lb — 2129K",suspension,Brand New,P3,suspension-kit,yes,derived,unconfirmed,suspension,0,7,yes,yes,1592,original text kept; sections added from the listing's own statements,1,package contents,batch-2
2444,Old Man Emu MT64 Suspension Kit for 2024 Lexus GX550 / Toyota Land Cruiser — Rear 0 in / 0 lb — 2122K,suspension,Brand New,P3,suspension-kit,yes,derived,unconfirmed,suspension,0,6,yes,yes,1534,original text kept; sections added from the listing's own statements,1,package contents,batch-2
2445,Old Man Emu MT64 Suspension Kit for 2022–2024 Toyota Tundra — Rear 0 in / 0 lb — 3107K,suspension,Brand New,P3,suspension-kit,yes,derived,unconfirmed,suspension,0,6,yes,yes,1504,original text kept; sections added from the listing's own statements,1,package contents,batch-2
2446,Old Man Emu MT64 Suspension Kit for 2024–2026 Toyota Tacoma — Rear 0 in / 440–880 lb — 1127K,suspension,Brand New,P3,suspension-kit,yes,derived,unconfirmed,suspension,0,6,yes,yes,1516,original text kept; sections added from the listing's own statements,1,package contents,batch-2
2447,Old Man Emu MT64 Suspension Kit for 2024 Lexus GX550 / Toyota Land Cruiser — Rear 0 in / 440–880 lb — 2131K,suspension,Brand New,P3,suspension-kit,yes,derived,unconfirmed,suspension,0,6,yes,yes,1546,original text kept; sections added from the listing's own statements,1,package contents,batch-2
2448,"Old Man Emu MT64 Suspension Kit with Upper Control Arms for 2024 Lexus GX550 / Toyota Land Cruiser — Front 3 in / 0 lb, Rear 2 in / 0 lb — 2118K",suspension,Brand New,P3,suspension-kit,yes,derived,unconfirmed,suspension,0,7,yes,yes,1724,original text kept; sections added from the listing's own statements,1,package contents,batch-2
2449,"Old Man Emu MT64 Suspension Kit with Upper Control Arms for 2024 Lexus GX550 / Toyota Land Cruiser — Front 3 in / 0 lb, Rear 2 in / 440 lb — 2120K",suspension,Brand New,P3,suspension-kit,yes,derived,unconfirmed,suspension,0,7,yes,yes,1728,original text kept; sections added from the listing's own statements,1,package contents,batch-2
2450,"Old Man Emu MT64 Suspension Kit with Upper Control Arms for 2024 Lexus GX550 / Toyota Land Cruiser — Front 3 in / 220–330 lb, Rear 2 in / 0 lb — 2123K",suspension,Brand New,P3,suspension-kit,yes,derived,unconfirmed,suspension,0,7,yes,yes,1736,original text kept; sections added from the listing's own statements,1,package contents,batch-2
2451,"Old Man Emu MT64 Suspension Kit with Upper Control Arms for 2024 Lexus GX550 / Toyota Land Cruiser — Front 3 in / 220–330 lb, Rear 2 in / 440 lb — 2126K",suspension,Brand New,P3,suspension-kit,yes,derived,unconfirmed,suspension,0,7,yes,yes,1740,original text kept; sections added from the listing's own statements,1,package contents,batch-2
2452,"Old Man Emu MT64 Suspension Kit with Upper Control Arms for 2024 Lexus GX550 / Toyota Land Cruiser — Front 3 in / 220–330 lb, Rear 2 in / 880 lb — 2128K",suspension,Brand New,P3,suspension-kit,yes,derived,unconfirmed,suspension,0,7,yes,yes,1740,original text kept; sections added from the listing's own statements,1,package contents,batch-2
2453,Old Man Emu MT64 Suspension Kit for 2025+ Toyota 4Runner — Rear 0 in / 0 lb — 2137K,suspension,Brand New,P3,suspension-kit,yes,derived,unconfirmed,suspension,0,6,yes,yes,1502,original text kept; sections added from the listing's own statements,1,package contents,batch-2
2454,"Old Man Emu Nitrocharger Plus Suspension Kit for 1998–2004 Toyota Tacoma — Front 1.8 in / 0–330 lb, Rear 2 in / 0 lb — 1002K",suspension,Brand New,P3,suspension-kit,yes,derived,unconfirmed,suspension,0,7,yes,yes,1471,original text kept; sections added from the listing's own statements,1,package contents,batch-2
2455,"Old Man Emu Nitrocharger Plus Suspension Kit for 2005–2015 Toyota Tacoma — Front 2 in / 0–330 lb, Rear 0 in / 0 lb — 1003K",suspension,Brand New,P3,suspension-kit,yes,derived,unconfirmed,suspension,0,7,yes,yes,1469,original text kept; sections added from the listing's own statements,1,package contents,batch-2
2456,"Old Man Emu Nitrocharger Plus Suspension Kit for 1996–2002 Toyota 4Runner — Front 1 in / 0–330 lb, Rear 0 in / 0 lb — 2001K",suspension,Brand New,P3,suspension-kit,yes,derived,unconfirmed,suspension,0,7,yes,yes,1471,original text kept; sections added from the listing's own statements,1,package contents,batch-2
2457,"Old Man Emu Nitrocharger Plus Suspension Kit for 1996–2002 Toyota 4Runner — Front 1 in / 0–330 lb, Rear 2 in / 0 lb — 2002K",suspension,Brand New,P3,suspension-kit,yes,derived,unconfirmed,suspension,0,7,yes,yes,1471,original text kept; sections added from the listing's own statements,1,package contents,batch-2
2458,"Old Man Emu Nitrocharger Plus Suspension Kit for 1996–2002 Toyota 4Runner — Front 1 in / 0–330 lb, Rear 2 in / 550 lb — 2003K",suspension,Brand New,P3,suspension-kit,yes,derived,unconfirmed,suspension,0,7,yes,yes,1475,original text kept; sections added from the listing's own statements,1,package contents,batch-2
2459,"Old Man Emu Nitrocharger Plus Suspension Kit for 2003–2009 Toyota 4Runner — Front 1–2 in / 0–330 lb, Rear 2 in / 0 lb — 2005K",suspension,Brand New,P3,suspension-kit,yes,derived,unconfirmed,suspension,0,7,yes,yes,1473,original text kept; sections added from the listing's own statements,1,package contents,batch-2
2460,"Old Man Emu Nitrocharger Plus Suspension Kit for 2003–2009 Toyota 4Runner — Front 1–2 in / 0–330 lb, Rear 2 in / 330 lb — 2006K",suspension,Brand New,P3,suspension-kit,yes,derived,unconfirmed,suspension,0,7,yes,yes,1477,original text kept; sections added from the listing's own statements,1,package contents,batch-2
2461,"Old Man Emu Nitrocharger Plus Suspension Kit for 2003–2009 Toyota 4Runner — Front 1–2 in / 0–330 lb, Rear 2 in / 660 lb — 2007K",suspension,Brand New,P3,suspension-kit,yes,derived,unconfirmed,suspension,0,7,yes,yes,1477,original text kept; sections added from the listing's own statements,1,package contents,batch-2
2462,"Old Man Emu Nitrocharger Plus Suspension Kit for 2003–2009 Toyota 4Runner — Front 1–2 in / 0–330 lb, Rear 0 in / 0 lb — 2004K",suspension,Brand New,P3,suspension-kit,yes,derived,unconfirmed,suspension,0,7,yes,yes,1473,original text kept; sections added from the listing's own statements,1,package contents,batch-2
2463,"Old Man Emu Nitrocharger Plus Suspension Kit for 1998–2004 Toyota Tacoma — Front 1.8 in / 0–330 lb, Rear 0 in / 0 lb — 1001K",suspension,Brand New,P3,suspension-kit,yes,derived,unconfirmed,suspension,0,7,yes,yes,1471,original text kept; sections added from the listing's own statements,1,package contents,batch-2
2464,"Old Man Emu Nitrocharger Plus Suspension Kit for 2005–2015 Toyota Tacoma — Front 2 in / 0–330 lb, Rear 2 in / 0 lb — 1004K",suspension,Brand New,P3,suspension-kit,yes,derived,unconfirmed,suspension,0,7,yes,yes,1469,original text kept; sections added from the listing's own statements,1,package contents,batch-2
2465,"Old Man Emu Nitrocharger Plus Suspension Kit for 2005–2015 Toyota Tacoma — Front 2 in / 0–330 lb, Rear 2 in / 660 lb — 1005K",suspension,Brand New,P3,suspension-kit,yes,derived,unconfirmed,suspension,0,7,yes,yes,1473,original text kept; sections added from the listing's own statements,1,package contents,batch-2
2589,"Old Man Emu BP-51 Suspension Kit for 2024–2026 / 2025–2027 Ineos Grenadier / Ineos Grenadier Quartermaster — Front 2 in / 0 lb, Rear 2 in / 0 lb — 7001K",suspension,Brand New,P3,suspension-kit,yes,derived,unconfirmed,suspension,0,7,yes,yes,1562,original text kept; sections added from the listing's own statements,1,package contents,batch-2
2590,"Old Man Emu BP-51 Suspension Kit for 2024–2026 / 2025–2027 Ineos Grenadier / Ineos Grenadier Quartermaster — Front 2 in / 0 lb, Rear 2 in / 440 lb — 7002K",suspension,Brand New,P3,suspension-kit,yes,derived,unconfirmed,suspension,0,7,yes,yes,1566,original text kept; sections added from the listing's own statements,1,package contents,batch-2
2591,"Old Man Emu BP-51 Suspension Kit for 2024–2026 / 2025–2027 Ineos Grenadier / Ineos Grenadier Quartermaster — Front 0 in / 0 lb, Rear 0 in / 0 lb — 7003K",suspension,Brand New,P3,suspension-kit,yes,derived,unconfirmed,suspension,0,7,yes,yes,1562,original text kept; sections added from the listing's own statements,1,package contents,batch-2
2592,Old Man Emu BP-51 Suspension Kit for 2024–2026 / 2025–2027 Ineos Grenadier / Ineos Grenadier Quartermaster — Front 0 in / 0 lb — 7004K,suspension,Brand New,P3,suspension-kit,yes,derived,unconfirmed,suspension,0,6,yes,yes,1525,original text kept; sections added from the listing's own statements,1,package contents,batch-2
2593,Old Man Emu BP-51 Suspension Kit for 2024–2026 / 2025–2027 Ineos Grenadier / Ineos Grenadier Quartermaster — Rear 0 in / 0 lb — 7005K,suspension,Brand New,P3,suspension-kit,yes,derived,unconfirmed,suspension,0,6,yes,yes,1520,original text kept; sections added from the listing's own statements,1,package contents,batch-2
2594,"Old Man Emu MT64 Suspension Kit for 2021–2024 Ford F-150 — Front 2.5 in / 0 lb, Rear 0 in / 0 lb — 5101K",suspension,Brand New,P3,suspension-kit,yes,derived,unconfirmed,suspension,0,7,yes,yes,1542,original text kept; sections added from the listing's own statements,1,package contents,batch-2
2595,"Old Man Emu MT64 Suspension Kit with Upper Control Arms for 2021–2024 Ford F-150 — Front 2.5 in / 0 lb, Rear 0 in / 0 lb — 5102K",suspension,Brand New,P3,suspension-kit,yes,derived,unconfirmed,suspension,0,7,yes,yes,1690,original text kept; sections added from the listing's own statements,1,package contents,batch-2
2596,"Old Man Emu MT64 Suspension Kit for 2021–2024 Ford F-150 — Front 2.5 in / 0 lb, Rear 1.5 in / 0 lb — 5103K",suspension,Brand New,P3,suspension-kit,yes,derived,unconfirmed,suspension,0,7,yes,yes,1544,original text kept; sections added from the listing's own statements,1,package contents,batch-2
2597,"Old Man Emu MT64 Suspension Kit with Upper Control Arms for 2021–2024 Ford F-150 — Front 2.5 in / 0 lb, Rear 1.5 in / 0 lb — 5104K",suspension,Brand New,P3,suspension-kit,yes,derived,unconfirmed,suspension,0,7,yes,yes,1692,original text kept; sections added from the listing's own statements,1,package contents,batch-2
2598,Old Man Emu MT64 Suspension Kit for 2021–2024 Ford F-150 — Front 2.5 in / 0 lb — 5105K,suspension,Brand New,P3,suspension-kit,yes,derived,unconfirmed,suspension,0,6,yes,yes,1505,original text kept; sections added from the listing's own statements,1,package contents,batch-2
2599,Old Man Emu MT64 Suspension Kit for 2021–2024 Ford F-150 — Rear 0 in / 0 lb — 5106K,suspension,Brand New,P3,suspension-kit,yes,derived,unconfirmed,suspension,0,6,yes,yes,1498,original text kept; sections added from the listing's own statements,1,package contents,batch-2
2600,"Old Man Emu Nitrocharger Plus Suspension Kit for 2007–2014 Toyota FJ Cruiser — Front 2 in / 0–330 lb, Rear 0 in / 0 lb — 4001K",suspension,Brand New,P3,suspension-kit,yes,derived,unconfirmed,suspension,0,7,yes,yes,1477,original text kept; sections added from the listing's own statements,1,package contents,batch-2
2601,"Old Man Emu Nitrocharger Plus Suspension Kit for 2007–2014 Toyota FJ Cruiser — Front 2 in / 0–330 lb, Rear 2 in / 0 lb — 4002K",suspension,Brand New,P3,suspension-kit,yes,derived,unconfirmed,suspension,0,7,yes,yes,1477,original text kept; sections added from the listing's own statements,1,package contents,batch-2
2602,"Old Man Emu Nitrocharger Plus Suspension Kit for 2007–2014 Toyota FJ Cruiser — Front 2 in / 0–330 lb, Rear 2 in / 440 lb — 4003K",suspension,Brand New,P3,suspension-kit,yes,derived,unconfirmed,suspension,0,7,yes,yes,1481,original text kept; sections added from the listing's own statements,1,package contents,batch-2
2382,Bosch New CP3 Injection Pump — 2003–2007 Dodge Ram 5.9L Cummins — 0445020147,engine,Brand New,P5,,no,,,,0,5,yes,yes,781,not started,0,,
2383,Bosch Remanufactured CP3 Injection Pump — 2003–2007 Dodge Ram 5.9L Cummins — 0986437304,engine,Refurbished,P5,,no,,,,0,4,yes,yes,835,not started,0,,
2384,Bosch Remanufactured CP3 Injection Pump — 2007.5–2018 Ram 6.7L Cummins — 0986437334,engine,Refurbished,P5,,no,,,,0,4,yes,yes,827,not started,0,,
2385,Bosch Remanufactured CP3 Injection Pump — 2001–2010 GM 6.6L Duramax LB7 / LLY / LBZ / LMM — 0986437303,engine,Refurbished,P5,,no,,,,0,4,yes,yes,865,not started,0,,
2386,Industrial Injection Remanufactured Stock CP3 Injection Pump — 2007.5–2018 Ram 6.7L Cummins — 0986437334SE-IIS,engine,Refurbished,P5,,no,,,,0,5,yes,yes,1062,not started,0,,
2387,Industrial Injection Remanufactured Stock CP3 Injection Pump — 2003–2007 Dodge Ram 5.9L Cummins — 0986437304SE-IIS,engine,Refurbished,P5,,no,,,,0,5,yes,yes,1070,not started,0,,
2388,Industrial Injection Remanufactured Stock CP3 Injection Pump — 2001–2004 GM 6.6L LB7 Duramax — 0986437303SE-IIS,engine,Refurbished,P5,,no,,,,0,5,yes,yes,1064,not started,0,,
2389,Bosch Remanufactured Stock 505 Injector — 2004.5–2007 Dodge Ram 5.9L Cummins — 0986435505,engine,Refurbished,P5,,no,,,,0,5,yes,yes,666,not started,0,,
2390,Bosch Remanufactured Injector — 2011–2014 Ford 6.7L Power Stroke — 0986435415,engine,Refurbished,P5,,no,,,,0,5,yes,yes,621,not started,0,,
2391,Industrial Injection Remanufactured Stock Injector — 2004.5–2007 Dodge Ram 5.9L Cummins — 0986435505SE-IIS,engine,Refurbished,P5,,yes,derived,listed,,1,5,yes,yes,714,original text kept; sections added from the listing's own statements,0,,batch-2 (stated only)
2392,Industrial Injection Remanufactured Stock Injector Pack with Connecting Tubes — 2007.5–2012 Ram 6.7L Cummins — 21D303,engine,Refurbished,P5,,yes,derived,partial,,2,5,yes,yes,872,original text kept; sections added from the listing's own statements,0,remaining contents not confirmed,batch-2 (stated only)
2393,Industrial Injection Remanufactured Stock Injector Pack with Connecting Tubes & Fuel Lines — 2004.5–2007 Dodge Ram 5.9L Cummins — 215601,engine,Refurbished,P5,,yes,derived,listed,,3,5,yes,yes,821,original text kept; sections added from the listing's own statements,0,,batch-2 (stated only)
2394,"Holset HE351VE Turbocharger, New Genuine — 2007.5–2012 Dodge Ram 6.7L Cummins — 5325950H",turbocharger,Brand New,P2,turbo-supercharger,yes,derived,partial,turbocharger,2,7,yes,yes,933,original text kept; sections added from the listing's own statements,0,remaining contents not confirmed,batch-1
2395,Garrett New Stock-Replacement Turbocharger — 2011–2014 Ford 6.7L Power Stroke Pickup — 851824-5001S,turbocharger,Brand New,P2,turbo-supercharger,yes,derived,unconfirmed,turbocharger,0,7,yes,yes,920,original text kept; sections added from the listing's own statements,1,package contents,batch-1
2396,Garrett Stock-Replacement Turbocharger — 2017–2019 Ford 6.7L Power Stroke Pickup — 888143-5001S,turbocharger,Brand New,P2,turbo-supercharger,yes,derived,unconfirmed,turbocharger,0,4,yes,yes,652,original text kept; sections added from the listing's own statements,0,package contents,batch-1
2397,Garrett Replacement Turbocharger — 2017–2019 Ford 6.7L Power Stroke Cab & Chassis — 888142-5001S,turbocharger,Brand New,P2,turbo-supercharger,yes,derived,unconfirmed,turbocharger,0,5,yes,yes,748,original text kept; sections added from the listing's own statements,0,package contents,batch-1
2398,Garrett New Stock Turbocharger — 2005.5–2007 Ford 6.0L Power Stroke — 743250-5025S,turbocharger,Brand New,P2,turbo-supercharger,yes,derived,listed,turbocharger,1,7,yes,yes,879,original text kept; sections added from the listing's own statements,0,,batch-1
2399,Garrett GT3782 Remanufactured Stock-Replacement Turbocharger — 2003–2004 Ford 6.0L Power Stroke — 725390-9006S,turbocharger,Refurbished,P2,turbo-supercharger,yes,derived,listed,turbocharger,1,6,yes,yes,687,original text kept; sections added from the listing's own statements,0,,batch-1
2400,Industrial Injection Remanufactured Stock Turbocharger — 1999.5–2003 Ford 7.3L Power Stroke — 706447-0003SE,turbocharger,Refurbished,P2,turbo-supercharger,yes,derived,listed,turbocharger,1,5,yes,yes,750,original text kept; sections added from the listing's own statements,0,,batch-1
2401,"EMF Rebuildable Ball Joint Kit, Factory Size — 2014–2024 Ram 2500 / 2013–2024 Ram 3500 4WD — 6821-7460A-KIT",suspension,Brand New,P3,suspension-kit,yes,derived,unconfirmed,suspension,0,5,yes,yes,845,original text kept; sections added from the listing's own statements,0,package contents,batch-2
2402,"EMF Rebuildable Ball Joint Kit, Factory Size — 2003–2009 Dodge Ram 2500 / 3500 4WD — 7467-7460-KIT",suspension,Brand New,P3,suspension-kit,yes,derived,unconfirmed,suspension,0,4,yes,yes,686,original text kept; sections added from the listing's own statements,0,package contents,batch-2
2403,Dynatrac ProSteer HD Upper & Lower Ball Joint Set — 2003–2013 Ram 2500 / 2003–2012 Ram 3500 4WD — BJK-CR92A,suspension,Brand New,P3,suspension-kit,yes,derived,unconfirmed,suspension,0,3,yes,yes,744,original text kept; sections added from the listing's own statements,0,package contents,batch-2
2404,"Westin HDX 1-Piece Grille Guard, Black Steel for 2019–2024 Ram 2500 / 3500 — 57-4025",bumper,Brand New,P5,,no,,,,0,2,yes,yes,664,not started,0,,
2405,"Westin HDX 3-Piece Grille Guard, Black Steel for 2019–2024 Ram 2500 / 3500 — 57-24025",bumper,Brand New,P5,,no,,,,0,2,yes,yes,756,not started,0,,
2406,"Westin HDX 3-Piece Grille Guard, Black Steel for 2010–2018 Ram 2500 / 3500 — 57-23555",bumper,Brand New,P5,,no,,,,0,2,yes,yes,756,not started,0,,
2407,"Westin HDX 1-Piece Grille Guard, Black Steel for 2006–2009 Dodge Ram 2500 / 3500 — 57-1955",bumper,Brand New,P5,,no,,,,0,2,yes,yes,683,not started,0,,
2408,"Westin HDX 1-Piece Grille Guard, Black Steel, Standard Mesh for 2017–2022 Ford F-250 / F-350 Super Duty — 57-3905",bumper,Brand New,P5,,no,,,,0,2,yes,yes,781,not started,0,,
2409,"Westin HDX 3-Piece Grille Guard, Polished Stainless Steel for 2017–2022 Ford F-250 / F-350 Super Duty — 57-23900",bumper,Brand New,P5,,no,,,,0,2,yes,yes,827,not started,0,,
2410,Westin HDX Winch-Mount Grille Guard for 2011–2018 Ram 2500 / 3500 — 57-93555,bumper,Brand New,P5,,no,,,,0,3,yes,yes,699,not started,0,,
2411,CSF OEM+ Replacement Intercooler — 2006–2009 Dodge Ram 5.9L / 6.7L Cummins — 6072,engine,Brand New,P5,,no,,,,0,4,yes,yes,687,not started,0,,
2412,"Mishimoto Intercooler, Silver — 2013–2018 Ram 6.7L Cummins — MMINT-RAM-13SL",engine,Brand New,P5,,yes,derived,partial,,3,3,yes,yes,678,original text kept; sections added from the listing's own statements,0,remaining contents not confirmed,batch-2 (stated only)
2413,"Mishimoto Performance Intercooler Kit with Pipes, Silver — 2007.5–2009 Dodge Ram 6.7L Cummins — MMINT-RAM-07KSL",engine,Brand New,P3,cooling-kit,yes,derived,partial,cooling,4,5,yes,yes,735,original text kept; sections added from the listing's own statements,0,remaining contents not confirmed,batch-2
2414,"Mishimoto Performance Intercooler Kit with Pipes, Silver — 2003–2007 Dodge Ram 5.9L Cummins — MMINT-RAM-03KSL",engine,Brand New,P3,cooling-kit,yes,derived,partial,cooling,4,5,yes,yes,708,original text kept; sections added from the listing's own statements,0,remaining contents not confirmed,batch-2
2415,"Mishimoto Performance Intercooler, Black — 1994–2002 Dodge Ram 5.9L Cummins — MMINT-RAM-94BK",engine,Brand New,P5,,no,,,,0,4,yes,yes,712,not started,0,,
2416,Banks Power Techni-Cooler Intercooler System — 2006–2007 Dodge Ram 5.9L Cummins — 25981,engine,Brand New,P3,cooling-kit,yes,derived,partial,cooling,3,3,yes,yes,700,original text kept; sections added from the listing's own statements,0,remaining contents not confirmed,batch-2
2417,Banks Power Techni-Cooler Intercooler System — 2008–2010 Ford 6.4L Power Stroke — 25984,engine,Brand New,P3,cooling-kit,yes,derived,unconfirmed,cooling,0,4,yes,yes,900,original text kept; sections added from the listing's own statements,0,package contents,batch-2
2466,Icon 0–3 in Suspension System Stage 5 Kit for 2012–2015 Toyota Hilux RWD — K53145,suspension,Brand New,P3,suspension-kit,yes,derived,unconfirmed,suspension,0,4,yes,yes,1169,original text kept; sections added from the listing's own statements,0,package contents,batch-2
2467,Icon 0–3 in Suspension System Stage 3 Kit for 2012–2015 Toyota Hilux RWD — K53143,suspension,Brand New,P3,suspension-kit,yes,derived,unconfirmed,suspension,0,4,yes,yes,1169,original text kept; sections added from the listing's own statements,0,package contents,batch-2
2468,Icon 0–3 in Suspension System Stage 2 Kit for 2012–2015 Toyota Hilux RWD — K53142,suspension,Brand New,P3,suspension-kit,yes,derived,unconfirmed,suspension,0,4,yes,yes,1169,original text kept; sections added from the listing's own statements,0,package contents,batch-2
2469,Icon 0–3 in Suspension System Stage 4 Tubular Kit for 2012–2015 Toyota Hilux RWD — K53144T,suspension,Brand New,P3,suspension-kit,yes,derived,unconfirmed,suspension,0,4,yes,yes,1202,original text kept; sections added from the listing's own statements,0,package contents,batch-2
2470,Icon 3 in Suspension System Stage 1 Kit for 2005–2011 Toyota Hilux RWD — K53136,suspension,Brand New,P3,suspension-kit,yes,derived,unconfirmed,suspension,0,4,yes,yes,1161,original text kept; sections added from the listing's own statements,0,package contents,batch-2
2471,Dobinsons Front Upper Control Arm Kit for 2019–2023 Ford Ranger — UCA19-004K,suspension,Brand New,P3,suspension-kit,yes,derived,unconfirmed,suspension,0,3,yes,yes,1007,original text kept; sections added from the listing's own statements,0,package contents,batch-2
2472,Eibach Pro-Truck Stage 2R Coilovers & Reservoir Shocks Set for 2019–2023 Ford Ranger 4WD RWD w/0–3.75 in lift — E86-35-048-02-22,suspension,Brand New,P3,suspension-kit,yes,derived,partial,suspension,1,5,yes,yes,1215,original text kept; sections added from the listing's own statements,0,remaining contents not confirmed,batch-2
2473,Bilstein 6112 Strut & Spring Front Pair for 2019–2023 Ford Ranger RWD w/0.7–2.9 in lift — 47-294301,suspension,Brand New,P3,suspension-kit,yes,derived,partial,suspension,1,5,yes,yes,1578,original text kept; sections added from the listing's own statements,1,remaining contents not confirmed,batch-2
2474,Icon 2.5 Remote Reservoir Coilovers Ext Travel Pair for 2019–2022 Ford Ranger w/0–3.5 in lift — 91355,suspension,Brand New,P3,suspension-kit,yes,derived,unconfirmed,suspension,0,5,yes,yes,1233,original text kept; sections added from the listing's own statements,1,package contents,batch-2
2475,Icon 2.5 Remote Reservoir Coilovers Ext Travel CDCV Pair for 2019–2022 Ford Ranger w/0–3.5 in lift — 91355C,suspension,Brand New,P3,suspension-kit,yes,derived,unconfirmed,suspension,0,5,yes,yes,1243,original text kept; sections added from the listing's own statements,1,package contents,batch-2
2476,Icon 2.5 Piggyback Reservoir CDCV Shocks Pair for 2019–2022 Ford Ranger w/1.5 in lift — 97730CP,suspension,Brand New,P3,suspension-kit,yes,derived,unconfirmed,suspension,0,5,yes,yes,1328,original text kept; sections added from the listing's own statements,0,package contents,batch-2
2477,Pro-Truck Stage 2 Shocks Kit for 2019–2023 Ford Ranger 4WD w/0–3.75 in lift — E86-35-048-01-22,suspension,Brand New,P3,suspension-kit,yes,derived,partial,suspension,1,4,yes,yes,1158,original text kept; sections added from the listing's own statements,0,remaining contents not confirmed,batch-2
2478,King Shocks 2.5 Performance w/ Remote Reservoir Shocks Rear Pair for 1984–2020 Toyota Land Cruiser 79 Series 4WD — 25001-364A,suspension,Brand New,P3,suspension-kit,yes,derived,partial,suspension,1,3,yes,yes,1127,original text kept; sections added from the listing's own statements,0,remaining contents not confirmed,batch-2
2479,King Shocks 2.5 Performance w/ Remote Reservoir Shocks Front Pair for 1984–2020 Toyota Land Cruiser 76 4WD — 25001-363A,suspension,Brand New,P3,suspension-kit,yes,derived,partial,suspension,1,3,yes,yes,1073,original text kept; sections added from the listing's own statements,0,remaining contents not confirmed,batch-2
2480,Old Man Emu Steering Stabilizer for 1969–2016 Toyota Land Cruiser 76 4WD RWD — OMESD47,suspension,Brand New,P5,,yes,derived,partial,,1,2,yes,yes,940,original text kept; sections added from the listing's own statements,0,remaining contents not confirmed; specifications,batch-2 (stated only)
2482,Dobinsons Coil Springs Kit for 1984–1989 Toyota Land Cruiser 70 4WD w/1.75 in lift — C59-082,suspension,Brand New,P3,suspension-kit,yes,derived,unconfirmed,suspension,0,1,yes,yes,877,original text kept; sections added from the listing's own statements,0,package contents; specifications,batch-2
2483,Dobinsons Coil Springs Kit for 1984–1989 Toyota Land Cruiser 70 4WD w/2 in lift — C59-083,suspension,Brand New,P3,suspension-kit,yes,derived,unconfirmed,suspension,0,1,yes,yes,868,original text kept; sections added from the listing's own statements,0,package contents; specifications,batch-2
2484,Icon 1.5–3.5 in Suspension System Stage 5 Kit for 2008–2021 Toyota Land Cruiser 200 4WD RWD — K53075,suspension,Brand New,P3,suspension-kit,yes,derived,unconfirmed,suspension,0,4,yes,yes,1209,original text kept; sections added from the listing's own statements,0,package contents,batch-2
2485,King Shocks 2.5 Performance w/ Remote Reservoir Shocks Rear Pair for 2008–2021 Toyota Land Cruiser 200 4WD — 25001-267A,suspension,Brand New,P3,suspension-kit,yes,derived,partial,suspension,1,3,yes,yes,1077,original text kept; sections added from the listing's own statements,0,remaining contents not confirmed,batch-2
2486,Icon 1.5–3.5 in Suspension System Stage 3 Kit for 2008–2021 Toyota Land Cruiser 200 4WD RWD — K53073,suspension,Brand New,P3,suspension-kit,yes,derived,unconfirmed,suspension,0,4,yes,yes,1205,original text kept; sections added from the listing's own statements,0,package contents,batch-2
2487,Icon 2.5 Remote Reservoir Coilovers CDCV Front Pair for 2008–2021 Toyota Land Cruiser 200 4WD RWD w/1.5–3.5 in lift — 58760C,suspension,Brand New,P3,suspension-kit,yes,derived,unconfirmed,suspension,0,5,yes,yes,1303,original text kept; sections added from the listing's own statements,0,package contents,batch-2
2488,Icon 1.5–3.5 in Suspension System Stage 4 Kit for 2008–2021 Toyota Land Cruiser 200 4WD RWD — K53074,suspension,Brand New,P3,suspension-kit,yes,derived,unconfirmed,suspension,0,4,yes,yes,1205,original text kept; sections added from the listing's own statements,0,package contents,batch-2
2489,Icon Performance Shocks System Stage 2 Kit for 1998–2012 Toyota Land Cruiser 100 4WD — K53082,suspension,Brand New,P3,suspension-kit,yes,derived,unconfirmed,suspension,0,4,yes,yes,1144,original text kept; sections added from the listing's own statements,0,package contents,batch-2
2490,King Shocks 2.5 Performance w/ Remote Reservoir Shocks Rear Pair for 1998–2012 Toyota Land Cruiser 100 4WD — 25001-258A,suspension,Brand New,P3,suspension-kit,yes,derived,partial,suspension,1,3,yes,yes,1077,original text kept; sections added from the listing's own statements,0,remaining contents not confirmed,batch-2
2491,Dobinsons MRR 3-way Adjustable Shocks Front Pair for 1998–2012 Toyota Land Cruiser 100 4WD — MRA59-A782,suspension,Brand New,P3,suspension-kit,yes,derived,unconfirmed,suspension,0,3,yes,yes,974,original text kept; sections added from the listing's own statements,0,package contents,batch-2
2492,Icon Performance Shocks System Stage 1 Kit for 1998–2012 Toyota Land Cruiser 100 4WD — K53081,suspension,Brand New,P3,suspension-kit,yes,derived,unconfirmed,suspension,0,4,yes,yes,1144,original text kept; sections added from the listing's own statements,0,package contents,batch-2
2493,Icon 3 in Suspension System Stage 2 Kit for 1990–1997 Toyota Land Cruiser 80 4WD — K53092,suspension,Brand New,P3,suspension-kit,yes,derived,unconfirmed,suspension,0,4,yes,yes,1154,original text kept; sections added from the listing's own statements,0,package contents,batch-2
2494,Icon 3 in Suspension System Stage 1 Kit for 1991–1997 Toyota Land Cruiser 80 4WD — K53091,suspension,Brand New,P3,suspension-kit,yes,derived,unconfirmed,suspension,0,4,yes,yes,1154,original text kept; sections added from the listing's own statements,0,package contents,batch-2
2495,Icon 3 in Suspension System Stage 3 Kit for 1990–1997 Toyota Land Cruiser 80 4WD — K53093,suspension,Brand New,P3,suspension-kit,yes,derived,unconfirmed,suspension,0,4,yes,yes,1138,original text kept; sections added from the listing's own statements,0,package contents,batch-2
2496,Camburg Toyota Prado 120/150 03–21 KINETIK Billet Uniball Upper Control Arms — CBG310192-GRY,suspension,Brand New,P5,,no,,,,0,1,yes,yes,787,not started,0,,
2497,Camburg Toyota Prado 120/150 03–21 1.25 in Performance Uniball Upper Control Arms — CBG310044,suspension,Brand New,P5,,no,,,,0,1,yes,yes,788,not started,0,,
2498,Dobinsons IMS Struts Front Pair for 2010–2024 Toyota 4Runner 4WD — IMS59-50700,suspension,Brand New,P3,suspension-kit,yes,derived,unconfirmed,suspension,0,4,yes,yes,1031,original text kept; sections added from the listing's own statements,0,package contents,batch-2
2499,Dobinsons Extended Travel MRR 3-way Adjustable Struts Front Pair for 2010–2024 Toyota 4runner 4WD w/3 in lift — MRA59-A574,suspension,Brand New,P3,suspension-kit,yes,derived,unconfirmed,suspension,0,5,yes,yes,1137,original text kept; sections added from the listing's own statements,0,package contents,batch-2
2500,Dobinsons GS Struts Front Pair for 2003–2009 Toyota 4Runner 4WD — GS59-221,suspension,Brand New,P3,suspension-kit,yes,derived,unconfirmed,suspension,0,4,yes,yes,1071,original text kept; sections added from the listing's own statements,0,package contents,batch-2
2501,Dobinsons Extended Travel GS Struts Front Pair for 2003–2009 Toyota 4Runner 4WD — GS59-220,suspension,Brand New,P3,suspension-kit,yes,derived,unconfirmed,suspension,0,4,yes,yes,1087,original text kept; sections added from the listing's own statements,0,package contents,batch-2
2502,Dobinsons Extended Travel MRR 3-way Adjustable Struts Front Pair for 2016–2023 Toyota Tacoma 4WD w/3 in lift — MRA59-A220,suspension,Brand New,P3,suspension-kit,yes,derived,unconfirmed,suspension,0,5,yes,yes,1201,original text kept; sections added from the listing's own statements,0,package contents,batch-2
2504,Fabtech 1.5 in Leveling System Kit w/1.5 in lift 2015–2020 Ford F-150 4WD RWD — FTL5207,suspension,Brand New,P3,suspension-kit,yes,derived,unconfirmed,suspension,0,2,yes,yes,1007,original text kept; sections added from the listing's own statements,0,package contents; specifications,batch-2
2505,Fabtech 2 in Leveling System Kit for 2009–2014 Ford F150 4WD RWD w/2 in lift — FTL5204,suspension,Brand New,P3,suspension-kit,yes,derived,unconfirmed,suspension,0,2,yes,yes,1033,original text kept; sections added from the listing's own statements,0,package contents; specifications,batch-2
2506,Camburg Ford F-250/350 4wd 17–23 King 2.50 in Performance Leveling Kit — CBG110199-G,suspension,Brand New,P3,suspension-kit,yes,derived,unconfirmed,suspension,0,1,yes,yes,776,original text kept; sections added from the listing's own statements,0,package contents; specifications,batch-2
2507,Camburg Ford F-250/350 4WD 17–23 Bilstein 5100 Performance Leveling Kit — CBG110171,suspension,Brand New,P3,suspension-kit,yes,derived,unconfirmed,suspension,0,1,yes,yes,809,original text kept; sections added from the listing's own statements,0,package contents; specifications,batch-2
2508,Camburg Ford F-250/350 4WD 17–23 FOX 2.00 in Performance Leveling Kit — CBG110141,suspension,Brand New,P3,suspension-kit,yes,derived,unconfirmed,suspension,0,1,yes,yes,805,original text kept; sections added from the listing's own statements,0,package contents; specifications,batch-2
2509,Camburg Ford F-250/350 4WD 17–23 FOX 2.00 in Performance Leveling Kit — CBG110141-G,suspension,Brand New,P3,suspension-kit,yes,derived,unconfirmed,suspension,0,1,yes,yes,807,original text kept; sections added from the listing's own statements,0,package contents; specifications,batch-2
2510,Camburg Ford F-250/350 4WD 05–16 Bilstein 5100 Performance Leveling Kit — CBG110081-G,suspension,Brand New,P3,suspension-kit,yes,derived,unconfirmed,suspension,0,1,yes,yes,811,original text kept; sections added from the listing's own statements,0,package contents; specifications,batch-2
2511,Camburg Ford F-250/350 4wd 17–23 FOX 2.5 Performance Elite DSC Leveling Kit — CBG110247-G,suspension,Brand New,P3,suspension-kit,yes,derived,unconfirmed,suspension,0,1,yes,yes,776,original text kept; sections added from the listing's own statements,0,package contents; specifications,batch-2
2512,Camburg Ford F-250/350 4wd 17–23 King 2.50 in Performance Leveling Kit — CBG110199,suspension,Brand New,P3,suspension-kit,yes,derived,unconfirmed,suspension,0,1,yes,yes,774,original text kept; sections added from the listing's own statements,0,package contents; specifications,batch-2
2513,Camburg Ford F-250/350 4WD 17–23 Bilstein 5100 Performance Leveling Kit — CBG110171-G,suspension,Brand New,P3,suspension-kit,yes,derived,unconfirmed,suspension,0,1,yes,yes,811,original text kept; sections added from the listing's own statements,0,package contents; specifications,batch-2
2514,Camburg Ford F-250/350 4wd 05–16 King 2.5 Performance Leveling Kit — CBG110201,suspension,Brand New,P3,suspension-kit,yes,derived,unconfirmed,suspension,0,1,yes,yes,771,original text kept; sections added from the listing's own statements,0,package contents; specifications,batch-2
2515,Camburg Ford F-250/350 4wd 05–16 King 2.5 Performance Leveling Kit — CBG110201-G,suspension,Brand New,P3,suspension-kit,yes,derived,unconfirmed,suspension,0,1,yes,yes,773,original text kept; sections added from the listing's own statements,0,package contents; specifications,batch-2
2516,Fabtech 2.5 in Basic Lift Kit w/Stealth Shocks for 2017–2024 Ford F250 Super Duty 4WD w/2.5 in lift — K2333M,suspension,Brand New,P3,suspension-kit,yes,derived,unconfirmed,suspension,0,2,yes,yes,1087,original text kept; sections added from the listing's own statements,0,package contents; specifications,batch-2
2517,Icon 2.5 in Suspension System Stage 6 Kit for 2020–2024 Ford F350 Super Duty 4WD — K62526,suspension,Brand New,P3,suspension-kit,yes,derived,unconfirmed,suspension,0,3,yes,yes,1182,original text kept; sections added from the listing's own statements,0,package contents,batch-2
2518,Fabtech 2.5 in Basic Lift Kit — K2334DL,suspension,Brand New,P3,suspension-kit,yes,derived,unconfirmed,suspension,0,3,yes,yes,1303,original text kept; sections added from the listing's own statements,0,package contents,batch-2
2519,Fabtech 2.5 in Budget Lift Kit w/Dirt Logic 2.25 Shocks for 2017–2024 Ford F350 Super Duty 4WD w/2.5 in lift — K2339DL,suspension,Brand New,P3,suspension-kit,yes,derived,unconfirmed,suspension,0,2,yes,yes,1081,original text kept; sections added from the listing's own statements,0,package contents; specifications,batch-2
2520,Fabtech 5 in Basic Lift Kit w/Coil Spacers & Performance Shocks for 2019–2024 Ram 2500 4WD w/5 in lift — K3173,suspension,Brand New,P3,suspension-kit,yes,derived,unconfirmed,suspension,0,2,yes,yes,1268,original text kept; sections added from the listing's own statements,0,package contents; specifications,batch-2
2521,Fabtech 5 in Basic Lift Kit w/Coil Spacers & Stealth Shocks for 2019–2024 Ram 2500 4WD w/5 in lift — K3173M,suspension,Brand New,P3,suspension-kit,yes,derived,unconfirmed,suspension,0,2,yes,yes,1253,original text kept; sections added from the listing's own statements,0,package contents; specifications,batch-2
2522,Fabtech 4.5 in Performance System w/Dirt Logic Shocks Kit for 2009–2013 Ram 3500 4WD w/4.5 in lift — K3037DL,suspension,Brand New,P3,suspension-kit,yes,derived,unconfirmed,suspension,0,2,yes,yes,1062,original text kept; sections added from the listing's own statements,0,package contents; specifications,batch-2
2523,Fabtech 4.5 in Performance System w/Performance Shocks Kit for 2003–2010 Dodge Ram 3500 4WD w/4.5 in lift — K3006,suspension,Brand New,P3,suspension-kit,yes,derived,unconfirmed,suspension,0,2,yes,yes,1138,original text kept; sections added from the listing's own statements,0,package contents; specifications,batch-2
2524,Fabtech 6 in Performance System w/Dirt Logic Shocks Kit for 2009–2013 Ram 3500 4WD w/6 in lift — K3038DL,suspension,Brand New,P3,suspension-kit,yes,derived,unconfirmed,suspension,0,2,yes,yes,1046,original text kept; sections added from the listing's own statements,0,package contents; specifications,batch-2
2525,Fabtech 6 in Performance System w/Performance Shocks Kit for 2009–2013 Ram 3500 4WD w/6 in lift — K3038,suspension,Brand New,P3,suspension-kit,yes,derived,unconfirmed,suspension,0,2,yes,yes,1057,original text kept; sections added from the listing's own statements,0,package contents; specifications,batch-2
2526,Fabtech 3 in Ball Joint UCA Lift Kit — K1126DL,suspension,Brand New,P3,suspension-kit,yes,derived,unconfirmed,suspension,0,3,yes,yes,1371,original text kept; sections added from the listing's own statements,0,package contents,batch-2
2527,Fabtech 3 in Ball Joint UCA Lift Kit — K1127DL,suspension,Brand New,P3,suspension-kit,yes,derived,unconfirmed,suspension,0,3,yes,yes,1419,original text kept; sections added from the listing's own statements,0,package contents,batch-2
2528,Fabtech 3 in Uniball UCA Lift Kit w/Rear Performance Shocks for 2014–2018 Chevrolet Silverado 1500 4WD RWD w/3 in lift — K1071,suspension,Brand New,P3,suspension-kit,yes,derived,unconfirmed,suspension,0,3,yes,yes,1275,original text kept; sections added from the listing's own statements,0,package contents,batch-2
2529,Fabtech 3 in Ball Joint UCA Lift Kit — K1070DL,suspension,Brand New,P3,suspension-kit,yes,derived,listed,suspension,1,3,yes,yes,1347,original text kept; sections added from the listing's own statements,0,,batch-2
2530,Fabtech 6 in RTS Lift Kit w/Performance Shocks for 2020–2024 Chevrolet Silverado 2500 HD 4WD w/6 in lift — K1159,suspension,Brand New,P3,suspension-kit,yes,derived,unconfirmed,suspension,0,2,yes,yes,1196,original text kept; sections added from the listing's own statements,0,package contents; specifications,batch-2
2531,Fabtech 6 in RTS Lift Kit w/Dirt Logic 2.25 Shocks for 2020–2024 Chevrolet Silverado 2500 HD 4WD w/6 in lift — K1159DL,suspension,Brand New,P3,suspension-kit,yes,derived,unconfirmed,suspension,0,2,yes,yes,1214,original text kept; sections added from the listing's own statements,0,package contents; specifications,batch-2
2532,Fabtech 6 in RTS Lift Kit — K1160DL,suspension,Brand New,P3,suspension-kit,yes,derived,unconfirmed,suspension,0,3,yes,yes,1425,original text kept; sections added from the listing's own statements,0,package contents,batch-2
2533,Fabtech 6 in RTS Lift Kit w/Stealth Shocks for 2020–2024 Chevrolet Silverado 2500 HD 4WD w/6 in lift — K1159M,suspension,Brand New,P3,suspension-kit,yes,derived,unconfirmed,suspension,0,2,yes,yes,1181,original text kept; sections added from the listing's own statements,0,package contents; specifications,batch-2
2534,Fabtech 3.5 in Uniball UCA Lift Kit w/Performance Shocks for 2011–2019 Chevrolet Silverado 2500 HD 4WD RWD w/3.5 in lift — K1064,suspension,Brand New,P3,suspension-kit,yes,derived,unconfirmed,suspension,0,2,yes,yes,1188,original text kept; sections added from the listing's own statements,0,package contents; specifications,batch-2
2535,Fabtech 3.5 in Uniball UCA Lift Kit w/Stealth Shocks for 2011–2019 Chevrolet Silverado 2500 HD 4WD RWD w/3.5 in lift — K1064M,suspension,Brand New,P3,suspension-kit,yes,derived,unconfirmed,suspension,0,2,yes,yes,1173,original text kept; sections added from the listing's own statements,0,package contents; specifications,batch-2
2536,Fabtech 3.5 in Ball Joint UCA Lift Kit w/Dirt Logic 2.25 Reservoir Shocks for 2020–2024 Chevrolet Silverado 2500 HD 4WD w/3.5 in l — K1158DL,suspension,Brand New,P3,suspension-kit,yes,derived,unconfirmed,suspension,0,2,yes,yes,1195,original text kept; sections added from the listing's own statements,0,package contents; specifications,batch-2
2537,Fabtech 3.5 in Uniball UCA Lift Kit w/Dirt Logic 2.25 Shocks w/Reservoir for 2020–2024 Chevrolet Silverado 2500 HD 4WD w/3.5 in li — K1156DL,suspension,Brand New,P3,suspension-kit,yes,derived,unconfirmed,suspension,0,2,yes,yes,1376,original text kept; sections added from the listing's own statements,0,package contents; specifications,batch-2
2538,Fabtech 3.5 in Uniball UCA Lift Kit w/Dirt Logic 2.25 Shocks for 2020–2024 Chevrolet Silverado 2500 HD 4WD w/3.5 in lift — K1155DL,suspension,Brand New,P3,suspension-kit,yes,derived,unconfirmed,suspension,0,2,yes,yes,1328,original text kept; sections added from the listing's own statements,0,package contents; specifications,batch-2
2539,Fabtech 3.5 in Uniball UCA Lift Kit w/Dirt Logic Shocks for 2011–2019 Chevrolet Silverado 2500 HD 4WD RWD w/3.5 in lift — K1065DL,suspension,Brand New,P3,suspension-kit,yes,derived,unconfirmed,suspension,0,2,yes,yes,1186,original text kept; sections added from the listing's own statements,0,package contents; specifications,batch-2
2540,Fabtech 2.25 in Leveling System Kit for 2011–2019 Chevrolet Silverado 2500 HD 4WD RWD w/2.25 in lift — FTL5105,suspension,Brand New,P3,suspension-kit,yes,derived,unconfirmed,suspension,0,2,yes,yes,1127,original text kept; sections added from the listing's own statements,0,package contents; specifications,batch-2
2541,Fabtech 2.25 in Leveling System Kit for 2001–2010 Chevrolet Silverado 2500 HD 4WD w/2.25 in lift — FTL5104,suspension,Brand New,P3,suspension-kit,yes,derived,unconfirmed,suspension,0,2,yes,yes,1099,original text kept; sections added from the listing's own statements,0,package contents; specifications,batch-2
2542,Bilstein B8 5100 Monotube Adjustable Shocks 2021–2026 Ford F-150 4WD — 24-352925,suspension,Brand New,P5,,yes,derived,partial,,1,3,yes,yes,1155,original text kept; sections added from the listing's own statements,0,remaining contents not confirmed,batch-2 (stated only)
2543,Bilstein 5100 Dual Steering Stabilizer Kit Dual Steering Stabilizer + Mounts for 2014–2023 Ram 2500 4WD — 53-264817,suspension,Brand New,P3,suspension-kit,yes,derived,partial,suspension,1,4,yes,yes,1308,original text kept; sections added from the listing's own statements,0,remaining contents not confirmed,batch-2
2544,Bilstein 5100 Monotube Steering Stabilizer for 2003–2010 Dodge Ram 2500 4WD — 24-164870,suspension,Brand New,P5,,yes,derived,partial,,1,4,yes,yes,1226,original text kept; sections added from the listing's own statements,0,remaining contents not confirmed,batch-2 (stated only)
2545,Bilstein 5100 Monotube Steering Stabilizer for 2008–2013 Dodge Ram 2500 4WD — 33-170794,suspension,Brand New,P5,,yes,derived,partial,,1,4,yes,yes,1245,original text kept; sections added from the listing's own statements,0,remaining contents not confirmed,batch-2 (stated only)
2546,Old Man Emu Nitrocharger Plus Rear Shock for 1997–2004 Toyota Hilux — 63044,suspension,Brand New,P5,,no,,,,0,4,yes,yes,874,not started,0,,
2547,Old Man Emu Leaf Spring Bushing Kit for Ford Ranger PX / PX2 / PX3 — OMESB117,suspension,Brand New,P3,suspension-kit,yes,derived,unconfirmed,suspension,0,3,yes,yes,704,original text kept; sections added from the listing's own statements,0,package contents,batch-2
2548,Old Man Emu Leaf Spring Bushing Kit for Toyota Land Cruiser 70 Series — OMESB93,suspension,Brand New,P3,suspension-kit,yes,derived,unconfirmed,suspension,0,2,yes,yes,621,original text kept; sections added from the listing's own statements,0,package contents; specifications,batch-2
2549,Old Man Emu Greasable Shackle Kit for Toyota Land Cruiser 40 / 60 / 70 / 75 Series — OMEGS2,suspension,Brand New,P3,suspension-kit,yes,derived,unconfirmed,suspension,0,4,yes,yes,801,original text kept; sections added from the listing's own statements,0,package contents,batch-2
2550,Old Man Emu Front Coil Spring Packer for Toyota Land Cruiser 79 Series — OME79PF10,suspension,Brand New,P5,,no,,,,0,2,yes,yes,689,not started,0,,
2551,Old Man Emu ABS Wire Bracket Kit for Toyota Land Cruiser 76 / 78 / 79 Series — FK65,suspension,Brand New,P3,suspension-kit,yes,derived,unconfirmed,suspension,0,2,yes,yes,678,original text kept; sections added from the listing's own statements,0,package contents; specifications,batch-2
2552,Old Man Emu BP-51 Front Fitting Kit for Ford Ranger PX3 — VM80010040,suspension,Brand New,P3,suspension-kit,yes,derived,unconfirmed,suspension,0,3,yes,yes,685,original text kept; sections added from the listing's own statements,0,package contents,batch-2
2553,Old Man Emu BP-51 Front Fitting Kit for Toyota Land Cruiser 76 / 78 / 79 Series — VM80010006,suspension,Brand New,P3,suspension-kit,yes,derived,unconfirmed,suspension,0,3,yes,yes,733,original text kept; sections added from the listing's own statements,0,package contents,batch-2
2554,Old Man Emu BP-51 Rear Fitting Kit for Toyota Land Cruiser 76 / 78 / 79 Series — VM80010007,suspension,Brand New,P3,suspension-kit,yes,derived,unconfirmed,suspension,0,3,yes,yes,728,original text kept; sections added from the listing's own statements,0,package contents,batch-2
2555,Old Man Emu BP-51 Front Left Coilover for 2019–2022 Ford Ranger PX3 — BP5190012L (Each),suspension,Brand New,P5,,no,,,,0,6,yes,yes,1052,not started,0,,
2556,ARB Alloy Flat Roof Rack with Mesh Floor for 2012–2015 Toyota Land Cruiser 200 Series — 4900040MKLC2,4x4-accessories,Brand New,P5,,no,,,,0,4,yes,yes,911,not started,0,,
2557,ARB BASE Rack Mount Kit for 2008–2022 Toyota Land Cruiser 200 Series — 17915010,4x4-accessories,Brand New,P5,,yes,derived,stated,,0,5,yes,yes,834,original text kept; sections added from the listing's own statements,1,,batch-2 (stated only)
2558,ARB BASE Rack Wind Deflector for 2008–2022 Toyota Land Cruiser 200 Series — 17915040,4x4-accessories,Brand New,P5,,no,,,,0,4,yes,yes,691,not started,0,,
2559,ARB BASE Rack Mount Kit for Toyota Land Cruiser 100 Series — 17913010,4x4-accessories,Brand New,P5,,yes,derived,listed,,2,4,yes,yes,766,original text kept; sections added from the listing's own statements,0,,batch-2 (stated only)
2560,ARB Sahara Bar Centre Tube for Toyota Land Cruiser 100 Series — 5100050,bumper,Brand New,P5,,no,,,,0,3,yes,yes,697,not started,0,,
2561,Dobinsons Rear Bumper with Swing-Outs for Toyota Land Cruiser 76 / 78 Series LWB Wagon — BW80-4133,bumper,Brand New,P5,,yes,derived,stated,,0,5,yes,yes,1097,original text kept; sections added from the listing's own statements,1,,batch-2 (stated only)
2562,Dobinsons Rear Bumper with Swing-Outs for Toyota Land Cruiser 80 Series — BW80-4134,bumper,Brand New,P5,,yes,derived,stated,,0,5,yes,yes,982,original text kept; sections added from the listing's own statements,1,,batch-2 (stated only)
2563,Dobinsons Tailshaft Spacer Kit for Ford Ranger — WA19-527K,suspension,Brand New,P3,suspension-kit,yes,derived,unconfirmed,suspension,0,4,yes,yes,747,original text kept; sections added from the listing's own statements,0,package contents,batch-2
2564,King Front Bump Stop Kit for 1990–1997 Toyota Land Cruiser 80 Series — 20AB001-101,suspension,Brand New,P3,suspension-kit,yes,derived,unconfirmed,suspension,0,4,yes,yes,980,original text kept; sections added from the listing's own statements,0,package contents,batch-2
2565,King Rear Bump Stop Kit for 1990–1997 Toyota Land Cruiser 80 Series — 20AB001-102,suspension,Brand New,P3,suspension-kit,yes,derived,unconfirmed,suspension,0,4,yes,yes,978,original text kept; sections added from the listing's own statements,0,package contents,batch-2
2566,Bosch New Stock CP4 Injection Pump — 2011–2014 Ford 6.7L Power Stroke — 0445010851,engine,Brand New,P5,,no,,,,0,4,yes,yes,855,not started,0,,
2567,Bosch Remanufactured Stock CP4 Injection Pump — 2011–2014 Ford 6.7L Power Stroke — 0986437422,engine,Refurbished,P5,,no,,,,0,4,yes,yes,1001,not started,0,,
2568,Bosch New Stock CP4 Injection Pump — 2015–2019 Ford 6.7L Power Stroke — 0445010810,engine,Brand New,P5,,no,,,,0,4,yes,yes,855,not started,0,,
2569,Garrett New GTP38 Turbocharger — 1999.5–2003 Ford 7.3L Power Stroke — 702011-5011,turbocharger,Brand New,P2,turbo-supercharger,yes,derived,unconfirmed,turbocharger,0,5,yes,yes,740,original text kept; sections added from the listing's own statements,0,package contents,batch-1
2570,Rotomaster Remanufactured Turbocharger — 2011–2016 Ford 6.7L Power Stroke Cab & Chassis — A8670101R,turbocharger,Refurbished,P2,turbo-supercharger,yes,derived,listed,turbocharger,1,6,yes,yes,949,original text kept; sections added from the listing's own statements,0,,batch-1
2571,Bosch Stock Replacement Injector — 2011–2014 Ford 6.7L Power Stroke — 0986435415 (Each),engine,Refurbished,P5,,no,,,,0,6,yes,yes,919,not started,0,,
2572,Industrial Injection Stock Remanufactured Injector — 2003–2004 Ford 6.0L Power Stroke — 316301 (Each),engine,Refurbished,P5,,no,,,,0,5,yes,yes,921,not started,0,,
2573,Bosch Remanufactured 150 Amp Alternator — 2011–2016 Ford 6.7L Power Stroke — AL7588X,electronics,Refurbished,P5,,no,,,,0,4,yes,yes,810,not started,0,,
2574,Bosch Remanufactured 157 Amp Alternator — 2011–2016 Ford 6.7L Power Stroke (top position) — AL7677X,electronics,Refurbished,P5,,no,,,,0,4,yes,yes,939,not started,0,,
2575,Bosch Remanufactured 220 Amp Alternator — 2011–2016 Ford 6.7L Power Stroke (bottom position) — AL7587X,electronics,Refurbished,P5,,no,,,,0,4,yes,yes,948,not started,0,,
2576,Alliant Power Alternator — 2011–2016 Ford 6.7L Power Stroke — AP83010,electronics,Brand New,P5,,no,,,,0,3,yes,yes,792,not started,0,,
2577,Alliant Power Alternator — 2011–2016 Ford 6.7L Power Stroke with dual alternators (bottom) — AP83009,electronics,Brand New,P5,,no,,,,0,3,yes,yes,873,not started,0,,
2578,Apex Chassis Extreme Duty Upper & Lower Ball Joint Set — 2000–2002 Dodge Ram 2500 / 3500 — KIT114,suspension,Brand New,P3,suspension-kit,yes,derived,unconfirmed,suspension,0,3,yes,yes,806,original text kept; sections added from the listing's own statements,0,package contents,batch-2
2579,Apex Chassis Extreme Duty Upper & Lower Ball Joint Set — 2003–2013 Ram 2500 / 2003–2010 Ram 3500 — KIT201,suspension,Brand New,P3,suspension-kit,yes,derived,unconfirmed,suspension,0,3,yes,yes,837,original text kept; sections added from the listing's own statements,0,package contents,batch-2
2580,Synergy Heavy Duty Adjustable Rebuildable Ball Joint Kit — 2003–2013 Ram 2500 / 2003–2012 Ram 3500 4WD — 4123,suspension,Brand New,P3,suspension-kit,yes,derived,unconfirmed,suspension,0,3,yes,yes,1018,original text kept; sections added from the listing's own statements,0,package contents,batch-2
2581,Rare Parts Diamond Series Front Track Bar Ball Joint — 2005–2026 Ford F-250 / F-350 / F-450 / F-550 4WD — 11901,suspension,Brand New,P5,,no,,,,0,4,yes,yes,979,not started,0,,
2582,Mishimoto Performance Intercooler Kit — 2019–2026 Ram 6.7L Cummins — MMINT-RAM-19KSLP,engine,Brand New,P3,cooling-kit,yes,derived,unconfirmed,cooling,0,5,yes,yes,825,original text kept; sections added from the listing's own statements,0,package contents,batch-2
2583,"Mishimoto Performance Intercooler Kit with Piping, Black — 2010–2012 Ram 6.7L Cummins — MMINT-RAM-10KBK",engine,Brand New,P3,cooling-kit,yes,derived,partial,cooling,2,5,yes,yes,673,original text kept; sections added from the listing's own statements,0,remaining contents not confirmed,batch-2
2584,KC Turbos Upgraded Intercooler — 2003–2007 Ford 6.0L Power Stroke — 302291,engine,Brand New,P5,,no,,,,0,5,yes,yes,661,not started,0,,
2585,"Mag-Hytec Deep Transmission Pan, 68RFE — 2007.5–2024 Ram 6.7L Cummins — 68RFE",transmission,Brand New,P5,,no,,,,0,5,yes,yes,617,not started,0,,
2586,"SunCoast Deep Aluminium Transmission Pan, +4 Quarts, 68RFE — 2007.5–2024 Ram 6.7L Cummins — P68REP22",transmission,Brand New,P5,,no,,,,0,5,yes,yes,654,not started,0,,
2587,"PPE Bar and Plate Transmission Cooler, 68RFE — 2019–2024 Ram 6.7L Cummins — 224065000",transmission,Brand New,P5,,no,,,,0,4,yes,yes,681,not started,0,,
2588,Cognito Allison Transmission Shift Linkage Bracket — 2005–2019 Silverado / Sierra 2500HD / 3500HD 4WD — 110-90278,transmission,Brand New,P5,,no,,,,0,4,yes,yes,717,not started,0,,
2603,Safari ARMAX Snorkel for 2010–2023 Toyota 4Runner — SS450HP,4x4-accessories,Brand New,P5,,yes,derived,listed,,1,5,yes,yes,1376,original text kept; sections added from the listing's own statements,0,,batch-2 (stated only)
2604,Safari ARMAX Snorkel for 2016–2023 Toyota Tacoma — SS172HP,4x4-accessories,Brand New,P5,,yes,derived,listed,,1,5,yes,yes,1376,original text kept; sections added from the listing's own statements,0,,batch-2 (stated only)
2605,Safari ARMAX Snorkel for 2005–2015 Toyota Tacoma — SS171HP,4x4-accessories,Brand New,P5,,yes,derived,listed,,1,5,yes,yes,1374,original text kept; sections added from the listing's own statements,0,,batch-2 (stated only)
2606,Safari VSPEC Snorkel for 2018–2023 / 2020–2023 Jeep Wrangler / Jeep Gladiator — SS1080HF,4x4-accessories,Brand New,P5,,yes,derived,listed,,1,5,yes,yes,1481,original text kept; sections added from the listing's own statements,0,,batch-2 (stated only)
2607,Safari VSPEC Snorkel for 2019–2023 Ford Ranger — SS983HF,4x4-accessories,Brand New,P5,,yes,derived,listed,,1,5,yes,yes,1418,original text kept; sections added from the listing's own statements,0,,batch-2 (stated only)
2608,Safari VSPEC Snorkel for 2007–2009 Toyota FJ Cruiser — SS410HF,4x4-accessories,Brand New,P5,,yes,derived,listed,,1,5,yes,yes,1410,original text kept; sections added from the listing's own statements,0,,batch-2 (stated only)
2609,Safari ARMAX Snorkel for 2005–2015 Toyota Tacoma — SS123HP,4x4-accessories,Brand New,P5,,yes,derived,listed,,1,5,yes,yes,1374,original text kept; sections added from the listing's own statements,0,,batch-2 (stated only)
2610,Safari VSPEC Snorkel for 2003–2009 Toyota 4Runner — SS445HF,4x4-accessories,Brand New,P5,,yes,derived,listed,,1,5,yes,yes,1404,original text kept; sections added from the listing's own statements,0,,batch-2 (stated only)
2611,Safari VSPEC Snorkel for 2010–2014 Toyota FJ Cruiser — SS420HF,4x4-accessories,Brand New,P5,,yes,derived,listed,,1,5,yes,yes,1410,original text kept; sections added from the listing's own statements,0,,batch-2 (stated only)
2612,Safari VSPEC Snorkel for 1995–2004 Toyota Tacoma — SS170HF,4x4-accessories,Brand New,P5,,yes,derived,listed,,1,5,yes,yes,1416,original text kept; sections added from the listing's own statements,0,,batch-2 (stated only)
2613,Safari VSPEC Snorkel for 2003–2009 Toyota 4Runner — SS440HF,4x4-accessories,Brand New,P5,,yes,derived,listed,,1,5,yes,yes,1406,original text kept; sections added from the listing's own statements,0,,batch-2 (stated only)
2614,Safari VSPEC Snorkel for 2012–2017 / 2018 Jeep Wrangler / Jeep Wrangler JK — SS1070HF,4x4-accessories,Brand New,P5,,yes,derived,listed,,1,5,yes,yes,1461,original text kept; sections added from the listing's own statements,0,,batch-2 (stated only)
2615,Safari VSPEC Snorkel for 1987–1995 Jeep Wrangler — SS1000HF,4x4-accessories,Brand New,P5,,yes,derived,listed,,1,5,yes,yes,1415,original text kept; sections added from the listing's own statements,0,,batch-2 (stated only)
2616,Safari VSPEC Snorkel for 2002–2005 Jeep Liberty — SS1130HF,4x4-accessories,Brand New,P5,,yes,derived,listed,,1,5,yes,yes,1409,original text kept; sections added from the listing's own statements,0,,batch-2 (stated only)
2617,Safari VSPEC Snorkel for 2005–2006 Jeep Liberty — SS1135HF,4x4-accessories,Brand New,P5,,yes,derived,listed,,1,5,yes,yes,1403,original text kept; sections added from the listing's own statements,0,,batch-2 (stated only)
2618,ARB Recovery Point for 2008–2021 Toyota Land Cruiser — 2815020,4x4-accessories,Brand New,P5,,no,,,,0,4,yes,yes,1012,not started,0,,
2619,ARB Recovery Point (LHS) for 2024–2026 Toyota Land Cruiser — 2821040,4x4-accessories,Brand New,P5,,no,,,,0,5,yes,yes,1072,not started,0,,
2620,ARB Recovery Point (RHS) for 2024–2026 Toyota Land Cruiser — 2821050,4x4-accessories,Brand New,P5,,no,,,,0,5,yes,yes,1075,not started,0,,
2621,ARB Recovery Point for 2005–2023 Toyota Tacoma — 2823010,4x4-accessories,Brand New,P5,,no,,,,0,4,yes,yes,994,not started,0,,
2622,"ARB Recovery Bow Shackle, 10 mm, 1 t Rated — ARB2011",4x4-accessories,Brand New,P5,,no,,,,0,5,yes,yes,764,not started,0,,
2623,"ARB Recovery Bow Shackle, 16 mm, 3.25 t Rated — ARB2012",4x4-accessories,Brand New,P5,,no,,,,0,5,yes,yes,709,not started,0,,
2624,"ARB Recovery Bow Shackle, 19 mm, 4.75 t Rated — ARB2014",4x4-accessories,Brand New,P5,,no,,,,0,5,yes,yes,720,not started,0,,
2625,"ARB Recovery Bow Shackle, 25 mm, 8.5 t Rated — ARB2016",4x4-accessories,Brand New,P5,,no,,,,0,5,yes,yes,706,not started,0,,
2626,ARB Soft Connect Shackle — ARB2018,4x4-accessories,Brand New,P5,,no,,,,0,2,yes,yes,727,not started,0,,
2627,ARB Recovery Damper — ARB220,4x4-accessories,Brand New,P5,,no,,,,0,2,yes,yes,743,not started,0,,
2628,"ARB Snatch Block, 15,000 lb — ARB2091A",4x4-accessories,Brand New,P5,,no,,,,0,3,yes,yes,723,not started,0,,
2629,"ARB Ultra Light Snatch Block, 20,000 lb — 10100020A",4x4-accessories,Brand New,P5,,no,,,,0,3,yes,yes,686,not started,0,,
2630,ARB Hawse Fairlead Spacer Kit — 3500600,4x4-accessories,Brand New,P5,,no,,,,0,2,yes,yes,689,not started,0,,
2631,ARB Winch Spacer Kit — 3500050,4x4-accessories,Brand New,P5,,no,,,,0,2,yes,yes,600,not started,0,,
2632,ARB Front Air Locker Dash Switch — 180223SP,4x4-accessories,Brand New,P5,,no,,,,0,2,yes,yes,663,not started,0,,
2633,ARB Rear Air Locker Dash Switch — 180224SP,4x4-accessories,Brand New,P5,,no,,,,0,2,yes,yes,660,not started,0,,
2634,ARB 1/8 in 12V Aluminium Solenoid Valve — 180103SP,4x4-accessories,Brand New,P5,,no,,,,0,5,yes,yes,731,not started,0,,
2635,ARB Air Locker Seal Housing and O-Ring Kit — 082104SP,4x4-accessories,Brand New,P5,,no,,,,0,2,yes,yes,705,not started,0,,
2636,ARB Air Locker Seal Housing and O-Ring Kit — 082101SP,4x4-accessories,Brand New,P5,,no,,,,0,2,yes,yes,725,not started,0,,
2637,"ARB Air Line, 6 mm × 3 mm × 6 m — 170314",4x4-accessories,Brand New,P5,,no,,,,0,4,yes,yes,652,not started,0,,
2638,"ARB Air Fitting, LP 6 mm Push-in — 170213SP",4x4-accessories,Brand New,P5,,no,,,,0,4,yes,yes,803,not started,0,,
2639,"ARB Push-in Fitting, 5 mm to 1/8 BSPP — 170201SP",4x4-accessories,Brand New,P5,,no,,,,0,4,yes,yes,619,not started,0,,
2640,NACHO Quatro LED Auxiliary Light Spot Set — PM431,lighting,Brand New,P5,,yes,derived,listed,,1,9,yes,yes,1401,original text kept; sections added from the listing's own statements,0,,batch-2 (stated only)
2641,NACHO Quatro LED Auxiliary Light Flood Set — PM451,lighting,Brand New,P5,,yes,derived,listed,,1,9,yes,yes,1421,original text kept; sections added from the listing's own statements,0,,batch-2 (stated only)
2642,NACHO Quatro Amber Light SAE Combo — PM491,lighting,Brand New,P5,,yes,derived,listed,,1,4,yes,yes,1293,original text kept; sections added from the listing's own statements,0,,batch-2 (stated only)
2644,NACHO Quatro Amber/Blue Chase Light Set — PM455AB,lighting,Brand New,P5,,no,,,,0,5,yes,yes,1260,not started,0,,
2645,NACHO Quatro Red Chase Light Set — PM455RD,lighting,Brand New,P5,,no,,,,0,5,yes,yes,1253,not started,0,,
2646,NACHO Quatro Red/Amber Chase Light Set — PM455RA,lighting,Brand New,P5,,no,,,,0,5,yes,yes,1259,not started,0,,
2647,NACHO Quatro Amber Chase Light Set — PM455AM,lighting,Brand New,P5,,no,,,,0,5,yes,yes,1255,not started,0,,
2648,NACHO Quatro Red/Blue Emergency Light Set — PM435RB,lighting,Brand New,P5,,no,,,,0,5,yes,yes,1207,not started,0,,
2649,NACHO Quatro Supreme 80 — PM435,lighting,Brand New,P5,,no,,,,0,7,yes,yes,1223,not started,0,,
2650,NACHO Quatro Supreme 100 — PM415,lighting,Brand New,P5,,no,,,,0,7,yes,yes,1152,not started,0,,
2651,NACHO Quatro LED Auxiliary Light Combo Set — PM411,lighting,Brand New,P5,,yes,derived,listed,,1,9,yes,yes,1447,original text kept; sections added from the listing's own statements,0,,batch-2 (stated only)
2652,NACHO Quatro SAE LED Auxiliary Light Combo Amber Set — PM471,lighting,Brand New,P5,,yes,derived,listed,,1,8,yes,yes,1527,original text kept; sections added from the listing's own statements,0,,batch-2 (stated only)
2653,NACHO Quatro SAE LED Auxiliary Combo White Set — PM461,lighting,Brand New,P5,,yes,derived,listed,,1,9,yes,yes,1478,original text kept; sections added from the listing's own statements,0,,batch-2 (stated only)
2654,ARB BASE Rack Light Adaptor Kit for NACHO Quatro (Twin Pack) — 1780860,4x4-accessories,Brand New,P5,,no,,,,0,5,yes,yes,910,not started,0,,
2655,Old Man Emu Nitrocharger Plus Rear Shock for Toyota Prado 150 / FJ Cruiser / 4Runner — 63080,suspension,Brand New,P5,,no,,,,0,7,yes,yes,1290,not started,0,,
2656,Old Man Emu Nitrocharger Plus Rear Shock for 2009–2023 Toyota Prado 150 / 4Runner — 63081,suspension,Brand New,P5,,no,,,,0,7,yes,yes,1287,not started,0,,
2657,Old Man Emu Nitrocharger Plus Rear Shock for 2002–2009 Toyota Prado 120 — 63112,suspension,Brand New,P5,,no,,,,0,7,yes,yes,1277,not started,0,,
2658,Old Man Emu Nitrocharger Plus Rear Shock for 2003–2009 Toyota Prado 120 / 4Runner — 63005,suspension,Brand New,P5,,no,,,,0,7,yes,yes,1287,not started,0,,
2659,Old Man Emu Nitrocharger Plus Rear Shock for Toyota Prado 120 / 4Runner / FJ Cruiser — 63004,suspension,Brand New,P5,,no,,,,0,5,yes,yes,1238,not started,0,,
2660,Old Man Emu Nitrocharger Plus Rear Shock for Nissan Patrol Y61 and Y60 — 63014,suspension,Brand New,P5,,no,,,,0,5,yes,yes,1224,not started,0,,
2661,Old Man Emu Nitrocharger Plus Front Shock for 1997–2009 Nissan Patrol Y61 — 63012,suspension,Brand New,P5,,no,,,,0,5,yes,yes,1228,not started,0,,
2662,Old Man Emu Nitrocharger Plus Rear Shock for 2015-on Mitsubishi Triton — 63138,suspension,Brand New,P5,,no,,,,0,7,yes,yes,1276,not started,0,,
2663,Old Man Emu Nitrocharger Sport Front Strut for 2015-on Mitsubishi Triton — 90033,suspension,Brand New,P5,,no,,,,0,5,yes,yes,1228,not started,0,,
2664,Old Man Emu BP-51 Front Right Coilover for Isuzu D-Max — BP5190009R (Each),suspension,Brand New,P5,,no,,,,0,6,yes,yes,1033,not started,0,,
2665,Old Man Emu BP-51 Front Left Coilover for Isuzu D-Max — BP5190009L (Each),suspension,Brand New,P5,,no,,,,0,6,yes,yes,1029,not started,0,,
2666,Old Man Emu Front Strut Top Hat Kit for Isuzu D-Max — OMETH004 (Pair),suspension,Brand New,P3,suspension-kit,yes,derived,unconfirmed,suspension,0,3,yes,yes,616,original text kept; sections added from the listing's own statements,0,package contents,batch-2
2667,Old Man Emu Greasable Shackle Kit for Isuzu D-Max — OMEGS26,suspension,Brand New,P3,suspension-kit,yes,derived,unconfirmed,suspension,0,3,yes,yes,712,original text kept; sections added from the listing's own statements,0,package contents,batch-2
2668,Dobinsons SS Loop Deluxe Bull Bar for Toyota Land Cruiser Prado 150 Series — BU59-3662,bumper,Brand New,P5,,no,,,,0,4,yes,yes,1011,not started,0,,
2669,Dobinsons SS Loop Deluxe Bull Bar for Toyota Land Cruiser Prado 120 Series — BU59-3661,bumper,Brand New,P5,,no,,,,0,4,yes,yes,1011,not started,0,,
2670,Dobinsons Black Deluxe Bull Bar for 2012–2016 Isuzu D-Max (2nd Gen) — BU21-3685,bumper,Brand New,P5,,no,,,,0,5,yes,yes,1049,not started,0,,
2671,Dobinsons Black Deluxe Bull Bar for 2017–2019 Isuzu D-Max (2nd Gen Facelift) — BU21-3718,bumper,Brand New,P5,,no,,,,0,5,yes,yes,1067,not started,0,,
2672,Dobinsons Rear Bumper with Swing-Outs for 2006–2021 Nissan Patrol Y61 GU — BW80-4111,bumper,Brand New,P5,,yes,derived,stated,,0,4,yes,yes,972,original text kept; sections added from the listing's own statements,1,,batch-2 (stated only)
2673,Dobinsons Greaseable Extended Rear Shackles for Isuzu D-Max (2nd Gen) — SK21-071 (Pair),suspension,Brand New,P3,suspension-kit,yes,derived,listed,suspension,1,5,yes,yes,808,original text kept; sections added from the listing's own statements,0,,batch-2
2674,Dobinsons Full Front Differential Drop Kit for Isuzu D-Max (2nd Gen) — DD21-533K,suspension,Brand New,P2,transfer-case-differential,yes,derived,unconfirmed,drivetrain,0,3,yes,yes,712,original text kept; sections added from the listing's own statements,0,package contents,batch-1
2675,Dobinsons 4-Degree Caster Correction Kit for Toyota Land Cruiser 76 / 78 / 79 Series — WA59-585K,suspension,Brand New,P3,suspension-kit,yes,derived,listed,suspension,1,5,yes,yes,880,original text kept; sections added from the listing's own statements,0,,batch-2
2676,Safari Snorkel for Toyota Land Cruiser Prado 150 Series — SS188HF,4x4-accessories,Brand New,P5,,no,,,,0,3,yes,yes,1050,not started,0,,
2677,Safari Snorkel for 2018-on Mitsubishi Triton — SS663HF,4x4-accessories,Brand New,P5,,no,,,,0,4,yes,yes,1028,not started,0,,
2678,"Dobinsons Snorkel for Mitsubishi Triton / L200 ML and MN, 2.5L and 3.2L Diesel — SN43-3329",4x4-accessories,Brand New,P5,,no,,,,0,4,yes,yes,1096,not started,0,,
2679,ARB BASE Rack Gutter Mount Kit (Set of 6) — 17900010,4x4-accessories,Brand New,P5,,no,,,,0,5,yes,yes,829,not started,0,,
2680,XDP X-TRA Cool Direct-Fit Radiator — 2003–2007 Ford 6.0L Power Stroke — XD298,engine,Brand New,P5,,no,,,,0,5,yes,yes,1264,not started,0,,
2681,XDP X-TRA Cool Direct-Fit Radiator — 1999–2003 Ford 7.3L Power Stroke — XD538,engine,Brand New,P5,,no,,,,0,5,yes,yes,1264,not started,0,,
2682,XDP X-TRA Cool Direct-Fit Radiator — 2003–2009 Dodge Ram 5.9L / 6.7L Cummins — XD296,engine,Brand New,P5,,no,,,,0,5,yes,yes,1278,not started,0,,
2683,XDP X-TRA Cool Direct-Fit Radiator — 2010–2012 Dodge Ram 6.7L Cummins — XD293,engine,Brand New,P5,,no,,,,0,5,yes,yes,1264,not started,0,,
2684,XDP X-TRA Cool Direct-Fit Radiator — 2013–2018 Ram 6.7L Cummins — XD294,engine,Brand New,P5,,no,,,,0,5,yes,yes,1252,not started,0,,
2685,"XDP HD High-Output Alternator, 245 Amp, Wrinkle Black — 2011–2020 Ford 6.7L Power Stroke — XD352",electronics,Brand New,P5,,no,,,,0,5,yes,yes,728,not started,0,,
2686,"XDP HD High-Output Alternator, Wrinkle Black — 2007.5–2020 Ram 6.7L Cummins — XD354",electronics,Brand New,P5,,no,,,,0,5,yes,yes,677,not started,0,,
2687,"XDP HD High-Output Alternator, Wrinkle Black — 1990–1998.5 Dodge Ram 5.9L Cummins — XD510",electronics,Brand New,P5,,no,,,,0,5,yes,yes,638,not started,0,,
2688,"XDP Gear Reduction Starter, Wrinkle Black — 1994–2002 Dodge Ram 5.9L Cummins — XD257",electronics,Brand New,P5,,no,,,,0,4,yes,yes,777,not started,0,,
2689,"XDP Gear Reduction Starter, Wrinkle Black — 2003–2006 Dodge Ram 5.9L Cummins — XD258",electronics,Brand New,P5,,no,,,,0,4,yes,yes,777,not started,0,,
2690,"XDP Gear Reduction Starter, Wrinkle Black — 2007–2022 Ram 5.9L / 6.7L Cummins — XD259",electronics,Brand New,P5,,no,,,,0,4,yes,yes,779,not started,0,,
2691,"XDP Stock+ Power Steering Gearbox, New — 2003–2008 Dodge Ram 2500 / 3500 4WD — XD750",suspension,Brand New,P5,,no,,,,0,4,yes,yes,820,not started,0,,
2692,XDP Remanufactured CP3 Injection Pump — 2001–2010 GM 6.6L Duramax LB7 / LLY / LBZ / LMM — XD522,engine,Refurbished,P5,,no,,,,0,5,yes,yes,713,not started,0,,
2693,PPE Transfer Case Brace — 2001–2007 GM 6.6L Duramax with Allison — 129020107,transmission,Brand New,P2,transfer-case-differential,yes,derived,unconfirmed,drivetrain,0,4,yes,yes,847,original text kept; sections added from the listing's own statements,0,package contents,batch-1
2694,PPE Transfer Case Brace — 2007.5–2010 GM 6.6L LMM Duramax with Allison — 129020710,transmission,Brand New,P2,transfer-case-differential,yes,derived,unconfirmed,drivetrain,0,4,yes,yes,859,original text kept; sections added from the listing's own statements,0,package contents,batch-1
2695,AEV Transfer Case Skid Plate Kit — 2020–2024 Silverado / Sierra 2500HD / 3500HD 6.6L Duramax L5P — 57060003AA,4x4-accessories,Brand New,P2,transfer-case-differential,yes,derived,unconfirmed,drivetrain,0,3,yes,yes,710,original text kept; sections added from the listing's own statements,0,package contents,batch-1
2696,AEV Transfer Case Skid Plate Kit — 2020–2024 Silverado / Sierra 1500 3.0L Duramax — 56060002AA,4x4-accessories,Brand New,P2,transfer-case-differential,yes,derived,unconfirmed,drivetrain,0,3,yes,yes,680,original text kept; sections added from the listing's own statements,0,package contents,batch-1
2697,AEV Transfer Case Skid Plate Kit — 2015–2022 Chevrolet Colorado ZR2 / Z71 — 58060007AA,4x4-accessories,Brand New,P2,transfer-case-differential,yes,derived,unconfirmed,drivetrain,0,3,yes,yes,664,original text kept; sections added from the listing's own statements,0,package contents,batch-1
2698,BD Diesel Roadmaster Allison 1000 Transmission & Converter Package — Chevrolet Silverado & GMC Sierra 2500HD/3500HD 6.6L LML Duramax 4WD — 1064884SS,transmission,Refurbished,P1,transmission,yes,derived,partial,transmission,2,7,yes,yes,1349,original text kept; sections added from the listing's own statements,0,remaining contents not confirmed,batch-1
2699,BD Diesel Roadmaster Allison 1000 Transmission & Converter Package — Chevrolet Silverado & GMC Sierra 2500HD/3500HD 6.6L LMM Duramax 4WD — 1064874SS,transmission,Refurbished,P1,transmission,yes,explicit entry,listed,transmission,2,7,yes,yes,1355,original text kept; sections added from the listing's own statements,1,,pilot
2700,BD Diesel Roadmaster Allison 1000 Transmission & Converter Package — Chevrolet Silverado & GMC Sierra 2500HD/3500HD 6.6L LBZ Duramax 4WD — 1064864SS,transmission,Refurbished,P1,transmission,yes,explicit entry,listed,transmission,2,7,yes,yes,1349,original text kept; sections added from the listing's own statements,1,,pilot
2701,BD Diesel Roadmaster Allison 1000 Transmission & Converter Package — Chevrolet Silverado & GMC Sierra 2500HD/3500HD 6.6L LB7 Duramax 4WD — 1064854SS,transmission,Refurbished,P1,transmission,yes,explicit entry,listed,transmission,2,7,yes,yes,1349,original text kept; sections added from the listing's own statements,1,,pilot
2702,BD Diesel TorqueMaster AS69RC Transmission & Converter Package — Aisin AS69RC RAM 3500/4500/5500 6.7L 2019–2024 4WD — 1065024SM,transmission,Refurbished,P1,transmission,yes,explicit entry,partial,transmission,2,7,yes,yes,1255,original text kept; sections added from the listing's own statements,0,remaining contents not confirmed,pilot
2703,BD Diesel TowMaster AS69RC Transmission & Converter Package — Aisin AS69RC RAM 3500/4500/5500 6.7L 2019–2024 4WD — 1065014SS,transmission,Refurbished,P1,transmission,yes,derived,partial,transmission,2,7,yes,yes,1223,original text kept; sections added from the listing's own statements,0,remaining contents not confirmed,batch-1
2704,BD Diesel TorqueMaster AS69RC Transmission & Converter Package — Aisin AS69RC RAM 3500/4500/5500 6.7L 2013–2018 4WD — 1064364SM,transmission,Refurbished,P1,transmission,yes,derived,partial,transmission,2,7,yes,yes,1255,original text kept; sections added from the listing's own statements,0,remaining contents not confirmed,batch-1
2705,BD Diesel ProForce Torque Converter — Dodge 1994–2007 47RH/47RE/48RE — 1070247X,transmission,Refurbished,P5,,no,,,,0,5,yes,yes,1046,not started,0,,
2706,BD Diesel Roadmaster 66RFE Transmission & Converter Package — RAM 2500/3500 5.7L/6.4L HEMI 2012–2018 4WD — 1064914SS,transmission,Refurbished,P1,transmission,yes,derived,partial,transmission,2,7,yes,yes,1251,original text kept; sections added from the listing's own statements,0,remaining contents not confirmed,batch-1
2707,BD Diesel Roadmaster 10R80 Transmission & Converter Package — Ford Transit 3.5L 2020–2024 4WD — 1064684SS,transmission,Refurbished,P1,transmission,yes,derived,partial,transmission,2,7,yes,yes,1229,original text kept; sections added from the listing's own statements,0,remaining contents not confirmed,batch-1
2708,BD Diesel Roadmaster AS69RC Transmission & Converter Package — Aisin AS69RC RAM 3500/4500/5500 6.7L 2013–2018 4WD — 1064354SS,transmission,Refurbished,P1,transmission,yes,derived,partial,transmission,2,7,yes,yes,1257,original text kept; sections added from the listing's own statements,0,remaining contents not confirmed,batch-1
2709,BD Diesel ProForce Torque Converter — 10D Aisin AS69RC RAM 3500/4500/5500 6.7L Cummins 2013–2024 — 1070290,transmission,Refurbished,P5,,no,,,,0,5,yes,yes,1034,not started,0,,
2710,BD Diesel Roadmaster 6L80 Transmission & Converter Package — Chevy/GMC 1500 2014–2021 4WD — 1064844SS,transmission,Refurbished,P1,transmission,yes,derived,partial,transmission,2,7,yes,yes,1219,original text kept; sections added from the listing's own statements,0,remaining contents not confirmed,batch-1
2711,BD Diesel TowMaster Allison 1000 Transmission — Chevy Allison 1000 - 2006–2007 LBZ 6-speed 4WD — 1064734,transmission,Refurbished,P1,transmission,yes,derived,unconfirmed,transmission,0,5,yes,yes,874,original text kept; sections added from the listing's own statements,0,package contents,batch-1
2712,BD Diesel Roadmaster 10R80 Transmission & Converter Package — Ford F-150 2.7L/3.5L EcoBoost & Raptor 2017 4WD — 1064694SS,transmission,Refurbished,P1,transmission,yes,derived,partial,transmission,2,6,yes,yes,1244,original text kept; sections added from the listing's own statements,0,remaining contents not confirmed,batch-1
2713,BD Diesel Roadmaster 10R80 Transmission & Converter Package — EcoBoost F-150 3.5L/2.7L 2021–2024 & Expedition/navigator 3.5L 4WD — 1064674SS,transmission,Refurbished,P1,transmission,yes,derived,partial,transmission,2,7,yes,yes,1377,original text kept; sections added from the listing's own statements,0,remaining contents not confirmed,batch-1
2714,BD Diesel Roadmaster 10R80 Transmission & Converter Package — Ford Expedition / Lincoln Navigator 3.5L EcoBoost 2018–2021 4WD — 1064664SS,transmission,Refurbished,P1,transmission,yes,derived,partial,transmission,2,7,yes,yes,1293,original text kept; sections added from the listing's own statements,0,remaining contents not confirmed,batch-1
2715,BD Diesel Roadmaster 10R80 Transmission & Converter Package — Ford 10R80 F-150 2.7L/3.5L V6 2018–2020 4WD — 1064614SS,transmission,Refurbished,P1,transmission,yes,derived,partial,transmission,2,7,yes,yes,1241,original text kept; sections added from the listing's own statements,0,remaining contents not confirmed,batch-1
2716,BD Diesel Roadmaster 10R80 Transmission & Converter Package — Ford F-150 3.0L Power Stroke Diesel 2018–2020 4WD — 1064604SS,transmission,Refurbished,P1,transmission,yes,derived,partial,transmission,2,7,yes,yes,1265,original text kept; sections added from the listing's own statements,0,remaining contents not confirmed,batch-1
2717,BD Diesel Roadmaster 10R80 Transmission & Converter Package — Ford F-150 3.0L Power Stroke Diesel 2021 4WD — 1064574SS,transmission,Refurbished,P1,transmission,yes,derived,partial,transmission,2,6,yes,yes,1238,original text kept; sections added from the listing's own statements,0,remaining contents not confirmed,batch-1
2718,BD Diesel TowMaster 4R100 Transmission & Converter Package — Ford 4R100 - 1999–2003 4WD — 1064444SM,transmission,Refurbished,P1,transmission,yes,derived,partial,transmission,2,7,yes,yes,1173,original text kept; sections added from the listing's own statements,0,remaining contents not confirmed,batch-1
2719,BD Diesel TowMaster E4OD Transmission — Ford E4OD - 1995–1997 4WD — 1064424F,transmission,Refurbished,P1,transmission,yes,derived,unconfirmed,transmission,0,6,yes,yes,911,original text kept; sections added from the listing's own statements,0,package contents,batch-1
2720,BD Diesel TowMaster 68RFE Transmission & Converter Package — Dodge 68RFE 2019–2024 4WD — 1064294SS,transmission,Refurbished,P1,transmission,yes,derived,partial,transmission,2,7,yes,yes,1171,original text kept; sections added from the listing's own statements,0,remaining contents not confirmed,batch-1
2721,BD Diesel TorqueMaster 68RFE Transmission — Dodge 68RFE 2019–2024 with Billet Input Shaft 4WD — 1064294B,transmission,Refurbished,P1,transmission,yes,explicit entry,listed,transmission,11,6,yes,yes,993,original text kept; sections added from the listing's own statements,5,,pilot
2722,BD Diesel TowMaster 48RE Transmission & Converter Package — Dodge 48RE 2005–2007 w/TVV Stepper Motor with TapShifter 4WD — 1064234SST,transmission,Refurbished,P1,transmission,yes,derived,partial,transmission,2,7,yes,yes,1241,original text kept; sections added from the listing's own statements,0,remaining contents not confirmed,batch-1
2723,BD Diesel TowMaster 48RE Transmission & Converter Package — Dodge 48RE 2005–2007 w/TVV Stepper Motor 4WD — 1064234SS,transmission,Refurbished,P1,transmission,yes,explicit entry,listed,transmission,2,7,yes,yes,1207,original text kept; sections added from the listing's own statements,4,,pilot
2724,BD Diesel TowMaster 48RE Transmission — Dodge 48RE 2005–2007 w/TVV Stepper Motor 4WD — 1064234F,transmission,Refurbished,P1,transmission,yes,explicit entry,listed,transmission,9,6,yes,yes,949,original text kept; sections added from the listing's own statements,4,,pilot
2725,BD Diesel TorqueMaster 48RE Transmission & Converter Package — Dodge 48RE 2005–2007 w/TVV Stepper Motor with Auxiliary Filter & Billet 4WD — 1064234BM,transmission,Refurbished,P5,,yes,derived,partial,,2,7,yes,yes,1313,original text kept; sections added from the listing's own statements,0,remaining contents not confirmed,batch-2 (stated only)
2726,BD Diesel Roadmaster 68RFE Transmission — Dodge 68RFE 2007.5-2018 4WD — 1064224,transmission,Refurbished,P1,transmission,yes,explicit entry,listed,transmission,5,6,yes,yes,951,original text kept; sections added from the listing's own statements,3,,pilot
2727,BD Diesel TowMaster 48RE Transmission & Converter Package — Dodge 48RE - 2003–2004 with TapShifter 4WD — 1064194SST,transmission,Refurbished,P1,transmission,yes,derived,partial,transmission,2,7,yes,yes,1205,original text kept; sections added from the listing's own statements,0,remaining contents not confirmed,batch-1
2728,BD Diesel TowMaster 48RE Transmission & Converter Package — Dodge 48RE 2003–2004 4WD — 1064194SS,transmission,Refurbished,P1,transmission,yes,explicit entry,listed,transmission,2,7,yes,yes,1167,original text kept; sections added from the listing's own statements,4,,pilot
2729,BD Diesel TorqueMaster 48RE Transmission & Converter Package — Dodge 48RE 2003–2004 with Auxiliary Filter & Billet Input 4WD — 1064194BM,transmission,Refurbished,P5,,yes,derived,partial,,2,7,yes,yes,1273,original text kept; sections added from the listing's own statements,0,remaining contents not confirmed,batch-2 (stated only)
2730,BD Diesel TowMaster 47RE Transmission & Converter Package — Dodge 47RE 2000–2002 4WD — 1064184SS,transmission,Refurbished,P1,transmission,yes,explicit entry,listed,transmission,2,7,yes,yes,1167,original text kept; sections added from the listing's own statements,3,,pilot
2731,BD Diesel TowMaster 47RE Transmission — Dodge 47RE 2000–2002 4WD — 1064184F,transmission,Refurbished,P1,transmission,yes,explicit entry,listed,transmission,10,6,yes,yes,909,original text kept; sections added from the listing's own statements,4,,pilot
2732,BD Diesel TorqueMaster 47RE Transmission & Converter Package — Dodge 47RE 1996–1998 12-valve with Auxiliary Filter & Billet Input 4WD — 1064164BM,transmission,Refurbished,P5,,yes,derived,partial,,2,7,yes,yes,1291,original text kept; sections added from the listing's own statements,0,remaining contents not confirmed,batch-2 (stated only)
2733,BD Diesel TowMaster 47RH Transmission & Converter Package — Dodge 47RH 1994–1995 4WD — 1064154SS,transmission,Refurbished,P1,transmission,yes,derived,partial,transmission,2,7,yes,yes,1167,original text kept; sections added from the listing's own statements,0,remaining contents not confirmed,batch-1
2734,BD Diesel Roadmaster 48RE Transmission & Converter Package — Dodge 48RE 2003–2004 4WD — 1064144SS,transmission,Refurbished,P1,transmission,yes,derived,partial,transmission,2,7,yes,yes,1201,original text kept; sections added from the listing's own statements,0,remaining contents not confirmed,batch-1
2735,BD Diesel 6R140 Transmission Filter Service Kit — Ford Power Stroke 6R140 2011–2022 — 1064046,transmission,Brand New,P5,,no,,,,0,3,yes,yes,878,not started,0,,
2736,BD Diesel 5R110 Transmission Filter Service Kit — Ford Power Stroke 5R110 2003–2010 — 1064045,transmission,Brand New,P5,,no,,,,0,3,yes,yes,878,not started,0,,
2737,BD Diesel 4R100 Transmission Filter Service Kit — Ford Power Stroke E4OR/4R100 1989–2003 — 1064044,transmission,Brand New,P5,,no,,,,0,3,yes,yes,893,not started,0,,
2738,BD Diesel 66RFE Transmission Filter Service Kit — Dodge 66RFE/68RFE 2007.5-2024 — 1064043,transmission,Brand New,P5,,no,,,,0,3,yes,yes,868,not started,0,,
2739,BD Diesel 47RE Transmission Filter Service Kit — Dodge Cummins 47RE/48RE 1998–2007 — 1064042,transmission,Brand New,P5,,no,,,,0,3,yes,yes,876,not started,0,,
2740,BD Diesel Allison 1000 Transmission Filter Service Kit — Chevy Allison 1000 2001–2016 — 1064041,transmission,Brand New,P5,,no,,,,0,3,yes,yes,877,not started,0,,
2741,BD Diesel ProForce Torque Converter — Ford F-150/expedition/transit 2.7L/3.5L/5.0L 2017–2025 — 1030243,transmission,Refurbished,P5,,no,,,,0,5,yes,yes,1037,not started,0,,
2742,BD Diesel ProForce Torque Converter — 3D Ford 6.4L Power Stroke 5R110 2008–2010 — 1030222,transmission,Refurbished,P5,,no,,,,0,5,yes,yes,999,not started,0,,
2743,BD Diesel TorqueMaster 68RFE Transmission & Converter Package — Dodge 68RFE 2019–2024 with Billet Input Shaft 4WD — 1064294BM,transmission,Refurbished,P1,transmission,yes,derived,partial,transmission,2,7,yes,yes,1251,original text kept; sections added from the listing's own statements,0,remaining contents not confirmed,batch-1
2744,BD Diesel TowMaster 68RFE Transmission — Dodge 68RFE 2007.5-2018 4WD — 1064264,transmission,Refurbished,P1,transmission,yes,explicit entry,listed,transmission,13,6,yes,yes,917,original text kept; sections added from the listing's own statements,3,,pilot
2745,BD Diesel TowMaster 48RE Transmission — Dodge 48RE 2003–2004 4WD — 1064194F,transmission,Refurbished,P1,transmission,yes,explicit entry,listed,transmission,9,6,yes,yes,909,original text kept; sections added from the listing's own statements,4,,pilot
2746,BD Diesel ProForce Torque Converter — RAM 2500/3500 Pickup/cab & Chassis 5.7L/6.4L 2012–2018 — 1070200,transmission,Refurbished,P5,,no,,,,0,5,yes,yes,1037,not started,0,,
2747,BD Diesel ProForce Torque Converter — 3D — 1071220X,transmission,Refurbished,P5,,no,,,,0,4,yes,yes,986,not started,0,,
2748,BD Diesel ProForce Torque Converter — 3D Dodge 1994–2007 47RH/47RE/48RE — 1071217X,transmission,Refurbished,P5,,no,,,,0,5,yes,yes,1052,not started,0,,
2749,BD Diesel Roadmaster 5R110 Transmission & Converter Package — Ford 6.4L Power Stroke F-250/F-350 2008–2010 — 1064652SM,transmission,Refurbished,P1,transmission,yes,explicit entry,listed,transmission,2,6,yes,yes,1230,original text kept; sections added from the listing's own statements,1,,pilot
2750,BD Diesel Roadmaster 5R110 Transmission & Converter Package — Ford 6.0L Power Stroke F-250/F-350 2005–2007 — 1064642SM,transmission,Refurbished,P1,transmission,yes,derived,partial,transmission,2,6,yes,yes,1230,original text kept; sections added from the listing's own statements,0,remaining contents not confirmed,batch-1
2751,BD Diesel Roadmaster 5R110 Transmission & Converter Package — Ford 6.0L Power Stroke F-250/F-350 2003–2004 — 1064632SM,transmission,Refurbished,P1,transmission,yes,derived,partial,transmission,2,6,yes,yes,1230,original text kept; sections added from the listing's own statements,0,remaining contents not confirmed,batch-1
2752,BD Diesel Roadmaster 10R80 Transmission & Converter Package — Ford 10R80 F-150 5.0L V8 2018–2020 4WD — 1064624SS,transmission,Refurbished,P1,transmission,yes,derived,partial,transmission,2,7,yes,yes,1231,original text kept; sections added from the listing's own statements,0,remaining contents not confirmed,batch-1
2753,BD Diesel Roadmaster 47RE Transmission & Converter Package — Dodge RAM 2500/3500 5.9L Cummins 2000–2002 4WD — 1064994SS,transmission,Refurbished,P1,transmission,yes,derived,partial,transmission,2,7,yes,yes,1255,original text kept; sections added from the listing's own statements,0,remaining contents not confirmed,batch-1
2754,BD Diesel Roadmaster 47RE Transmission & Converter Package — Dodge RAM 2500/3500 5.9L Cummins 1998.5-1999 4WD — 1064984SS,transmission,Refurbished,P1,transmission,yes,derived,partial,transmission,2,7,yes,yes,1261,original text kept; sections added from the listing's own statements,0,remaining contents not confirmed,batch-1
2755,BD Diesel Roadmaster 47RE Transmission & Converter Package — Dodge RAM 2500/3500 5.9L Cummins 1996–1998 4WD — 1064974SS,transmission,Refurbished,P1,transmission,yes,derived,partial,transmission,2,7,yes,yes,1255,original text kept; sections added from the listing's own statements,0,remaining contents not confirmed,batch-1
2756,BD Diesel TowMaster AS69RC Transmission & Converter Package — Aisin AS69RC RAM 3500/4500/5500 6.7L 2013–2018 4WD — 1064274SS,transmission,Refurbished,P1,transmission,yes,derived,partial,transmission,2,7,yes,yes,1223,original text kept; sections added from the listing's own statements,0,remaining contents not confirmed,batch-1
2757,BD Diesel Roadmaster Transmission & Converter Package — Allison GMC/chevy Sierra/silverado 2500HD/3500HD 6.6L Duramax — 1064774SS,transmission,Refurbished,P1,transmission,yes,derived,partial,transmission,2,5,yes,yes,1192,original text kept; sections added from the listing's own statements,0,remaining contents not confirmed,batch-1
2758,BD Diesel Roadmaster E4OD Transmission & Converter Package — Ford F-250/F-350 7.3L Power Stroke 1995–1997 4WD — 1064074SS,transmission,Refurbished,P1,transmission,yes,derived,partial,transmission,2,7,yes,yes,1259,original text kept; sections added from the listing's own statements,0,remaining contents not confirmed,batch-1
2759,BD Diesel AS69RC Transmission Filter Service Kit — RAM Aisin AS69RC 2013–2024 — 1064048,transmission,Brand New,P5,,no,,,,0,3,yes,yes,859,not started,0,,
2760,BD Diesel TorqueMaster 6R140 Transmission & Converter Package — Ford 6R140 6.7L Power Stroke 2017–2019 2wd/4wd 2WD and 4WD — 1064514BM,transmission,Refurbished,P1,transmission,yes,derived,partial,transmission,2,8,yes,yes,1201,original text kept; sections added from the listing's own statements,0,remaining contents not confirmed,batch-1
2761,BD Diesel TorqueMaster 6R140 Transmission & Converter Package — Ford 6R140 6.7L Power Stroke 2011–2016 2wd/4wd 2WD and 4WD — 1064504BM,transmission,Refurbished,P1,transmission,yes,explicit entry,listed,transmission,2,8,yes,yes,1201,original text kept; sections added from the listing's own statements,2,,pilot
2762,BD Diesel TowMaster 4R100 Transmission & Converter Package — Ford 4R100 - 1999–2003 4WD with Billet Input Shaft — 1064444BM,transmission,Refurbished,P1,transmission,yes,derived,partial,transmission,2,6,yes,yes,1128,original text kept; sections added from the listing's own statements,0,remaining contents not confirmed,batch-1
2763,BD Diesel Roadmaster 4R100 Transmission — & Pro Force Ford 7.3L Power Stroke 1999–2003 2WD — 1064432SM,transmission,Refurbished,P1,transmission,yes,derived,unconfirmed,transmission,0,5,yes,yes,914,original text kept; sections added from the listing's own statements,0,package contents,batch-1
2764,BD Diesel Roadmaster 48RE Transmission & Converter Package — Dodge 48RE 2005–2007 4WD — 1064204SS,transmission,Refurbished,P1,transmission,yes,derived,partial,transmission,2,7,yes,yes,1201,original text kept; sections added from the listing's own statements,0,remaining contents not confirmed,batch-1
2765,BD Diesel 10R80 Transmission Filter Service Kit — Ford 10R80 2017–2024 — 1064047,transmission,Brand New,P5,,no,,,,0,3,yes,yes,839,not started,0,,
2766,BD Diesel ProForce Torque Converter — 4D Ford F-250/F-350/F-450/F-550 6.7L 2011–2019 6R140 — 1030238,transmission,Refurbished,P5,,no,,,,0,5,yes,yes,1021,not started,0,,
2767,BD Diesel TorqueMaster 68RFE Transmission & Converter Package — Dodge 68RFE 2007.5-2018 with Billet Input Shaft 4WD — 1064264BM,transmission,Refurbished,P1,transmission,yes,derived,partial,transmission,2,7,yes,yes,1257,original text kept; sections added from the listing's own statements,0,remaining contents not confirmed,batch-1
2768,BD Diesel TowMaster 68RFE Transmission & Converter Package — Dodge 68RFE - 2007.5-2018 4WD — 1064264SS,transmission,Refurbished,P1,transmission,yes,explicit entry,listed,transmission,2,7,yes,yes,1181,original text kept; sections added from the listing's own statements,2,,pilot
2769,BD Diesel TorqueMaster Allison 1000 Transmission & Converter Package — w/ Billet Input Allison 1000 Chevrolet Silverado / GMC Sierra 6.6L 4WD — 1064754BM,transmission,Refurbished,P1,transmission,yes,explicit entry,listed,transmission,2,7,yes,yes,1283,original text kept; sections added from the listing's own statements,1,,pilot
2770,BD Diesel TowMaster Allison 1000 Transmission — Chevrolet Silverado & GMC Sierra 2500HD/3500HD 6.6L LML Duramax — 1064754,transmission,Refurbished,P1,transmission,yes,explicit entry,listed,transmission,5,5,yes,yes,962,original text kept; sections added from the listing's own statements,2,,pilot
2771,BD Diesel TowMaster Allison 1000 Transmission & Converter Package — Chevy Allison 1000 - 2007–2010 LMM 4WD — 1064744SS,transmission,Refurbished,P1,transmission,yes,explicit entry,listed,transmission,2,7,yes,yes,1151,original text kept; sections added from the listing's own statements,1,,pilot
2772,BD Diesel TorqueMaster Allison 1000 Transmission & Converter Package — Chevy Allison 1000 with Billet Input & Triple Torque - 2007–2010 LMM 4WD — 1064744BM,transmission,Refurbished,P1,transmission,yes,explicit entry,listed,transmission,2,7,yes,yes,1251,original text kept; sections added from the listing's own statements,1,,pilot
2773,BD Diesel TowMaster Allison 1000 Transmission — Chevy Allison 1000 - 2007–2010 LMM 4WD — 1064744,transmission,Refurbished,P1,transmission,yes,explicit entry,listed,transmission,7,5,yes,yes,858,original text kept; sections added from the listing's own statements,2,,pilot
2774,BD Diesel TowMaster Allison 1000 Transmission & Converter Package — Chevy Allison 1000 - 2007–2010 LMM 2WD — 1064742SS,transmission,Refurbished,P1,transmission,yes,derived,partial,transmission,2,7,yes,yes,1151,original text kept; sections added from the listing's own statements,0,remaining contents not confirmed,batch-1
2775,BD Diesel TorqueMaster Allison 1000 Transmission & Converter Package — Chevy Allison 1000 with Billet Input & Triple Torque - 2007–2010 LMM 2WD — 1064742BM,transmission,Refurbished,P1,transmission,yes,explicit entry,listed,transmission,2,7,yes,yes,1251,original text kept; sections added from the listing's own statements,1,,pilot
2776,BD Diesel TowMaster Allison 1000 Transmission — Chevy Allison 1000 - 2007–2010 LMM 2WD — 1064742,transmission,Refurbished,P1,transmission,yes,derived,unconfirmed,transmission,0,5,yes,yes,858,original text kept; sections added from the listing's own statements,0,package contents,batch-1
2777,BD Diesel TowMaster Allison 1000 Transmission & Converter Package — Chevy Allison 1000 - 2006–2007 LBZ 6-speed 4WD — 1064734SS,transmission,Refurbished,P1,transmission,yes,explicit entry,listed,transmission,2,7,yes,yes,1167,original text kept; sections added from the listing's own statements,1,,pilot
2778,BD Diesel TorqueMaster Allison 1000 Transmission & Converter Package — Chevy Allison 1000 with Billet Input & Triple Torque - 2006–2007 LBZ 4WD — 1064734BM,transmission,Refurbished,P1,transmission,yes,explicit entry,listed,transmission,2,7,yes,yes,1267,original text kept; sections added from the listing's own statements,1,,pilot
2779,BD Diesel TowMaster Allison 1000 Transmission & Converter Package — Chevy Allison 1000 - 2006–2007 LBZ 6-speed 2WD — 1064732SS,transmission,Refurbished,P1,transmission,yes,explicit entry,listed,transmission,2,7,yes,yes,1167,original text kept; sections added from the listing's own statements,1,,pilot
2780,BD Diesel TorqueMaster Allison 1000 Transmission & Converter Package — Chevy Allison 1000 with Billet Input & Triple Torque - 2006–2007 LBZ 2WD — 1064732BM,transmission,Refurbished,P1,transmission,yes,explicit entry,listed,transmission,2,7,yes,yes,1267,original text kept; sections added from the listing's own statements,1,,pilot
2781,BD Diesel TowMaster Allison 1000 Transmission & Converter Package — Chevy Allison 1000 - 2004.5-2006 LLY 5-speed 4WD — 1064724SS,transmission,Refurbished,P1,transmission,yes,explicit entry,listed,transmission,2,7,yes,yes,1173,original text kept; sections added from the listing's own statements,1,,pilot
2782,BD Diesel TorqueMaster Allison 1000 Transmission & Converter Package — Chevy Allison 1000 with Billet Input & Triple Torque - 2004.5-2006 LLY 4WD — 1064724BM,transmission,Refurbished,P1,transmission,yes,derived,partial,transmission,2,7,yes,yes,1273,original text kept; sections added from the listing's own statements,0,remaining contents not confirmed,batch-1
2783,BD Diesel TowMaster Allison 1000 Transmission — Chevy Allison 1000 - 2004.5-2006 LLY 5-speed 4WD — 1064724,transmission,Refurbished,P1,transmission,yes,derived,unconfirmed,transmission,0,5,yes,yes,880,original text kept; sections added from the listing's own statements,0,package contents,batch-1
2784,BD Diesel TowMaster Allison 1000 Transmission & Converter Package — Chevy Allison 1000 - 2004.5-2006 LLY 5-speed 2WD — 1064722SS,transmission,Refurbished,P1,transmission,yes,explicit entry,listed,transmission,2,7,yes,yes,1173,original text kept; sections added from the listing's own statements,1,,pilot
2785,BD Diesel TorqueMaster Allison 1000 Transmission & Converter Package — Chevy Allison 1000 with Billet Input & Triple Torque - 2004.5-2006 LLY 2WD — 1064722BM,transmission,Refurbished,P1,transmission,yes,derived,partial,transmission,2,7,yes,yes,1273,original text kept; sections added from the listing's own statements,0,remaining contents not confirmed,batch-1
2786,BD Diesel TowMaster Allison 1000 Transmission & Converter Package — Chevy Allison 1000 - 2001–2004 LB7 4WD — 1064704SS,transmission,Refurbished,P1,transmission,yes,explicit entry,listed,transmission,2,7,yes,yes,1151,original text kept; sections added from the listing's own statements,1,,pilot
2787,BD Diesel TorqueMaster Allison 1000 Transmission & Converter Package — Chevy Allison 1000 with Billet Input & Triple Torque - 2001–2004 LB7 4WD — 1064704BM,transmission,Refurbished,P1,transmission,yes,explicit entry,listed,transmission,2,7,yes,yes,1251,original text kept; sections added from the listing's own statements,1,,pilot
2788,BD Diesel TowMaster Allison 1000 Transmission — Chevy Allison 1000 - 2001–2004 LB7 4WD — 1064704,transmission,Refurbished,P1,transmission,yes,explicit entry,listed,transmission,8,5,yes,yes,858,original text kept; sections added from the listing's own statements,2,,pilot
2789,BD Diesel TowMaster Allison 1000 Transmission & Converter Package — Chevy Allison 1000 - 2001–2004 LB7 2WD — 1064702SS,transmission,Refurbished,P1,transmission,yes,explicit entry,listed,transmission,2,7,yes,yes,1151,original text kept; sections added from the listing's own statements,1,,pilot
2790,BD Diesel TowMaster 6R140 Transmission & Converter Package — Ford 6R140 6.7L Power Stroke 2017–2019 2wd/4wd 2WD and 4WD — 1064514SS,transmission,Refurbished,P1,transmission,yes,explicit entry,listed,transmission,2,8,yes,yes,1169,original text kept; sections added from the listing's own statements,2,,pilot
2791,BD Diesel TowMaster 6R140 Transmission & Converter Package — Ford 6R140 6.7L Power Stroke 2011–2016 2wd/4wd 2WD and 4WD — 1064504SS,transmission,Refurbished,P1,transmission,yes,derived,partial,transmission,2,8,yes,yes,1169,original text kept; sections added from the listing's own statements,0,remaining contents not confirmed,batch-1
2792,BD Diesel TowMaster 5R110 Transmission & Converter Package — Ford 5R110 - 2008–2010 6.4L Power Stroke 4WD — 1064494SM,transmission,Refurbished,P1,transmission,yes,explicit entry,listed,transmission,2,6,yes,yes,1116,original text kept; sections added from the listing's own statements,1,,pilot
2793,BD Diesel TowMaster 5R110 Transmission — Ford 5R110 - 2008–2010 6.4L Power Stroke 4WD — 1064494,transmission,Refurbished,P1,transmission,yes,explicit entry,listed,transmission,7,5,yes,yes,856,original text kept; sections added from the listing's own statements,1,,pilot
2794,BD Diesel TowMaster 5R110 Transmission & Converter Package — Ford 5R110 - 2008–2010 6.4L Power Stroke 2WD w/Slip Yoke Drive Shaft — 1064492SM,transmission,Refurbished,P1,transmission,yes,derived,partial,transmission,2,6,yes,yes,1176,original text kept; sections added from the listing's own statements,0,remaining contents not confirmed,batch-1
2795,BD Diesel TowMaster 5R110 Transmission & Converter Package — Ford 5R110 2005–2007 4WD — 1064484SM,transmission,Refurbished,P1,transmission,yes,derived,partial,transmission,2,6,yes,yes,1076,original text kept; sections added from the listing's own statements,0,remaining contents not confirmed,batch-1
2796,BD Diesel TowMaster 5R110 Transmission — Ford 5R110 - 2005–2007 4WD — 1064484,transmission,Refurbished,P1,transmission,yes,explicit entry,listed,transmission,7,5,yes,yes,820,original text kept; sections added from the listing's own statements,2,,pilot
2797,BD Diesel TowMaster 5R110 Transmission & Converter Package — Ford 5R110 - 2005–2007 2WD w/Slip Yoke Drive Shaft Mount — 1064482SM,transmission,Refurbished,P5,,yes,derived,partial,,2,6,yes,yes,1140,original text kept; sections added from the listing's own statements,0,remaining contents not confirmed,batch-2 (stated only)
2798,BD Diesel TowMaster 5R110 Transmission — Ford 5R110 - 2005–2007 2WD w/Slip Yoke Drive Shaft Mount — 1064482,transmission,Refurbished,P5,,no,,,,0,5,yes,yes,880,not started,0,,
2799,BD Diesel TowMaster 5R110 Transmission & Converter Package — Ford 5R110 - 2003–2004 4WD — 1064464SM,transmission,Refurbished,P1,transmission,yes,derived,partial,transmission,2,6,yes,yes,1080,original text kept; sections added from the listing's own statements,0,remaining contents not confirmed,batch-1
2800,BD Diesel TowMaster 5R110 Transmission — Ford 5R110 - 2003–2004 4WD — 1064464,transmission,Refurbished,P1,transmission,yes,derived,unconfirmed,transmission,0,5,yes,yes,820,original text kept; sections added from the listing's own statements,0,package contents,batch-1
2801,BD Diesel TowMaster 5R110 Transmission & Converter Package — Ford 5R110 - 2003–2004 2WD w/Slip Yoke Drive Shaft Mount — 1064462SM,transmission,Refurbished,P5,,yes,derived,partial,,2,6,yes,yes,1140,original text kept; sections added from the listing's own statements,0,remaining contents not confirmed,batch-2 (stated only)
2802,BD Diesel TowMaster 5R110 Transmission — Ford 5R110 - 2003–2004 2WD w/Slip Yoke Drive Shaft Mount — 1064462,transmission,Refurbished,P5,,no,,,,0,5,yes,yes,880,not started,0,,
2803,BD Diesel TowMaster 4R100 Transmission — Ford 4R100 - 1999–2003 4WD — 1064444F,transmission,Refurbished,P1,transmission,yes,explicit entry,listed,transmission,8,5,yes,yes,822,original text kept; sections added from the listing's own statements,3,,pilot
2804,BD Diesel TowMaster 4R100 Transmission — Ford 4R100 - 1999–2003 2WD PTO — 1064442FPTO,transmission,Refurbished,P1,transmission,yes,explicit entry,listed,transmission,9,5,yes,yes,836,original text kept; sections added from the listing's own statements,3,,pilot
2805,BD Diesel TowMaster E4OD Transmission & Converter Package — Ford E4OD - 1995–1997 4WD — 1064424SM,transmission,Refurbished,P1,transmission,yes,derived,partial,transmission,2,7,yes,yes,1169,original text kept; sections added from the listing's own statements,0,remaining contents not confirmed,batch-1
2806,BD Diesel Roadmaster 68RFE Transmission — RAM 68RFE RAM 6.7L Cummins 2019–2024 4WD — 1064304,transmission,Refurbished,P1,transmission,yes,derived,unconfirmed,transmission,0,6,yes,yes,975,original text kept; sections added from the listing's own statements,0,package contents,batch-1
2807,BD Diesel TorqueMaster 68RFE Transmission — Dodge 68RFE - 2007.5-2018 4WD with Billet Input Shaft — 1064264B,transmission,Refurbished,P1,transmission,yes,explicit entry,listed,transmission,13,5,yes,yes,910,original text kept; sections added from the listing's own statements,3,,pilot
2808,BD Diesel TowMaster 48RE Transmission — Dodge 48RE - 2005–2007 4WD w/TVV Stepper Motor - with TapShifter — 1064234FT,transmission,Refurbished,P1,transmission,yes,derived,unconfirmed,transmission,0,5,yes,yes,898,original text kept; sections added from the listing's own statements,0,package contents,batch-1
2809,"BD Diesel TorqueMaster 48RE Transmission & Converter Package — Dodge 48RE - 2005–2007 4WD w/TVV Stepper Motor - with Filter, Billet — 1064234BMT",transmission,Refurbished,P5,,yes,derived,partial,,2,7,yes,yes,1267,original text kept; sections added from the listing's own statements,0,remaining contents not confirmed,batch-2 (stated only)
2810,BD Diesel TorqueMaster 48RE Transmission — Dodge 48RE - 2005–2007 4WD w/TVV Stepper Motor - with Auxiliary Filter — 1064234BFT,transmission,Refurbished,P5,,no,,,,0,5,yes,yes,1002,not started,0,,
2811,BD Diesel TorqueMaster 48RE Transmission — Dodge 48RE - 2005–2007 4WD w/TVV Stepper Motor - with Auxiliary Filter — 1064234BF,transmission,Refurbished,P5,,no,,,,0,5,yes,yes,972,not started,0,,
2812,"BD Diesel TorqueMaster 48RE Transmission & Converter Package — Dodge 48RE - 2003–2004 4WD with Auxiliary Filter, Billet Input & — 1064194BMT",transmission,Refurbished,P5,,yes,derived,partial,,2,7,yes,yes,1243,original text kept; sections added from the listing's own statements,0,remaining contents not confirmed,batch-2 (stated only)
2813,"BD Diesel TorqueMaster 48RE Transmission — Dodge 48RE - 2003–2004 4WD with Auxiliary Filter, Billet Input & — 1064194BFT",transmission,Refurbished,P5,,no,,,,0,5,yes,yes,954,not started,0,,
2814,BD Diesel TorqueMaster 48RE Transmission — Dodge 48RE - 2003–2004 4WD with Auxiliary Filter & Billet Input — 1064194BF,transmission,Refurbished,P5,,no,,,,0,5,yes,yes,928,not started,0,,
2815,BD Diesel TorqueMaster 47RE Transmission & Converter Package — Dodge 47RE - 2000–2002 4WD with Auxiliary Filter & Billet Input — 1064184BM,transmission,Refurbished,P5,,yes,derived,partial,,2,7,yes,yes,1217,original text kept; sections added from the listing's own statements,0,remaining contents not confirmed,batch-2 (stated only)
2816,BD Diesel TorqueMaster 47RE Transmission — Dodge 47RE - 2000–2002 4WD with Auxiliary Filter & Billet Input — 1064184BF,transmission,Refurbished,P5,,no,,,,0,5,yes,yes,928,not started,0,,
2817,BD Diesel TorqueMaster 47RE Transmission & Converter Package — Dodge 47RE - 2000–2002 2WD with Auxiliary Filter & Billet Input — 1064182BM,transmission,Refurbished,P5,,yes,derived,partial,,2,7,yes,yes,1217,original text kept; sections added from the listing's own statements,0,remaining contents not confirmed,batch-2 (stated only)
2818,BD Diesel TowMaster 47RE Transmission & Converter Package — Dodge 47RE - 1998.5-1999 24-valve 4WD — 1064174SS,transmission,Refurbished,P5,,yes,explicit entry,listed,transmission,2,7,yes,yes,1135,original text kept; sections added from the listing's own statements,2,,pilot
2819,BD Diesel TowMaster 47RE Transmission — Dodge 47RE - 1998.5-1999 24-valve 4WD — 1064174F,transmission,Refurbished,P5,,no,,,,0,5,yes,yes,844,not started,0,,
2820,BD Diesel TorqueMaster 47RE Transmission & Converter Package — Dodge 47RE - 1998.5-1999 24-valve 4WD with Auxiliary Filter & Billet — 1064174BM,transmission,Refurbished,P5,,yes,derived,partial,,2,7,yes,yes,1241,original text kept; sections added from the listing's own statements,0,remaining contents not confirmed,batch-2 (stated only)
2821,BD Diesel TorqueMaster 47RE Transmission — Dodge 47RE - 1998.5-1999 24-valve 4WD with Auxiliary Filter & Billet — 1064174BF,transmission,Refurbished,P5,,no,,,,0,5,yes,yes,952,not started,0,,
2822,BD Diesel TowMaster 47RE Transmission & Converter Package — Dodge 47RE - 1997–1999 2WD w/Speed Sensor Only (No Speedo Head) — 1064172SS,transmission,Refurbished,P5,,yes,explicit entry,listed,transmission,2,7,yes,yes,1185,original text kept; sections added from the listing's own statements,2,,pilot
2823,BD Diesel TowMaster 47RE Transmission & Converter Package — Dodge 47RE - 1996–1998 12-valve 4WD — 1064164SS,transmission,Refurbished,P5,,yes,explicit entry,listed,transmission,2,7,yes,yes,1129,original text kept; sections added from the listing's own statements,2,,pilot
2824,BD Diesel TowMaster 47RE Transmission — Dodge 47RE - 1996–1998 12-valve 4WD — 1064164F,transmission,Refurbished,P5,,no,,,,0,5,yes,yes,838,not started,0,,
2825,BD Diesel TowMaster 47RE Transmission & Converter Package — Dodge 47RE - 1996–1997 2WD w/Speed Sensor & Speedo Head - — 1064162SS,transmission,Refurbished,P5,,yes,explicit entry,listed,transmission,2,7,yes,yes,1173,original text kept; sections added from the listing's own statements,2,,pilot
2826,BD Diesel TowMaster 47RH Transmission — Dodge 47RH - 1994–1995 4WD — 1064154F,transmission,Refurbished,P1,transmission,yes,derived,unconfirmed,transmission,0,5,yes,yes,820,original text kept; sections added from the listing's own statements,0,package contents,batch-1
2827,BD Diesel TorqueMaster 47RH Transmission & Converter Package — Dodge 47RH - 1994–1995 4WD with Billet Input & Auxiliary Filter — 1064154BM,transmission,Refurbished,P5,,yes,derived,partial,,2,7,yes,yes,1217,original text kept; sections added from the listing's own statements,0,remaining contents not confirmed,batch-2 (stated only)
2828,BD Diesel TorqueMaster 47RH Transmission & Converter Package — Dodge 47RH - 1994–1995 2WD with Billet Input & Auxiliary Filter — 1064152BM,transmission,Refurbished,P5,,yes,derived,partial,,2,7,yes,yes,1217,original text kept; sections added from the listing's own statements,0,remaining contents not confirmed,batch-2 (stated only)
2829,BD Diesel ProForce Torque Converter — Ford 2011–2019 6.7L 6R140 — 1030239,transmission,Refurbished,P5,,no,,,,0,5,yes,yes,967,not started,0,,
2830,BD Diesel ProForce Torque Converter — 3D Chevy Duramax Allison 1000 2001–2016 — 1071240,transmission,Refurbished,P5,,no,,,,0,5,yes,yes,1002,not started,0,,
2831,BD Diesel ProForce Torque Converter — Enhanced Stall Dodge 6.7L Cummins 68RFE 2007.5-2024 — 1070220X,transmission,Refurbished,P5,,no,,,,0,5,yes,yes,1023,not started,0,,
2832,BD Diesel ProForce Torque Converter — Dodge 5.9L Cummins 727/518 1988–1993 — 1060210X,transmission,Refurbished,P5,,no,,,,0,5,yes,yes,993,not started,0,,
2833,BD Diesel ProForce Torque Converter — Chevy Duramax Allison 2001–2010 — 1030230,transmission,Refurbished,P5,,no,,,,0,4,yes,yes,959,not started,0,,
2834,BD Diesel ProForce Torque Converter — Ford 6.4L Power Stroke 5R110 2008–2010 — 1030229,transmission,Refurbished,P5,,no,,,,0,5,yes,yes,993,not started,0,,
2835,BD Diesel ProForce Torque Converter — Ford 6.0L Power Stroke 5R110 2003–2007 — 1030227,transmission,Refurbished,P5,,no,,,,0,5,yes,yes,993,not started,0,,
2836,BD Diesel ProForce Torque Converter — 6 Stud - Ford 7.3L Power Stroke E4OD/4R100 1995–2003 — 1030223,transmission,Refurbished,P5,,no,,,,0,5,yes,yes,1020,not started,0,,
2837,Mishimoto Performance Intercooler Kit — 1994–2002 Dodge Ram 5.9L Cummins — MMINT-RAM-94KBK,engine,Brand New,P3,cooling-kit,yes,derived,partial,cooling,4,7,yes,yes,1501,original text kept; sections added from the listing's own statements,0,remaining contents not confirmed,batch-2
2838,Mishimoto Air-to-Water Performance Intercooler — 2011–2016 Ford 6.7L Power Stroke — MMINT-F2D-11SL,engine,Brand New,P5,,yes,derived,stated,,0,7,yes,yes,1103,original text kept; sections added from the listing's own statements,1,,batch-2 (stated only)
2839,Mishimoto Performance Intercooler Kit — 2003–2007 Ford 6.0L Power Stroke — MMINT-F2D-03KBK,engine,Brand New,P3,cooling-kit,yes,derived,partial,cooling,4,7,yes,yes,1505,original text kept; sections added from the listing's own statements,0,remaining contents not confirmed,batch-2
2840,Mishimoto Aluminium Performance Intercooler — 2006–2010 GM 6.6L Duramax LLY/LBZ/LMM — MMINT-DMAX-06BK,engine,Brand New,P5,,no,,,,0,5,yes,yes,1133,not started,0,,
2841,Mishimoto Performance Intercooler Kit — 2011–2016 GM 6.6L Duramax LML — MMINT-DMAX-11KBK,engine,Brand New,P3,cooling-kit,yes,derived,partial,cooling,4,6,yes,yes,1230,original text kept; sections added from the listing's own statements,0,remaining contents not confirmed,batch-2
2842,Mishimoto Performance Intercooler Kit — 2017–2019 GM 6.6L Duramax L5P — MMINT-DMAX-17KSLBK,engine,Brand New,P3,cooling-kit,yes,derived,partial,cooling,3,6,yes,yes,1069,original text kept; sections added from the listing's own statements,0,remaining contents not confirmed,batch-2
2843,Mishimoto Aluminium Performance Radiator — 2003–2007 Ford 6.0L Power Stroke — MMRAD-F2D-60,engine,Brand New,P5,,no,,,,0,5,yes,yes,1117,not started,0,,
2844,Mishimoto Aluminium Performance Radiator — 1995–1997 Ford 7.3L Power Stroke — MMRAD-F2D-95,engine,Brand New,P5,,no,,,,0,5,yes,yes,1057,not started,0,,
2845,Mishimoto OEM Replacement Radiator — 2008–2010 Ford 6.4L Power Stroke — R6375-V2,engine,Brand New,P5,,no,,,,0,6,yes,yes,973,not started,0,,
2846,Mishimoto Aluminium Performance Radiator — 2008–2010 Ford 6.4L Power Stroke — MMRAD-F2D-08V2,engine,Brand New,P5,,no,,,,0,5,yes,yes,1037,not started,0,,
2847,Mishimoto Performance Aluminium Radiator — 2010–2012 Ram 6.7L Cummins — MMRAD-RAM-10,engine,Brand New,P5,,no,,,,0,5,yes,yes,959,not started,0,,
2848,Mishimoto OEM Replacement Radiator — 2010–2012 Ram 6.7L Cummins — R13296,engine,Brand New,P5,,no,,,,0,6,yes,yes,964,not started,0,,
2849,Mishimoto OEM Replacement Radiator — 2013–2018 Ram 6.7L Cummins — R13490,engine,Brand New,P5,,no,,,,0,6,yes,yes,1026,not started,0,,
2850,Mishimoto Replacement Oil Cooler Kit — 2003–2007 Ford 6.0L Power Stroke — MMOC-F2D-03,engine,Brand New,P3,cooling-kit,yes,derived,partial,cooling,3,5,yes,yes,1076,original text kept; sections added from the listing's own statements,0,remaining contents not confirmed,batch-2
2851,CSF OEM+ Replacement Intercooler — 2011–2016 GM 6.6L Duramax LML — 6001,engine,Brand New,P5,,no,,,,0,7,yes,yes,1211,not started,0,,
2852,CSF OEM+ Replacement Intercooler — 2006–2010 GM 6.6L Duramax LBZ/LMM — 6002,engine,Brand New,P5,,no,,,,0,7,yes,yes,1055,not started,0,,
2853,CSF OEM Replacement Radiator — 2008–2010 Ford 6.4L Power Stroke — 3642,engine,Brand New,P5,,no,,,,0,6,yes,yes,1002,not started,0,,
2854,CSF Heavy-Duty All-Aluminium Replacement Radiator — 2008–2010 Ford 6.4L Power Stroke — 7062,engine,Brand New,P5,,no,,,,0,6,yes,yes,1426,not started,0,,
2855,CSF OEM Replacement Radiator — 1994–2002 Dodge Ram 5.9L Cummins — 3273,engine,Brand New,P5,,yes,derived,stated,,0,6,yes,yes,1201,original text kept; sections added from the listing's own statements,2,,batch-2 (stated only)
2856,CSF OEM Replacement Radiator — 2003–2009 Dodge Ram 5.9L / 6.7L Cummins — 3710,engine,Brand New,P5,,no,,,,0,6,yes,yes,1021,not started,0,,
2857,CSF OEM Replacement Radiator — 2010–2012 Ram 6.7L Cummins — 3529,engine,Brand New,P5,,no,,,,0,6,yes,yes,1019,not started,0,,
2858,Banks Power Techni-Cooler Intercooler System — 2003–2007 Ford 6.0L Power Stroke — 25975,engine,Brand New,P3,cooling-kit,yes,derived,partial,cooling,4,6,yes,yes,1352,original text kept; sections added from the listing's own statements,0,remaining contents not confirmed,batch-2
2859,Banks Power Techni-Cooler Intercooler System — 1994–1997 Ford 7.3L Power Stroke — 25970,engine,Brand New,P3,cooling-kit,yes,derived,partial,cooling,4,6,yes,yes,1146,original text kept; sections added from the listing's own statements,0,remaining contents not confirmed,batch-2
2860,Banks Power Techni-Cooler Intercooler System — 2001–2004 GM 6.6L Duramax LB7 — 25977,engine,Brand New,P3,cooling-kit,yes,derived,partial,cooling,4,5,yes,yes,1137,original text kept; sections added from the listing's own statements,0,remaining contents not confirmed,batch-2
2861,Banks Power Techni-Cooler Intercooler System — 2011–2016 GM 6.6L Duramax LML — 25988,engine,Brand New,P3,cooling-kit,yes,derived,partial,cooling,4,5,yes,yes,1064,original text kept; sections added from the listing's own statements,0,remaining contents not confirmed,batch-2
2862,PPE Air-to-Water Intercooler Kit — 2011–2025 Ford 6.7L Power Stroke — 315045100,engine,Brand New,P3,cooling-kit,yes,derived,unconfirmed,cooling,0,7,yes,yes,1277,original text kept; sections added from the listing's own statements,0,package contents,batch-2
2863,PPE Air-to-Water Intercooler Coolant Heat Exchanger — 2020–2025 GM 3.0L Duramax LM2/LZ0 — 119010300,engine,Brand New,P5,,no,,,,0,8,yes,yes,1352,not started,0,,
2864,PPE Air-to-Water Intercooler Kit — 2020–2025 GM 3.0L Duramax LM2/LZ0 — 115030010,engine,Brand New,P3,cooling-kit,yes,derived,unconfirmed,cooling,0,6,yes,yes,1173,original text kept; sections added from the listing's own statements,0,package contents,batch-2
2865,PPE Upgraded Engine Oil Cooler — 2003–2007 Ford 6.0L Power Stroke — 314030310,engine,Brand New,P5,,no,,,,0,5,yes,yes,1147,not started,0,,
2866,"PPE Spin-On Transmission Filter, 68RFE — 2007.5–2023 Ram 6.7L Cummins — 228052150",transmission,Brand New,P5,,yes,derived,stated,,0,7,yes,yes,1222,original text kept; sections added from the listing's own statements,1,,batch-2 (stated only)
2867,PPE Allison 1000 Performance Transmission Mount — 2001–2010 GM 2500HD / 3500HD Duramax — 169030170,transmission,Brand New,P5,,no,,,,0,6,yes,yes,1084,not started,0,,
2868,S&B Cold Side Intercooler Pipe — 2011–2016 Ford 6.7L Power Stroke — 83-1000,engine,Brand New,P5,,no,,,,0,5,yes,yes,1042,not started,0,,
2869,S&B Cold Side Intercooler Pipe — 2017–2026 Ford 6.7L Power Stroke — 83-1001,engine,Brand New,P5,,no,,,,0,5,yes,yes,1042,not started,0,,
2870,aFe BladeRunner Street Series Radiator — 2008–2010 Ford 6.4L Power Stroke — 46-52091,engine,Brand New,P5,,no,,,,0,7,yes,yes,1104,not started,0,,
2871,Garrett AVNT3788 SST Stock Replacement Turbocharger — 2015–2016 Ford F-250 / F-350 6.7L Power Stroke — 892147-5001S,turbocharger,Brand New,P2,turbo-supercharger,yes,derived,unconfirmed,turbocharger,0,6,yes,yes,1467,original text kept; sections added from the listing's own statements,0,package contents,batch-1
2872,Garrett SST Stock Replacement Turbocharger — 2011–2016 Ford F-450 and Cab & Chassis 6.7L Power Stroke — 854572-5001S,turbocharger,Brand New,P2,turbo-supercharger,yes,derived,unconfirmed,turbocharger,0,5,yes,yes,1438,original text kept; sections added from the listing's own statements,0,package contents,batch-1
2873,Garrett Variable-Vane Stock Replacement Turbocharger — 2003 (build date 28 September 2003 and earlier) Ford 6.0L Power Stroke — 725390-5006S,turbocharger,Brand New,P2,turbo-supercharger,yes,derived,unconfirmed,turbocharger,0,4,yes,yes,1288,original text kept; sections added from the listing's own statements,0,package contents,batch-1
2874,Garrett Variable-Vane Stock Replacement Turbocharger — 2004–2005 (build date 29 September 2003 to 3 November 2004) Ford 6.0L Power Stroke — 743250-5024S,turbocharger,Brand New,P2,turbo-supercharger,yes,derived,unconfirmed,turbocharger,0,5,yes,yes,1354,original text kept; sections added from the listing's own statements,0,package contents,batch-1
2875,Garrett New Stock Replacement Turbocharger — 2004.5–2010 GM 6.6L Duramax LLY/LBZ/LMM — 848212-5001S,turbocharger,Brand New,P2,turbo-supercharger,yes,derived,unconfirmed,turbocharger,0,6,yes,yes,1161,original text kept; sections added from the listing's own statements,2,package contents,batch-1
2876,Bosch Remanufactured Fuel Injector — 2015–2019 Ford 6.7L Power Stroke — 0986435433,engine,Refurbished,P5,,no,,,,0,5,yes,yes,1078,not started,0,,
2877,Bosch Remanufactured 145 amp Alternator — 2007.5–2013 Dodge / Ram 6.7L Cummins — AL6474X,electronics,Refurbished,P5,,no,,,,0,5,yes,yes,1098,not started,0,,
2878,Bosch Remanufactured 132 amp Alternator — 2003–2005 Dodge Ram 5.9L Cummins — AL6430X,electronics,Refurbished,P5,,no,,,,0,5,yes,yes,1086,not started,0,,
2879,"Bosch Remanufactured Starter, 13-Tooth — 2007.5–2018 Dodge / Ram 6.7L Cummins — SR6470X",electronics,Refurbished,P5,,no,,,,0,5,yes,yes,1073,not started,0,,
2880,"Bosch Remanufactured Starter, 13-Tooth — 1994–2002 Dodge Ram 5.9L Cummins — SR6519X",electronics,Refurbished,P5,,no,,,,0,5,yes,yes,1063,not started,0,,
2881,Bosch QuietCast Semi-Metallic Front Brake Pads — 2009–2016 Ram 2500 / 3500 — BP1399,brakes,Brand New,P5,,yes,derived,partial,,3,7,yes,yes,1146,original text kept; sections added from the listing's own statements,0,remaining contents not confirmed,batch-2 (stated only)
2882,"Industrial Injection Remanufactured 120% over, 12 mm stroker CP3 Injection Pump — 2007.5–2018 Dodge / Ram 6.7L Cummins — 0986437334DDSE",engine,Refurbished,P5,,no,,,,0,6,yes,yes,1344,not started,0,,
2883,"Industrial Injection Remanufactured 33% over, modified CP3 Injection Pump — 2007.5–2018 Dodge / Ram 6.7L Cummins — 0986437334SHOSE",engine,Refurbished,P5,,no,,,,0,5,yes,yes,1262,not started,0,,
2884,"Industrial Injection Remanufactured 42% over, modified CP3 Injection Pump — 2006–2010 GM 6.6L Duramax — 0986437332SHOSE",engine,Refurbished,P5,,no,,,,0,5,yes,yes,1240,not started,0,,
2885,Industrial Injection XR1 Upgraded Turbocharger — 2017–2019 Ford 6.7L Power Stroke Cab & Chassis — 888142-0001-XR1,turbocharger,Brand New,P2,turbo-supercharger,yes,derived,unconfirmed,turbocharger,0,7,yes,yes,1038,original text kept; sections added from the listing's own statements,0,package contents,batch-1
2886,Industrial Injection XR Series Billet 61 mm Turbocharger — 2011–2016 GM 6.6L Duramax LML — 848212-0002-XR,turbocharger,Brand New,P2,turbo-supercharger,yes,derived,unconfirmed,turbocharger,0,6,yes,yes,991,original text kept; sections added from the listing's own statements,0,package contents,batch-1
2887,Industrial Injection Exchange Turbocharger — 2017–2019 GM 6.6L Duramax L5P — 12709901060SE,turbocharger,Refurbished,P2,turbo-supercharger,yes,derived,unconfirmed,turbocharger,0,6,yes,yes,960,original text kept; sections added from the listing's own statements,0,package contents,batch-1
2888,"Industrial Injection Dragon Fly Injector, Sold Individually — 2013–2018 Ram 6.7L Cummins — 0986435621SEDFLY",engine,Refurbished,P5,,no,,,,0,7,yes,yes,1352,not started,0,,
2889,"Industrial Injection Stock Remanufactured Injector, Sold Individually — 2013–2018 Ram 6.7L Cummins — 0986435621SE-IIS",engine,Refurbished,P5,,no,,,,0,7,yes,yes,1295,not started,0,,
2890,"Industrial Injection Stock Remanufactured Injector, Sold Individually — 2007.5–2010 GM 6.6L Duramax LMM — 0986435520SE-IIS",engine,Refurbished,P5,,no,,,,0,7,yes,yes,1275,not started,0,,
2891,"Industrial Injection Dragon Fly Injector, Sold Individually — 2007.5–2010 GM 6.6L Duramax LMM — 0986435520SEDFLY",engine,Refurbished,P5,,no,,,,0,7,yes,yes,1433,not started,0,,
2892,"Industrial Injection Stock Remanufactured Injector, Sold Individually — 2006–2007 GM 6.6L Duramax LLY/LBZ — 0986435521SE-IIS",engine,Refurbished,P5,,no,,,,0,7,yes,yes,1266,not started,0,,
2893,"Industrial Injection Dragon Fly Injector, Sold Individually — 2006–2007 GM 6.6L Duramax LLY/LBZ — 0986435521SEDFLY",engine,Refurbished,P5,,no,,,,0,7,yes,yes,1310,not started,0,,
2894,Fleece Performance 63 mm FMW Cheetah Drop-In Turbocharger — 2007.5–2012 Dodge / Ram 6.7L Cummins — FPE-351-0712,turbocharger,Brand New,P2,turbo-supercharger,yes,derived,unconfirmed,turbocharger,0,6,yes,yes,1362,original text kept; sections added from the listing's own statements,1,package contents,batch-1
2895,Fleece Performance 63 mm FMW Cheetah Drop-In Turbocharger — 2015–2019 Ford 6.7L Power Stroke — FPE-PS-FMW-63-1518,turbocharger,Brand New,P2,turbo-supercharger,yes,derived,unconfirmed,turbocharger,0,5,yes,yes,1280,original text kept; sections added from the listing's own statements,1,package contents,batch-1
2896,Fleece Performance 63 mm FMW Cheetah Drop-In Turbocharger — 2011–2016 GM 6.6L Duramax LML — FPE-LML-VNT-63-FMW-N,turbocharger,Brand New,P2,turbo-supercharger,yes,derived,unconfirmed,turbocharger,0,6,yes,yes,1247,original text kept; sections added from the listing's own statements,1,package contents,batch-1
2897,Fleece Performance 63 mm FMW Cheetah Drop-In Turbocharger — 2017–2023 GM 6.6L Duramax L5P — FPE-L5P-VNT63-1723,turbocharger,Brand New,P2,turbo-supercharger,yes,derived,unconfirmed,turbocharger,0,6,yes,yes,1183,original text kept; sections added from the listing's own statements,1,package contents,batch-1
2898,Fleece Performance 63 mm FMW Cheetah Drop-In Turbocharger — 2004.5–2010 GM 6.6L Duramax — FPE-VNT63-STREET,turbocharger,Brand New,P2,turbo-supercharger,yes,derived,unconfirmed,turbocharger,0,6,yes,yes,1312,original text kept; sections added from the listing's own statements,1,package contents,batch-1
2899,Fleece Performance 10 mm PowerFlo 750 Stroker CP3 Injection Pump — 2007.5–2018 Ram 6.7L Cummins — FPE-CUMM-CP3-10MM-6.7,engine,Brand New,P5,,no,,,,0,6,yes,yes,1238,not started,0,,
2900,Fleece Performance PowerFlo In-Tank Lift Pump Assembly — 2011–2024 Ram 6.7L Cummins — FPE-34562,engine,Brand New,P3,fuel-kit,yes,derived,unconfirmed,fuel,0,6,yes,yes,1096,original text kept; sections added from the listing's own statements,0,package contents,batch-2
2901,Fleece Performance PowerFlo In-Tank Lift Pump Assembly — 2005–2009 Dodge / Ram 5.9L and 6.7L Cummins — FPE-34560,engine,Brand New,P3,fuel-kit,yes,derived,unconfirmed,fuel,0,5,yes,yes,1037,original text kept; sections added from the listing's own statements,0,package contents,batch-2
2902,Fleece Performance PowerFlo In-Tank Lift Pump Assembly — 1998.5–2002 Dodge Ram 5.9L Cummins (VP44) — FPE-34754,engine,Brand New,P3,fuel-kit,yes,derived,unconfirmed,fuel,0,5,yes,yes,1033,original text kept; sections added from the listing's own statements,0,package contents,batch-2
2903,"Fleece Performance Turbine Shaft Speed Sensor, HE351VE / HE300VE / VG — 2007.5–2022 Ram 6.7L Cummins — FPE-351-SP-SEN",electronics,Brand New,P5,,yes,derived,partial,,2,6,yes,yes,1068,original text kept; sections added from the listing's own statements,0,remaining contents not confirmed,batch-2 (stated only)
2904,Fleece Performance Cooling Fan & Clutch Pigtail Repair Kit — 2003–2012 Ram 5.9L and 6.7L Cummins — FPE-HAR-CUMM-CF-0312,electronics,Brand New,P3,cooling-kit,yes,derived,partial,cooling,2,5,yes,yes,1079,original text kept; sections added from the listing's own statements,0,remaining contents not confirmed,batch-2
2905,Fleece Performance Cooling Fan & Clutch Pigtail Repair Kit — 2013–2022 Ram 6.7L Cummins — FPE-HAR-CUMM-CF-1322,electronics,Brand New,P3,cooling-kit,yes,derived,partial,cooling,2,5,yes,yes,1061,original text kept; sections added from the listing's own statements,0,remaining contents not confirmed,batch-2
2906,"KC Turbos KC300x Stage 3 Drop-In 66/73 Turbocharger, Standard, 3.5 in metal CCV tube — 1994–1997 Ford OBS 7.3L Power Stroke — 300230",turbocharger,Brand New,P2,turbo-supercharger,yes,derived,unconfirmed,turbocharger,0,9,yes,yes,1586,original text kept; sections added from the listing's own statements,0,package contents,batch-1
2907,"KC Turbos KC300x Stage 3 Drop-In 66/73 Turbocharger, Standard, 4.0 in plastic CCV tube — 1994–1997 Ford OBS 7.3L Power Stroke — 300519",turbocharger,Brand New,P2,turbo-supercharger,yes,derived,unconfirmed,turbocharger,0,9,yes,yes,1592,original text kept; sections added from the listing's own statements,0,package contents,batch-1
2908,"KC Turbos KC300x Stage 3 Drop-In 66/73 Turbocharger, Standard, aftermarket intake — 1994–1997 Ford OBS 7.3L Power Stroke — 300520",turbocharger,Brand New,P2,turbo-supercharger,yes,derived,unconfirmed,turbocharger,0,9,yes,yes,1577,original text kept; sections added from the listing's own statements,0,package contents,batch-1
2909,"KC Turbos KC300x Stage 3 Drop-In 66/73 Turbocharger, Polished, 3.5 in metal CCV tube — 1994–1997 Ford OBS 7.3L Power Stroke — 300721",turbocharger,Brand New,P2,turbo-supercharger,yes,derived,unconfirmed,turbocharger,0,9,yes,yes,1586,original text kept; sections added from the listing's own statements,0,package contents,batch-1
2910,"KC Turbos KC300x Stage 3 Drop-In 66/73 Turbocharger, Polished, 4.0 in plastic CCV tube — 1994–1997 Ford OBS 7.3L Power Stroke — 300722",turbocharger,Brand New,P2,turbo-supercharger,yes,derived,unconfirmed,turbocharger,0,9,yes,yes,1592,original text kept; sections added from the listing's own statements,0,package contents,batch-1
2911,"KC Turbos KC300x Stage 3 Drop-In 66/73 Turbocharger, Polished, aftermarket intake — 1994–1997 Ford OBS 7.3L Power Stroke — 300723",turbocharger,Brand New,P2,turbo-supercharger,yes,derived,unconfirmed,turbocharger,0,9,yes,yes,1577,original text kept; sections added from the listing's own statements,0,package contents,batch-1
2912,KC Turbos Balanced Turbo Assembly Kit — 1994–1997 Ford 7.3L Power Stroke — 300376,turbocharger,Brand New,P2,turbo-supercharger,yes,derived,unconfirmed,turbocharger,0,6,yes,yes,1333,original text kept; sections added from the listing's own statements,0,package contents,batch-1
2913,KC Turbos Balanced Turbo Assembly Kit — early 1999 Ford 7.3L Power Stroke — 300383,turbocharger,Brand New,P2,turbo-supercharger,yes,derived,unconfirmed,turbocharger,0,6,yes,yes,1336,original text kept; sections added from the listing's own statements,0,package contents,batch-1
2914,KC Turbos Balanced Turbo Assembly Kit — 1999.5–2003 Ford 7.3L Power Stroke — 300377,turbocharger,Brand New,P2,turbo-supercharger,yes,derived,unconfirmed,turbocharger,0,6,yes,yes,1339,original text kept; sections added from the listing's own statements,0,package contents,batch-1
2915,KC Turbos Whistler Stage 1 Drop-In 63 mm Turbocharger — 2011–2019 Ford 6.7L Power Stroke — 300869,turbocharger,Brand New,P2,turbo-supercharger,yes,derived,unconfirmed,turbocharger,0,6,yes,yes,1626,original text kept; sections added from the listing's own statements,1,package contents,batch-1
2916,"KC Turbos Jetfire Drop-In VGT Turbocharger, Whistler — 2011–2019 Ford 6.7L Power Stroke — 302673",turbocharger,Brand New,P2,turbo-supercharger,yes,derived,unconfirmed,turbocharger,0,9,yes,yes,1496,original text kept; sections added from the listing's own statements,0,package contents,batch-1
2917,"KC Turbos Jetfire Drop-In VGT Turbocharger, Non-Whistler — 2011–2019 Ford 6.7L Power Stroke — 302672",turbocharger,Brand New,P2,turbo-supercharger,yes,derived,unconfirmed,turbocharger,0,9,yes,yes,1462,original text kept; sections added from the listing's own statements,0,package contents,batch-1
2918,"KC Turbos Stage 2 Budget Drop-In Turbocharger, 64 mm — 2003–2007 Ford 6.0L Power Stroke — 302300",turbocharger,Brand New,P2,turbo-supercharger,yes,derived,unconfirmed,turbocharger,0,7,yes,yes,1109,original text kept; sections added from the listing's own statements,0,package contents,batch-1
2919,"FASS Titanium Signature Series Plus Fuel Lift Pump, 100 GPH — 1998.5–2004.5 Dodge Ram 5.9L Cummins — TS PD08 100G",engine,Brand New,P5,,no,,,,0,5,yes,yes,1589,not started,0,,
2920,"FASS Titanium Signature Series Plus Fuel Lift Pump, 165 GPH — 1998.5–2004.5 Dodge Ram 5.9L Cummins — TS PD08 165G",engine,Brand New,P5,,no,,,,0,5,yes,yes,1589,not started,0,,
2921,"FASS Titanium Signature Series Plus Fuel Lift Pump, 250 GPH — 1998.5–2004.5 Dodge Ram 5.9L Cummins — TS PD08 250G",engine,Brand New,P5,,no,,,,0,5,yes,yes,1589,not started,0,,
2922,"FASS Titanium Signature Series Plus Fuel Lift Pump, 290 GPH — 1998.5–2004.5 Dodge Ram 5.9L Cummins — TS PD08 290G",engine,Brand New,P5,,no,,,,0,5,yes,yes,1589,not started,0,,
2923,"FASS Signature Series Adjustable Fuel Lift Pump, 100 GPH — 1998.5–2004.5 Dodge Ram 5.9L Cummins, Block-Mounted — FAS D08 100G",engine,Brand New,P5,,no,,,,0,6,yes,yes,1519,not started,0,,
2924,"FASS Signature Series Adjustable Fuel Lift Pump, 165 GPH — 1998.5–2004.5 Dodge Ram 5.9L Cummins, Block-Mounted — FAS D08 165G",engine,Brand New,P5,,no,,,,0,6,yes,yes,1519,not started,0,,
2925,"S&S Diesel Motorsport 14 mm CP3 Injection Pump, Standard — 2003–2018 Dodge / Ram 5.9L and 6.7L Cummins — CP3-CU-14",engine,Brand New,P5,,no,,,,0,5,yes,yes,1010,not started,0,,
2926,"S&S Diesel Motorsport 14 mm CP3 Injection Pump, High Speed — 2003–2018 Dodge / Ram 5.9L and 6.7L Cummins — CP3-CU-14-HS",engine,Brand New,P5,,no,,,,0,5,yes,yes,1167,not started,0,,
2927,"S&S Diesel Motorsport 14 mm CP3 Injection Pump, High Speed with SP3000 — 2003–2018 Dodge / Ram 5.9L and 6.7L Cummins — CP3-CU-14-HS-SP",engine,Brand New,P5,,no,,,,0,5,yes,yes,1115,not started,0,,
2928,S&S Diesel Motorsport CP4 to DCR Pump Conversion — 2011–2024 Ford 6.7L Power Stroke — 67F-DCR-1,engine,Brand New,P3,fuel-kit,yes,derived,unconfirmed,fuel,0,6,yes,yes,1238,original text kept; sections added from the listing's own statements,2,package contents,batch-2
2929,S&S Diesel Motorsport 50-State CP3 Conversion — 2011–2016 GM 6.6L Duramax LML — LML-CP3-CARB,engine,Brand New,P5,,no,,,,0,6,yes,yes,1067,not started,0,,
2930,"Alliant Power Remanufactured Fuel Injector Kit, Cylinders 1, 2, 7 or 8 — 2015–2019 Ford 6.7L Power Stroke — AP67002",engine,Refurbished,P3,fuel-kit,yes,derived,partial,fuel,3,6,yes,yes,1101,original text kept; sections added from the listing's own statements,0,remaining contents not confirmed,batch-2
2931,"Alliant Power Remanufactured Fuel Injector Kit, Cylinders 3, 4, 5 or 6 — 2015–2019 Ford 6.7L Power Stroke — AP67003",engine,Refurbished,P3,fuel-kit,yes,derived,partial,fuel,3,6,yes,yes,1101,original text kept; sections added from the listing's own statements,0,remaining contents not confirmed,batch-2
2932,Alliant Power Engine Oil Cooler Kit — 2003–2007 Ford 6.0L Power Stroke — AP63451,engine,Brand New,P3,cooling-kit,yes,derived,partial,cooling,3,7,yes,yes,965,original text kept; sections added from the listing's own statements,0,remaining contents not confirmed,batch-2
2933,"Alliant Power Turbocharger Installation Kit, Without Clamps — 2011–2014 Ford 6.7L Power Stroke — AP0166",turbocharger,Brand New,P2,turbo-supercharger,yes,derived,listed,turbocharger,1,6,yes,yes,924,original text kept; sections added from the listing's own statements,0,,batch-1
2934,"PurePower Remanufactured Fuel Injector with Line and Bolt, Cylinders 3/4/5/6 — 2015–2019 Ford 6.7L Power Stroke — 7781-PP",engine,Refurbished,P5,,yes,derived,partial,,3,6,yes,yes,1084,original text kept; sections added from the listing's own statements,0,remaining contents not confirmed,batch-2 (stated only)
2935,AirDog II-5G 165 GPH Air/Fuel Separation Lift Pump System — 2019–2024 Ram 6.7L Cummins — A7SABD427,engine,Brand New,P3,fuel-kit,yes,derived,partial,fuel,2,6,yes,yes,1189,original text kept; sections added from the listing's own statements,0,remaining contents not confirmed,batch-2
2936,Cummins Genuine Mechanical Fuel Lift Pump — 1989–1993 Dodge Ram 5.9L Cummins — 4983584,engine,Brand New,P5,,no,,,,0,5,yes,yes,928,not started,0,,
2937,Cummins Genuine Cylinder #1 Fuel Injector Line — 1998.5–2002 Dodge Ram 5.9L Cummins — 3943765,engine,Brand New,P5,,no,,,,0,5,yes,yes,800,not started,0,,
2938,Dynomite Diesel Stock Replacement CP4 Injection Pump — 2011–2014 Ford 6.7L Power Stroke — CP4-422,engine,Brand New,P5,,no,,,,0,5,yes,yes,1006,not started,0,,
2939,"Dynomite Diesel Stock Remanufactured Injector, Sold Individually — 2004.5–2005 GM 6.6L Duramax LLY — DDP-LLY-STK",engine,Refurbished,P5,,no,,,,0,6,yes,yes,1036,not started,0,,
2940,"Power Driven Diesel Hot Rod Modified Lift Pump, 95 GPH — 1994–1998 Dodge Ram 5.9L Cummins — 64121681800",engine,Brand New,P5,,no,,,,0,6,yes,yes,984,not started,0,,
2941,No Limit Fabrication CP4 Disaster Prevention Bypass Kit — 2011–2014 Ford 6.7L Power Stroke — 67CP4BPK1114,engine,Brand New,P5,,yes,derived,partial,,4,5,yes,yes,1283,original text kept; sections added from the listing's own statements,1,remaining contents not confirmed,batch-2 (stated only)
2942,No Limit Fabrication CP4 Disaster Prevention Bypass Kit — 2015–2019 Ford 6.7L Power Stroke — 67CP4BPK1519,engine,Brand New,P5,,yes,derived,partial,,4,5,yes,yes,1283,original text kept; sections added from the listing's own statements,1,remaining contents not confirmed,batch-2 (stated only)
2943,No Limit Fabrication CP4 Disaster Prevention Bypass Kit — 2020–2026 Ford 6.7L Power Stroke — 67CP4BPK20,engine,Brand New,P5,,yes,derived,partial,,4,5,yes,yes,1281,original text kept; sections added from the listing's own statements,1,remaining contents not confirmed,batch-2 (stated only)
2944,Holset Genuine OE New HE351VE VGT Turbocharger Actuator — 2007.5–2012 Dodge / Ram 6.7L Cummins — 4034315H,turbocharger,Brand New,P5,,no,,,,0,7,yes,yes,1112,not started,0,,
2945,Holset Remanufactured HE351VE VGT Turbocharger Actuator — 2007.5–2012 Dodge / Ram 6.7L Cummins — 4034315HX,turbocharger,Refurbished,P5,,no,,,,0,6,yes,yes,1066,not started,0,,
2946,Synapse Auto Remanufactured HE351VE Turbo Actuator with Calibration Tool — 2007.5–2012 Ram 6.7L Cummins — S79-HE351VE + S83-351CAL,turbocharger,Refurbished,P5,,yes,derived,partial,,2,6,yes,yes,1259,original text kept; sections added from the listing's own statements,0,remaining contents not confirmed,batch-2 (stated only)
2947,"River City Turbo Direct Replacement HE351VE VGT Turbocharger, Billet Compressor Wheel — 2007.5–2012 Dodge / Ram 6.7L Cummins — HE351VEBCW",turbocharger,Brand New,P2,turbo-supercharger,yes,derived,unconfirmed,turbocharger,0,6,yes,yes,1108,original text kept; sections added from the listing's own statements,0,package contents,batch-1
2948,"River City Turbo 64 mm HE351VE VGT Turbocharger, Billet Compressor Wheel — 2007.5–2012 Dodge / Ram 6.7L Cummins — RC64B6008VERNA",turbocharger,Brand New,P2,turbo-supercharger,yes,derived,unconfirmed,turbocharger,0,6,yes,yes,1033,original text kept; sections added from the listing's own statements,0,package contents,batch-1
2949,Power Driven Diesel Aggressor HE351VE VGT-63 Turbocharger — 2007.5–2018 Dodge / Ram 6.7L Cummins — 17309090025,turbocharger,Brand New,P2,turbo-supercharger,yes,derived,unconfirmed,turbocharger,0,7,yes,yes,1103,original text kept; sections added from the listing's own statements,0,package contents,batch-1
2950,Rotomaster Remanufactured Stock Replacement Turbocharger — 2006–2007 GM 6.6L Duramax LLY/LBZ — A8370105R,turbocharger,Refurbished,P2,turbo-supercharger,yes,derived,unconfirmed,turbocharger,0,6,yes,yes,904,original text kept; sections added from the listing's own statements,0,package contents,batch-1
2951,Grizzly New Replacement Oil Cooler Kit — 2003–2007 Ford 6.0L Power Stroke — GA320N,engine,Brand New,P3,cooling-kit,yes,derived,partial,cooling,3,6,yes,yes,1012,original text kept; sections added from the listing's own statements,1,remaining contents not confirmed,batch-2
2952,"Mechman Elite Series High-Output Alternator, 320 amp — 2011–2022 Ford 6.7L Power Stroke — 11627320",electronics,Brand New,P5,,no,,,,0,6,yes,yes,1384,not started,0,,
2953,"Mechman Elite Series High-Output Alternator, 370 amp — 2011–2022 Ford 6.7L Power Stroke — 11627370",electronics,Brand New,P5,,no,,,,0,6,yes,yes,1384,not started,0,,
2954,"Mechman High Output High-Output Alternator, 240 amp — 1999–2007 Ford 7.3L and 6.0L Power Stroke — 7796240",electronics,Brand New,P5,,no,,,,0,6,yes,yes,1344,not started,0,,
2955,"Mechman High Output High-Output Alternator, 320 amp — 1999–2007 Ford 7.3L and 6.0L Power Stroke — 7796320",electronics,Brand New,P5,,no,,,,0,6,yes,yes,1344,not started,0,,
2956,"Mechman High Output High-Output Alternator, 370 amp — 1999–2007 Ford 7.3L and 6.0L Power Stroke — 7796370",electronics,Brand New,P5,,no,,,,0,6,yes,yes,1344,not started,0,,
2957,"Mechman S Series High-Output Alternator, 240 amp — 2003–2007 Dodge Ram 5.9L Cummins — 11235240",electronics,Brand New,P5,,no,,,,0,6,yes,yes,1318,not started,0,,
2958,"Mechman S Series High-Output Alternator, 320 amp — 2003–2007 Dodge Ram 5.9L Cummins — 11235320",electronics,Brand New,P5,,no,,,,0,6,yes,yes,1318,not started,0,,
2959,"Mechman S Series High-Output Alternator, 370 amp — 2003–2007 Dodge Ram 5.9L Cummins — 11235370",electronics,Brand New,P5,,no,,,,0,6,yes,yes,1318,not started,0,,
2960,"Mechman S Series High-Output Alternator, 240 amp — 1989–2002 Dodge Ram 5.9L Cummins — 13302240",electronics,Brand New,P5,,no,,,,0,6,yes,yes,1319,not started,0,,
2961,"Mechman S Series High-Output Alternator, 320 amp — 1989–2002 Dodge Ram 5.9L Cummins — 13302320",electronics,Brand New,P5,,no,,,,0,6,yes,yes,1319,not started,0,,
2962,Mean Green 375 Amp High-Output Alternator — 2003–2007 Ram 5.9L Cummins — MG1398SHD,electronics,Brand New,P5,,no,,,,0,7,yes,yes,1282,not started,0,,
2963,Mean Green Gear Reduction Starter — 2007–2019 Dodge / Ram 5.9L and 6.7L Cummins — MG9029,electronics,Brand New,P5,,no,,,,0,7,yes,yes,1194,not started,0,,
2964,Mean Green Gear Reduction Starter — 2003–2006 Dodge Ram 5.9L Cummins — MG7892,electronics,Brand New,P5,,no,,,,0,7,yes,yes,1172,not started,0,,
2965,Powermaster 245 Amp High-Output Alternator — 2011–2018 Ford 6.7L Power Stroke — 51627W,electronics,Brand New,P5,,no,,,,0,4,yes,yes,1032,not started,0,,
2966,Powermaster 245 Amp High-Output Alternator — 2007.5–2018 Dodge / Ram 6.7L Cummins — 51379W,electronics,Brand New,P5,,no,,,,0,4,yes,yes,1040,not started,0,,
2967,Powermaster Ultra Duty Replacement Starter — 2007–2016 Dodge / Ram 5.9L and 6.7L Cummins — 9058,electronics,Brand New,P5,,no,,,,0,6,yes,yes,1092,not started,0,,
2968,Powermaster Ultra Duty Replacement Starter — 1994–2002 Dodge Ram 5.9L Cummins — 9053,electronics,Brand New,P5,,no,,,,0,6,yes,yes,1094,not started,0,,
2969,Powermaster Ultra Duty Replacement Starter — 2003–2006 Dodge Ram 5.9L Cummins — 9054,electronics,Brand New,P5,,no,,,,0,6,yes,yes,1094,not started,0,,
2970,"AEV IFS Skid Plate Kit, 4 mm Stamped Steel — 2020–2024 Chevrolet Silverado HD / GMC Sierra HD 6.6L Duramax — 57060001AA",4x4-accessories,Brand New,P5,,no,,,,0,6,yes,yes,1120,not started,0,,
2971,"AEV Exhaust / Transmission Skid Plate Kit, 4 mm Stamped Steel — 2020–2024 GM 2500HD / 3500HD 6.6L Duramax — 57060002AA",4x4-accessories,Brand New,P5,,no,,,,0,6,yes,yes,1047,not started,0,,
2972,"AEV IFS Skid Plate Kit, Hot-Stamped Boron Steel — 2020–2024 Chevrolet Silverado 1500 / GMC Sierra 1500 3.0L Duramax — 56060001AA",4x4-accessories,Brand New,P5,,no,,,,0,6,yes,yes,1416,not started,0,,
2973,"AEV Rear Differential Skid Plate Kit, Hot-Stamped Boron Steel — 2020–2024 Chevrolet Silverado 1500 / GMC Sierra 1500 3.0L Duramax — 56060004AA",4x4-accessories,Brand New,P2,transfer-case-differential,yes,derived,unconfirmed,drivetrain,0,6,yes,yes,1215,original text kept; sections added from the listing's own statements,0,package contents,batch-1
2974,"Westin HDX 1-Piece Grille Guard, Polished stainless steel — 2006–2009 Dodge Ram 2500 / 3500 — 57-1950",bumper,Brand New,P5,,no,,,,0,6,yes,yes,1291,not started,0,,
2975,"Westin HDX 1-Piece Grille Guard, Polished stainless steel — 2019–2024 Ram 2500 / 3500 — 57-4020",bumper,Brand New,P5,,no,,,,0,6,yes,yes,1279,not started,0,,
2976,"Westin HDX 1-Piece Grille Guard, Black steel — 2011–2016 Ford F-250 / F-350 Super Duty — 57-2375",bumper,Brand New,P5,,no,,,,0,6,yes,yes,1255,not started,0,,
2977,"Westin HDX 1-Piece Grille Guard, Polished stainless steel — 2011–2016 Ford F-250 / F-350 Super Duty — 57-2370",bumper,Brand New,P5,,no,,,,0,6,yes,yes,1307,not started,0,,
2978,"Westin HDX 1-Piece Grille Guard, Black steel — 2017–2022 Ford F-250 / F-350 Super Duty — 57-3945",bumper,Brand New,P5,,no,,,,0,7,yes,yes,1349,not started,0,,
2979,"Westin HDX 1-Piece Grille Guard, Polished stainless steel — 2017–2022 Ford F-250 / F-350 Super Duty — 57-3900",bumper,Brand New,P5,,no,,,,0,7,yes,yes,1323,not started,0,,
2980,"Westin HDX 3-Piece Grille Guard, Polished stainless steel — 2019–2024 Ram 2500 / 3500 — 57-24020",bumper,Brand New,P5,,no,,,,0,6,yes,yes,1269,not started,0,,
2981,"Westin HDX 3-Piece Grille Guard, Black steel — 2011–2016 Ford F-250 / F-350 Super Duty — 57-22375",bumper,Brand New,P5,,no,,,,0,6,yes,yes,1245,not started,0,,
2982,"Westin HDX 3-Piece Grille Guard, Polished stainless steel — 2011–2016 Ford F-250 / F-350 Super Duty — 57-22370",bumper,Brand New,P5,,no,,,,0,6,yes,yes,1297,not started,0,,
2983,"Westin HDX 3-Piece Grille Guard, Black steel — 2017–2022 Ford F-250 / F-350 Super Duty — 57-23905",bumper,Brand New,P5,,no,,,,0,7,yes,yes,1335,not started,0,,
2984,"Westin HDX 3-Piece Grille Guard, Black steel — 2017–2022 Ford F-250 / F-350 Super Duty — 57-23945",bumper,Brand New,P5,,no,,,,0,7,yes,yes,1278,not started,0,,
2985,"Westin HDX Winch Mount Grille Guard, Black steel — 2011–2016 Ford F-250 / F-350 Super Duty — 57-92375",bumper,Brand New,P5,,no,,,,0,7,yes,yes,1200,not started,0,,
2986,"Westin HDX Winch Mount Grille Guard, Black steel — 2020–2022 Ford F-250 / F-350 Super Duty — 57-94015",bumper,Brand New,P5,,no,,,,0,7,yes,yes,1200,not started,0,,
2987,T-Rex Upper Class Series Polished Mesh Replacement Grille — 2013–2018 Ram 2500 / 3500 6.7L Cummins — 54452,body-parts,Brand New,P5,,no,,,,0,5,yes,yes,985,not started,0,,
2988,Royalty Core Classic RC1 Grille — 2020–2022 Ford F-250 / F-350 / F-450 — 16039,body-parts,Brand New,P5,,no,,,,0,5,yes,yes,1009,not started,0,,
2989,Synergy Manufacturing Adjustable Front Track Bar — 2005–2016 F-250 / F-350 and 2005 onward F-450 Ford Super Duty — 7675-01,suspension,Brand New,P5,,no,,,,0,5,yes,yes,1280,not started,0,,
2990,Synergy Manufacturing Adjustable Front Track Bar — 2017 onward F-250 / F-350 Ford Super Duty — 7675-02,suspension,Brand New,P5,,no,,,,0,5,yes,yes,1220,not started,0,,
2991,"Synergy Heavy Duty Steering Kit, No steering stabiliser — 2005–2025 Ford F-250 / F-350 — 8625-00",suspension,Brand New,P3,suspension-kit,yes,derived,unconfirmed,suspension,0,6,yes,yes,1399,original text kept; sections added from the listing's own statements,0,package contents,batch-2
2992,"Synergy Heavy Duty Steering Kit, Single FOX steering stabiliser — 2005–2007 Ford F-250 / F-350 — 8625-02",suspension,Brand New,P3,suspension-kit,yes,derived,unconfirmed,suspension,0,6,yes,yes,1448,original text kept; sections added from the listing's own statements,0,package contents,batch-2
2993,"Synergy Heavy Duty Steering Kit, Single FOX steering stabiliser — 2008–2025 Ford F-250 / F-350 — 8625-01",suspension,Brand New,P3,suspension-kit,yes,derived,unconfirmed,suspension,0,6,yes,yes,1438,original text kept; sections added from the listing's own statements,0,package contents,batch-2
2994,"Synergy Heavy Duty Steering Kit, Single KING steering stabiliser — 2005–2007 Ford F-250 / F-350 — 8625-04",suspension,Brand New,P3,suspension-kit,yes,derived,unconfirmed,suspension,0,6,yes,yes,1443,original text kept; sections added from the listing's own statements,0,package contents,batch-2
2995,"Synergy Heavy Duty Steering Kit, Single KING steering stabiliser — 2008–2025 Ford F-250 / F-350 — 8625-03",suspension,Brand New,P3,suspension-kit,yes,derived,unconfirmed,suspension,0,6,yes,yes,1450,original text kept; sections added from the listing's own statements,0,package contents,batch-2
2996,"Synergy Heavy Duty Steering Kit, Single tie-rod-mount FOX steering stabiliser — 2005–2022 Ford F-250 / F-350 — 8625-05",suspension,Brand New,P3,suspension-kit,yes,derived,unconfirmed,suspension,0,6,yes,yes,1491,original text kept; sections added from the listing's own statements,0,package contents,batch-2
2997,"Synergy Heavy Duty Steering Kit, Single tie-rod-mount KING steering stabiliser — 2005–2022 Ford F-250 / F-350 — 8625-06",suspension,Brand New,P3,suspension-kit,yes,derived,unconfirmed,suspension,0,6,yes,yes,1457,original text kept; sections added from the listing's own statements,0,package contents,batch-2
2998,"Synergy Heavy Duty Steering Kit, Dual FOX steering stabilisers — 2005–2025 Ford F-250 / F-350 — 8625-07",suspension,Brand New,P3,suspension-kit,yes,derived,unconfirmed,suspension,0,6,yes,yes,1414,original text kept; sections added from the listing's own statements,0,package contents,batch-2
2999,"Synergy Heavy Duty Steering Kit, Dual KING steering stabilisers — 2005–2025 Ford F-250 / F-350 — 8625-08",suspension,Brand New,P3,suspension-kit,yes,derived,unconfirmed,suspension,0,6,yes,yes,1370,original text kept; sections added from the listing's own statements,0,package contents,batch-2
3000,"Synergy Single Stabiliser Tie Rod Mount Kit, With a Synergy-tuned FOX steering stabiliser — 2005–2022 Ford F-250 / F-350 Super Duty — 8603-04",suspension,Brand New,P3,suspension-kit,yes,derived,unconfirmed,suspension,0,6,yes,yes,1108,original text kept; sections added from the listing's own statements,0,package contents,batch-2
3001,"Synergy Single Stabiliser Tie Rod Mount Kit, No a stabiliser — 2005–2022 Ford F-250 / F-350 Super Duty — 8603-03",suspension,Brand New,P3,suspension-kit,yes,derived,unconfirmed,suspension,0,6,yes,yes,1042,original text kept; sections added from the listing's own statements,1,package contents,batch-2
3002,"Synergy Single Stabiliser Tie Rod Mount Kit, With a Synergy-tuned FOX steering stabiliser — 2023–2026 Ford F-250 / F-350 Super Duty — 8604-04",suspension,Brand New,P3,suspension-kit,yes,derived,unconfirmed,suspension,0,6,yes,yes,1108,original text kept; sections added from the listing's own statements,0,package contents,batch-2
3003,"Synergy Single Stabiliser Tie Rod Mount Kit, No a stabiliser — 2023–2026 Ford F-250 / F-350 Super Duty — 8604-03",suspension,Brand New,P3,suspension-kit,yes,derived,unconfirmed,suspension,0,6,yes,yes,1042,original text kept; sections added from the listing's own statements,1,package contents,batch-2
3004,Synergy Manufacturing Steering Box Brace — 2009–2025 Ram 2500 / 3500 — 8559-04,suspension,Brand New,P5,,no,,,,0,6,yes,yes,1517,not started,0,,
3005,"Synergy Heavy Duty Replacement Tie Rod End, passenger side — 2005–2025 Ford F-250 / F-350 4x4 — 4150-L",suspension,Brand New,P5,,no,,,,0,5,yes,yes,1124,not started,0,,
3006,"Synergy Heavy Duty Replacement Tie Rod End, driver side — 2005–2025 Ford F-250 / F-350 4x4 — 4151-L",suspension,Brand New,P5,,no,,,,0,5,yes,yes,1112,not started,0,,
3007,"Synergy Heavy Duty Replacement Drag Link End, driver side — 2005–2025 Ford F-250 / F-350 4x4 — 4152-L",suspension,Brand New,P5,,no,,,,0,5,yes,yes,1122,not started,0,,
3008,"Synergy Heavy Duty Replacement Drag Link End, passenger side — 2005–2025 Ford F-250 / F-350 4x4 — 4153-L",suspension,Brand New,P5,,no,,,,0,5,yes,yes,1134,not started,0,,
3009,"Synergy Heavy Duty Replacement Track Bar End, passenger side — 2005–2025 Ford F-250 / F-350 4x4 — 4154-L",suspension,Brand New,P5,,no,,,,0,5,yes,yes,1122,not started,0,,
3010,Red-Head Steering Gear Box — 1980–1993 Dodge Ram — 2856SNI,suspension,Brand New,P5,,no,,,,0,6,yes,yes,1452,not started,0,,
3011,Red-Head Steering Gear Box — 1994–2002 Dodge Ram 2500 / 3500 — 2869DS 4T,suspension,Brand New,P5,,no,,,,0,6,yes,yes,1479,not started,0,,
3012,Red-Head Heavy Duty Steering Gear Box — 1994–2002 Dodge Ram 2500 / 3500 — 2869ND-4T,suspension,Brand New,P5,,no,,,,0,6,yes,yes,1574,not started,0,,
3013,Red-Head Steering Gear Box — 2003–2008 Dodge Ram 2500 / 3500 — 2879,suspension,Brand New,P5,,no,,,,0,6,yes,yes,1516,not started,0,,
3014,Red-Head Extreme Duty Steering Gear Box — 2003–2008 Dodge Ram 2500 / 3500 — 2879U,suspension,Brand New,P5,,no,,,,0,6,yes,yes,1642,not started,0,,
3015,Red-Head Steering Gear Box — 2009–2012 Dodge Ram 2500 / 3500 — 2880,suspension,Brand New,P5,,no,,,,0,6,yes,yes,1414,not started,0,,
3016,Red-Head Steering Gear Box — 2009–2020 Dodge Ram 2500 / 3500 — 2881,suspension,Brand New,P5,,no,,,,0,6,yes,yes,1414,not started,0,,
3017,Apex Chassis Heavy Duty Upper Ball Joint — 2000–2002 Dodge Ram 2500 / 3500 — BJ124,suspension,Brand New,P5,,no,,,,0,6,yes,yes,1237,not started,0,,
3018,Apex Chassis Heavy Duty Track Bar Ball Joint — 2005–2025 Ford F-250 / F-350 — BJ162,suspension,Brand New,P5,,no,,,,0,6,yes,yes,1209,not started,0,,
3019,"Apex Chassis ProLock Tie Rod Kit, DOM steel, matte black powder coated — 2005–2026 Ford F-250 / F-350 Super Duty — KIT372-STL",suspension,Brand New,P3,suspension-kit,yes,derived,unconfirmed,suspension,0,6,yes,yes,1439,original text kept; sections added from the listing's own statements,0,package contents,batch-2
3020,"Apex Chassis ProLock Tie Rod Kit, 7075-T6 polished aluminium — 2005–2026 Ford F-250 / F-350 Super Duty — KIT372-POL",suspension,Brand New,P3,suspension-kit,yes,derived,unconfirmed,suspension,0,6,yes,yes,1399,original text kept; sections added from the listing's own statements,0,package contents,batch-2
3021,"Apex Chassis ProLock Tie Rod Kit, 7075-T6 anodised black aluminium — 2005–2026 Ford F-250 / F-350 Super Duty — KIT372-BLK",suspension,Brand New,P3,suspension-kit,yes,derived,unconfirmed,suspension,0,6,yes,yes,1423,original text kept; sections added from the listing's own statements,0,package contents,batch-2
3022,"EMF Rebuildable Ball Joint Kit, Factory size — 2000–2002 Dodge Ram 2500 / 3500 4WD — 7397/7394 KIT",suspension,Brand New,P3,suspension-kit,yes,derived,unconfirmed,suspension,0,5,yes,yes,1008,original text kept; sections added from the listing's own statements,0,package contents,batch-2
3023,"EMF Rebuildable Ball Joint Kit, Oversized — 2000–2002 Dodge Ram 2500 / 3500 4WD — 7397.1/7394.1 KIT",suspension,Brand New,P3,suspension-kit,yes,derived,unconfirmed,suspension,0,5,yes,yes,1000,original text kept; sections added from the listing's own statements,0,package contents,batch-2
3024,Mevotech Supreme Upper Ball Joint — 2000–2002 Dodge Ram 2500 / 3500 4x4 — MK7394,suspension,Brand New,P5,,no,,,,0,4,yes,yes,1044,not started,0,,
3025,Mevotech Supreme Lower Ball Joint — 2000–2002 Dodge Ram 2500 / 3500 4x4 — MK7397,suspension,Brand New,P5,,no,,,,0,4,yes,yes,1044,not started,0,,
3026,Mevotech TTX Lower Ball Joint — 1999–2023 Ford F-250 / F-350 Super Duty 2WD — TXK80027,suspension,Brand New,P5,,no,,,,0,4,yes,yes,1094,not started,0,,
3027,Mevotech TTX Upper Ball Joint — 1994–1999 Dodge Ram 2500 / 3500 and 1999–2023 Ford F-250 / F-350 — TXK80026,suspension,Brand New,P5,,no,,,,0,4,yes,yes,1136,not started,0,,
3028,MOOG Problem Solver Lower Ball Joint — 1992–2019 Ford F-Series and 1994–1999 Dodge Ram 2500 / 3500 — K8607T,suspension,Brand New,P5,,no,,,,0,4,yes,yes,1135,not started,0,,
3029,MOOG Problem Solver Upper Ball Joint — 1992–2019 Ford F-Series and 1994–1999 Dodge Ram 2500 / 3500 — K80026,suspension,Brand New,P5,,no,,,,0,4,yes,yes,1135,not started,0,,
3030,"ReadyLIFT TeraFlex Dana 60 Ball Joint Kit, Set of 4 — 1992–2022 Ford F-250 / F-350 and 1994–1999 Ram 2500 / 3500 — 3452030",suspension,Brand New,P3,suspension-kit,yes,derived,unconfirmed,suspension,0,4,yes,yes,1185,original text kept; sections added from the listing's own statements,0,package contents,batch-2
3031,"Mevotech TTX Outer Tie Rod End, passenger side — 2005–2023 Ford F-250 / F-350 Super Duty 4WD — TXMS40625",suspension,Brand New,P5,,no,,,,0,5,yes,yes,899,not started,0,,
3032,"Mevotech TTX Outer Tie Rod End, driver side — 2005–2023 Ford F-250 / F-350 Super Duty 4WD — TXES80754",suspension,Brand New,P5,,no,,,,0,5,yes,yes,887,not started,0,,
3033,Mopar Extreme Duty Steering Box Upgrade Kit — 2003–2008 Ram 2500 / 3500 HD — 68170214AB,suspension,Brand New,P3,suspension-kit,yes,derived,partial,suspension,3,4,yes,yes,878,original text kept; sections added from the listing's own statements,0,remaining contents not confirmed,batch-2
3034,BD Diesel Steering Box Stabiliser Bearing Assembly — 1994–2018 Dodge Ram 2500 / 3500 — 1302017,suspension,Brand New,P3,suspension-kit,yes,derived,unconfirmed,suspension,0,4,yes,yes,860,original text kept; sections added from the listing's own statements,0,package contents,batch-2
3035,Mevotech Wheel Bearing & Hub Assembly — 2006–2008 Ram 2500 / 3500 5.9L and 6.7L Cummins 4WD — H515101,suspension,Brand New,P3,suspension-kit,yes,derived,unconfirmed,suspension,0,3,yes,yes,1178,original text kept; sections added from the listing's own statements,0,package contents,batch-2
3036,Mevotech Wheel Bearing & Hub Assembly — 2000–2002 Ram 2500 / 3500 5.9L Cummins 4WD — H515063,suspension,Brand New,P3,suspension-kit,yes,derived,unconfirmed,suspension,0,3,yes,yes,1129,original text kept; sections added from the listing's own statements,0,package contents,batch-2
3037,Mevotech Wheel Bearing & Hub Assembly — 2014–2018 Ram 2500 and 2013–2018 Ram 3500 — TXF25321,suspension,Brand New,P3,suspension-kit,yes,derived,listed,suspension,1,3,yes,yes,1139,original text kept; sections added from the listing's own statements,0,,batch-2
3038,MOOG Wheel Bearing & Hub Assembly — 2000–2002 Dodge Ram 2500 / 3500 5.9L Cummins 4WD — 515063,suspension,Brand New,P3,suspension-kit,yes,derived,unconfirmed,suspension,0,3,yes,yes,1224,original text kept; sections added from the listing's own statements,0,package contents,batch-2
3039,MOOG Wheel Bearing & Hub Assembly — 2006–2008 Dodge Ram 5.9L Cummins 4WD — 515101,suspension,Brand New,P3,suspension-kit,yes,derived,unconfirmed,suspension,0,3,yes,yes,1147,original text kept; sections added from the listing's own statements,0,package contents,batch-2
3040,"Kryptonite Wheel Bearing & Hub Assembly, fine thread (M14 × 1.50) — 1999–2004 Ford F-250 / F-350 Super Duty and Excursion 4x4 — KR205-F",suspension,Brand New,P3,suspension-kit,yes,derived,unconfirmed,suspension,0,3,yes,yes,1306,original text kept; sections added from the listing's own statements,0,package contents,batch-2
3041,"Kryptonite Wheel Bearing & Hub Assembly, coarse thread (M14 × 2.0) — 1999–2004 Ford F-250 / F-350 Super Duty and Excursion 4x4 — KR205-C",suspension,Brand New,P3,suspension-kit,yes,derived,unconfirmed,suspension,0,3,yes,yes,1310,original text kept; sections added from the listing's own statements,0,package contents,batch-2
3042,Kryptonite Wheel Bearing & Hub Assembly — 2005–2010 Ford F-250 / F-350 Super Duty 4x4 — KR200,suspension,Brand New,P3,suspension-kit,yes,derived,unconfirmed,suspension,0,3,yes,yes,1165,original text kept; sections added from the listing's own statements,0,package contents,batch-2
3043,Kryptonite Wheel Bearing & Hub Assembly — 2011–2016 Ford F-250 / F-350 Super Duty 4x4 — KR435,suspension,Brand New,P3,suspension-kit,yes,derived,unconfirmed,suspension,0,3,yes,yes,1165,original text kept; sections added from the listing's own statements,0,package contents,batch-2
3044,"Kryptonite Wheel Bearing & Hub Assembly — 2011–2019 GM 2500HD / 3500 — 2WD and 4WD, single and dual rear wheel — KR303",suspension,Brand New,P3,suspension-kit,yes,derived,unconfirmed,suspension,0,3,yes,yes,1240,original text kept; sections added from the listing's own statements,0,package contents,batch-2
3045,Axiom Supply Wheel Bearing & Hub Assembly — 2017–2022 Ford F-250 / F-350 4WD — AX515183,suspension,Brand New,P3,suspension-kit,yes,derived,unconfirmed,suspension,0,3,yes,yes,1200,original text kept; sections added from the listing's own statements,0,package contents,batch-2
3046,"Axiom Supply Wheel Bearing & Hub Assembly, fine thread — 1999–2004 Ford F-250 / F-350 4WD — AX515056",suspension,Brand New,P3,suspension-kit,yes,derived,unconfirmed,suspension,0,3,yes,yes,1162,original text kept; sections added from the listing's own statements,0,package contents,batch-2
3047,"Axiom Supply Wheel Bearing & Hub Assembly, coarse thread — 1999–2004 Ford F-250 / F-350 4WD — AX515025",suspension,Brand New,P3,suspension-kit,yes,derived,unconfirmed,suspension,0,3,yes,yes,1170,original text kept; sections added from the listing's own statements,0,package contents,batch-2
3048,Axiom Supply Wheel Bearing & Hub Assembly — 2005–2010 Ford F-250 / F-350 4WD — AX515081,suspension,Brand New,P3,suspension-kit,yes,derived,unconfirmed,suspension,0,3,yes,yes,1168,original text kept; sections added from the listing's own statements,0,package contents,batch-2
3049,"Dynatrac Free-Spin Heavy-Duty Hub Conversion Kit, Warn hubs, coarse studs — 1999–2004 Ford Super Duty F-250 / F-350 and 2005 Excursion — FO60-3X1104-A",suspension,Brand New,P3,suspension-kit,yes,derived,unconfirmed,suspension,0,6,yes,yes,1346,original text kept; sections added from the listing's own statements,0,package contents,batch-2
3050,"Dynatrac Free-Spin Heavy-Duty Hub Conversion Kit, Warn hubs, fine studs — 1999–2004 Ford Super Duty F-250 / F-350 and 2005 Excursion — FO60-3X1104-B",suspension,Brand New,P3,suspension-kit,yes,derived,unconfirmed,suspension,0,6,yes,yes,1338,original text kept; sections added from the listing's own statements,0,package contents,batch-2
3051,"Dynatrac Free-Spin Heavy-Duty Hub Conversion Kit, DynaLoc hubs, coarse studs — 1999–2004 Ford Super Duty F-250 / F-350 and 2005 Excursion — FO60-3X1104-I",suspension,Brand New,P3,suspension-kit,yes,derived,unconfirmed,suspension,0,6,yes,yes,1358,original text kept; sections added from the listing's own statements,0,package contents,batch-2
3052,"Dynatrac Free-Spin Heavy-Duty Hub Conversion Kit, DynaLoc hubs, fine studs — 1999–2004 Ford Super Duty F-250 / F-350 and 2005 Excursion — FO60-3X1104-H",suspension,Brand New,P3,suspension-kit,yes,derived,unconfirmed,suspension,0,6,yes,yes,1350,original text kept; sections added from the listing's own statements,0,package contents,batch-2
3053,"Dynatrac Free-Spin Heavy-Duty Hub Conversion Kit, Warn hubs — 2005–2014 Ford Super Duty F-250 / F-350 — FO60-3X1104-C",suspension,Brand New,P3,suspension-kit,yes,derived,unconfirmed,suspension,0,6,yes,yes,1236,original text kept; sections added from the listing's own statements,0,package contents,batch-2
3054,"Dynatrac Free-Spin Heavy-Duty Hub Conversion Kit, DynaLoc hubs — 2005–2014 Ford Super Duty F-250 / F-350 — FO60-3X1104-F",suspension,Brand New,P3,suspension-kit,yes,derived,unconfirmed,suspension,0,6,yes,yes,1248,original text kept; sections added from the listing's own statements,0,package contents,batch-2
3055,"Dynatrac Free-Spin Heavy-Duty Hub Conversion Kit, Warn hubs — 2003–2008 Dodge Ram 2500 / 3500 — CR60-3X1104-A",suspension,Brand New,P3,suspension-kit,yes,derived,unconfirmed,suspension,0,6,yes,yes,1220,original text kept; sections added from the listing's own statements,0,package contents,batch-2
3056,"Dynatrac Free-Spin Heavy-Duty Hub Conversion Kit, DynaLoc hubs — 2003–2008 Dodge Ram 2500 / 3500 — CR60-3X1104-E",suspension,Brand New,P3,suspension-kit,yes,derived,unconfirmed,suspension,0,6,yes,yes,1232,original text kept; sections added from the listing's own statements,0,package contents,batch-2
3057,"Dynatrac Free-Spin Heavy-Duty Hub Conversion Kit, Warn hubs — 2010–2011 Dodge Ram 2500 / 3500 — CR60-3X1104-H",suspension,Brand New,P3,suspension-kit,yes,derived,unconfirmed,suspension,0,6,yes,yes,1220,original text kept; sections added from the listing's own statements,0,package contents,batch-2
3058,"Dynatrac Free-Spin Heavy-Duty Hub Conversion Kit, DynaLoc hubs — 2010–2011 Dodge Ram 2500 / 3500 — CR60-3X1104-J",suspension,Brand New,P3,suspension-kit,yes,derived,unconfirmed,suspension,0,6,yes,yes,1232,original text kept; sections added from the listing's own statements,0,package contents,batch-2
3059,"Dynatrac Free-Spin Heavy-Duty Hub Conversion Kit, Warn hubs — 2012–2022 Ram 2500 / 3500 — CR60-3X1104-K",suspension,Brand New,P3,suspension-kit,yes,derived,unconfirmed,suspension,0,6,yes,yes,1208,original text kept; sections added from the listing's own statements,0,package contents,batch-2
3060,"Dynatrac Free-Spin Heavy-Duty Hub Conversion Kit, DynaLoc hubs — 2012–2022 Ram 2500 / 3500 — CR60-3X1104-L",suspension,Brand New,P3,suspension-kit,yes,derived,unconfirmed,suspension,0,6,yes,yes,1220,original text kept; sections added from the listing's own statements,0,package contents,batch-2
3061,"Spyntec Hub Conversion Kit, Mile Marker hubs — 1999–2002 Ford F-250 / F-350 Super Duty, coarse threads — F9904C",suspension,Brand New,P3,suspension-kit,yes,derived,unconfirmed,suspension,0,6,yes,yes,1330,original text kept; sections added from the listing's own statements,0,package contents,batch-2
3062,"Spyntec Hub Conversion Kit, Warn hubs — 1999–2002 Ford F-250 / F-350 Super Duty, coarse threads — F9904C-WARNHUBS",suspension,Brand New,P3,suspension-kit,yes,derived,unconfirmed,suspension,0,6,yes,yes,1311,original text kept; sections added from the listing's own statements,0,package contents,batch-2
3063,"Spyntec Hub Conversion Kit, Mile Marker hubs — 2002.5–2004 Ford F-250 / F-350 Super Duty, fine threads — F9904F",suspension,Brand New,P3,suspension-kit,yes,derived,unconfirmed,suspension,0,6,yes,yes,1332,original text kept; sections added from the listing's own statements,0,package contents,batch-2
3064,"Spyntec Hub Conversion Kit, Warn hubs — 2002.5–2004 Ford F-250 / F-350 Super Duty, fine threads — F9904F-WARNHUBS",suspension,Brand New,P3,suspension-kit,yes,derived,unconfirmed,suspension,0,6,yes,yes,1313,original text kept; sections added from the listing's own statements,0,package contents,batch-2
3065,"Spyntec Hub Conversion Kit, Mile Marker hubs — 2005–2008 Ford F-250 / F-350 Super Duty — F0508",suspension,Brand New,P3,suspension-kit,yes,derived,unconfirmed,suspension,0,5,yes,yes,1275,original text kept; sections added from the listing's own statements,0,package contents,batch-2
3066,"Spyntec Hub Conversion Kit, Warn hubs — 2005–2008 Ford F-250 / F-350 Super Duty — F0508-WARNHUBS",suspension,Brand New,P3,suspension-kit,yes,derived,unconfirmed,suspension,0,5,yes,yes,1256,original text kept; sections added from the listing's own statements,0,package contents,batch-2
3067,WARN Premium Manual Locking Hub Set — 1999–2004 Ford F-250 / F-350 Super Duty and Excursion — 38826,suspension,Brand New,P3,suspension-kit,yes,derived,unconfirmed,suspension,0,4,yes,yes,909,original text kept; sections added from the listing's own statements,0,package contents,batch-2
3068,Yukon Gear & Axle Dana 60 Hardcore Locking Hub Set — 1989–1993 Dodge W250 / W350 and 1983–1997 Ford F-250 / F-350 — YHC70003,suspension,Brand New,P2,transfer-case-differential,yes,derived,unconfirmed,drivetrain,0,6,yes,yes,857,original text kept; sections added from the listing's own statements,0,package contents,batch-1
3069,"Yukon 4340 Chromoly Dana 60 Inner Front Axle Shaft, left-hand, 35 Spline — 1999–2004 Ford F-350 and 2002–2004 Ford F-250 4x4 — YA W48228",suspension,Brand New,P2,transfer-case-differential,yes,derived,unconfirmed,drivetrain,0,7,yes,yes,1021,original text kept; sections added from the listing's own statements,0,package contents,batch-1
3070,"Yukon 4340 Chromoly Dana 60 Inner Front Axle Shaft, right-hand, 35 Spline — 1999–2004 Ford F-350 and 2002–2004 Ford F-250 4x4 — YA W48227",suspension,Brand New,P2,transfer-case-differential,yes,derived,unconfirmed,drivetrain,0,7,yes,yes,1024,original text kept; sections added from the listing's own statements,0,package contents,batch-1
3071,"Yukon 4340 Chromoly Front Right Axle Shaft, AAM 9.25 — 2003–2009 Dodge Ram 2500 / 3500 — YA W43002",suspension,Brand New,P2,transfer-case-differential,yes,derived,unconfirmed,drivetrain,0,7,yes,yes,879,original text kept; sections added from the listing's own statements,3,package contents,batch-1
3072,"Yukon Rear Axle Bearing & Seal Kit, Ford 10.5 — 1999–2014 Ford F-250 and 1999–2013 F-350 — AK F10.5-A",suspension,Brand New,P3,suspension-kit,yes,derived,partial,suspension,3,5,yes,yes,865,original text kept; sections added from the listing's own statements,0,remaining contents not confirmed,batch-2
3073,"Yukon Gear & Axle Front Dana 60 Ring and Pinion, 3.54 Ratio — 2017–2019 Ford F-250 / F-350 Super Duty — YG D60SR-354R",suspension,Brand New,P2,transfer-case-differential,yes,derived,unconfirmed,drivetrain,0,4,yes,yes,1095,original text kept; sections added from the listing's own statements,0,package contents,batch-1
3074,"Yukon Gear & Axle Front Dana 60 Ring and Pinion, 3.73 Ratio — 2017–2019 Ford F-250 / F-350 Super Duty — YG D60SR-373R",suspension,Brand New,P2,transfer-case-differential,yes,derived,unconfirmed,drivetrain,0,4,yes,yes,1095,original text kept; sections added from the listing's own statements,0,package contents,batch-1
3075,"Yukon Gear & Axle Front Dana 60 Ring and Pinion, 4.10 Ratio — 2017–2019 Ford F-250 / F-350 Super Duty — YG D60SR-410R",suspension,Brand New,P2,transfer-case-differential,yes,derived,unconfirmed,drivetrain,0,4,yes,yes,1095,original text kept; sections added from the listing's own statements,0,package contents,batch-1
3076,"Yukon Gear & Axle Front Dana 60 Ring and Pinion, 4.30 Ratio — 2017–2019 Ford F-250 / F-350 Super Duty — YG D60SR-430R",suspension,Brand New,P2,transfer-case-differential,yes,derived,unconfirmed,drivetrain,0,4,yes,yes,1095,original text kept; sections added from the listing's own statements,0,package contents,batch-1
3077,"Yukon Gear & Axle Front Dana 60 Ring and Pinion, 4.88 Ratio — 2017–2019 Ford F-250 / F-350 Super Duty — YG D60SR-488R",suspension,Brand New,P2,transfer-case-differential,yes,derived,unconfirmed,drivetrain,0,4,yes,yes,1095,original text kept; sections added from the listing's own statements,0,package contents,batch-1
3078,"aFe Power Front Differential Cover, raw cast aluminium — 2013–2023 Ram 2500 / 3500 6.7L Cummins, AAM 9.25 12-bolt front — 46-70400",suspension,Brand New,P5,,yes,derived,listed,,1,5,yes,yes,1410,original text kept; sections added from the listing's own statements,0,,batch-2 (stated only)
3079,"aFe Power Front Differential Cover, black powder coated — 2013–2023 Ram 2500 / 3500 6.7L Cummins, AAM 9.25 12-bolt front — 46-70402",suspension,Brand New,P5,,yes,derived,listed,,1,5,yes,yes,1414,original text kept; sections added from the listing's own statements,0,,batch-2 (stated only)
3080,"aFe Power Front Differential Cover, raw aluminium — 2003–2012 Ram 2500 / 3500 5.9L and 6.7L Cummins, front — 46-70040",suspension,Brand New,P5,,no,,,,0,4,yes,yes,1133,not started,0,,
3081,"aFe Power Front Differential Cover, black with machined fins — 2003–2012 Ram 2500 / 3500 5.9L and 6.7L Cummins, front — 46-70042",suspension,Brand New,P5,,no,,,,0,4,yes,yes,1177,not started,0,,
3082,"aFe Power Front Differential Cover, Street Series, raw — 2011–2020 GM 2500HD / 3500HD 6.6L Duramax, AAM 9.25 front — 46-71050A",suspension,Brand New,P5,,no,,,,0,4,yes,yes,1160,not started,0,,
3083,"aFe Power Front Differential Cover, Pro Series black with machined fins — 2011–2020 GM 2500HD / 3500HD 6.6L Duramax, AAM 9.25 front — 46-71050B",suspension,Brand New,P5,,no,,,,0,4,yes,yes,1228,not started,0,,
3084,"aFe Power Front Differential Cover, raw cast aluminium — 2017–2023 Ford F-250 / F-350 6.7L Power Stroke, front — 46-71100A",suspension,Brand New,P5,,yes,derived,listed,,1,5,yes,yes,1303,original text kept; sections added from the listing's own statements,0,,batch-2 (stated only)
3085,"aFe Power Front Differential Cover, black powder coated — 2017–2023 Ford F-250 / F-350 6.7L Power Stroke, front — 46-71100B",suspension,Brand New,P5,,yes,derived,listed,,1,5,yes,yes,1307,original text kept; sections added from the listing's own statements,0,,batch-2 (stated only)
3086,"aFe Power Front Differential Cover, raw with machined fins — 2020–2026 GM 1500 3.0L Duramax LM2 / LZ0, front — 46-71430A",suspension,Brand New,P5,,no,,,,0,4,yes,yes,1156,not started,0,,
3087,"aFe Power Front Differential Cover, black with machined fins — 2020–2026 GM 1500 3.0L Duramax LM2 / LZ0, front — 46-71430B",suspension,Brand New,P5,,no,,,,0,4,yes,yes,1164,not started,0,,
3088,"aFe Power Front Differential Cover, raw cast aluminium — 2018–2023 Jeep Wrangler JL and Gladiator JT, Dana M210 front — 46-71030A",suspension,Brand New,P5,,no,,,,0,4,yes,yes,1166,not started,0,,
3089,"aFe Power Front Differential Cover, black powder coated — 2018–2023 Jeep Wrangler JL and Gladiator JT, Dana M210 front — 46-71030B",suspension,Brand New,P5,,no,,,,0,4,yes,yes,1170,not started,0,,
3090,"aFe Power Front Differential Cover, red powder coated — 2018–2023 Jeep Wrangler JL and Gladiator JT, Dana M210 front — 46-71030R",suspension,Brand New,P5,,no,,,,0,4,yes,yes,1162,not started,0,,
3091,aFe Power Front and Rear Differential Covers with Oil — 1999–2016 Ford F-250 / F-350 Super Duty 4WD — 46-7703AB,suspension,Brand New,P2,transfer-case-differential,yes,derived,partial,drivetrain,3,4,yes,yes,1375,original text kept; sections added from the listing's own statements,0,remaining contents not confirmed,batch-1
3092,"aFe Power Front and Rear Differential Covers with Oil — 2017–2022 Ford F-250 / F-350 Super Duty 4WD, 10.5 in 12-bolt rear axle — 46-7704AB",suspension,Brand New,P5,,yes,derived,partial,,3,6,yes,yes,1432,original text kept; sections added from the listing's own statements,0,remaining contents not confirmed,batch-2 (stated only)
3093,"aFe Power Front and Rear Differential Covers with Oil — 2017–2022 Ford F-250 / F-350 Super Duty 4WD, Dana M275 14-bolt rear axle — 46-7705AB",suspension,Brand New,P5,,yes,derived,partial,,3,6,yes,yes,1436,original text kept; sections added from the listing's own statements,0,remaining contents not confirmed,batch-2 (stated only)
3094,aFe Power Front and Rear Differential Covers with Oil — 2019–2025 Ram 2500 / 3500 — 46-7702AB,suspension,Brand New,P2,transfer-case-differential,yes,derived,partial,drivetrain,3,4,yes,yes,1339,original text kept; sections added from the listing's own statements,0,remaining contents not confirmed,batch-1
3095,aFe Power Front and Rear Differential Covers with Oil — 2020–2025 GM 2500HD / 3500HD 4WD — 46-7708AB,suspension,Brand New,P2,transfer-case-differential,yes,derived,partial,drivetrain,3,4,yes,yes,1353,original text kept; sections added from the listing's own statements,0,remaining contents not confirmed,batch-1
3096,"PMF Suspension Front Axle U-Bolt Kit, Semi-round, 8.5 in — 1988–1997 Ford F-250 / F-350 — UBFSR563-30-085",suspension,Brand New,P3,suspension-kit,yes,derived,unconfirmed,suspension,0,5,yes,yes,1142,original text kept; sections added from the listing's own statements,0,package contents,batch-2
3097,"PMF Suspension Front Axle U-Bolt Kit, Semi-round, 9.5 in — 1988–1997 Ford F-250 / F-350 — UBFSR563-30-095",suspension,Brand New,P3,suspension-kit,yes,derived,unconfirmed,suspension,0,5,yes,yes,1142,original text kept; sections added from the listing's own statements,0,package contents,batch-2
3098,"PMF Suspension Front Axle U-Bolt Kit, Semi-round, 10.5 in — 1988–1997 Ford F-250 / F-350 — UBFSR563-30-105",suspension,Brand New,P3,suspension-kit,yes,derived,unconfirmed,suspension,0,5,yes,yes,1146,original text kept; sections added from the listing's own statements,0,package contents,batch-2
3099,"PMF Suspension Front Axle U-Bolt Kit, Semi-round, 11.5 in — 1988–1997 Ford F-250 / F-350 — UBFSR563-30-115",suspension,Brand New,P3,suspension-kit,yes,derived,unconfirmed,suspension,0,5,yes,yes,1146,original text kept; sections added from the listing's own statements,0,package contents,batch-2
3100,"PMF Suspension Front Axle U-Bolt Kit, Semi-round, 12.5 in — 1988–1997 Ford F-250 / F-350 — UBFSR563-30-125",suspension,Brand New,P3,suspension-kit,yes,derived,unconfirmed,suspension,0,5,yes,yes,1146,original text kept; sections added from the listing's own statements,0,package contents,batch-2
3101,"PMF Suspension Front Axle U-Bolt Kit, Semi-round, 13.5 in — 1988–1997 Ford F-250 / F-350 — UBFSR563-30-135",suspension,Brand New,P3,suspension-kit,yes,derived,unconfirmed,suspension,0,5,yes,yes,1146,original text kept; sections added from the listing's own statements,0,package contents,batch-2
3102,"PMF Suspension Front Axle U-Bolt Kit, Semi-round, 14.5 in — 1988–1997 Ford F-250 / F-350 — UBFSR563-30-145",suspension,Brand New,P3,suspension-kit,yes,derived,unconfirmed,suspension,0,5,yes,yes,1146,original text kept; sections added from the listing's own statements,0,package contents,batch-2
3103,"PMF Suspension Front Axle U-Bolt Kit, Semi-round, 15.5 in — 1988–1997 Ford F-250 / F-350 — UBFSR563-30-155",suspension,Brand New,P3,suspension-kit,yes,derived,unconfirmed,suspension,0,5,yes,yes,1146,original text kept; sections added from the listing's own statements,0,package contents,batch-2
3104,"PMF Suspension Front Axle U-Bolt Kit, Square, 8.5 in — 1988–1997 Ford F-250 / F-350 — UBFSQ563-30-085",suspension,Brand New,P3,suspension-kit,yes,derived,unconfirmed,suspension,0,5,yes,yes,1126,original text kept; sections added from the listing's own statements,0,package contents,batch-2
3105,"PMF Suspension Front Axle U-Bolt Kit, Square, 9.5 in — 1988–1997 Ford F-250 / F-350 — UBFSQ563-30-095",suspension,Brand New,P3,suspension-kit,yes,derived,unconfirmed,suspension,0,5,yes,yes,1126,original text kept; sections added from the listing's own statements,0,package contents,batch-2
3106,"PMF Suspension Front Axle U-Bolt Kit, Square, 10.5 in — 1988–1997 Ford F-250 / F-350 — UBFSQ563-30-105",suspension,Brand New,P3,suspension-kit,yes,derived,unconfirmed,suspension,0,5,yes,yes,1130,original text kept; sections added from the listing's own statements,0,package contents,batch-2
3107,"PMF Suspension Front Axle U-Bolt Kit, Square, 11.5 in — 1988–1997 Ford F-250 / F-350 — UBFSQ563-30-115",suspension,Brand New,P3,suspension-kit,yes,derived,unconfirmed,suspension,0,5,yes,yes,1130,original text kept; sections added from the listing's own statements,0,package contents,batch-2
3108,"Zone Offroad 4 in Suspension System, radiused U-bolts and Nitro Series shocks — 1999–2004 Ford F-250 / F-350 Super Duty — F1N",suspension,Brand New,P3,suspension-kit,yes,derived,listed,suspension,1,5,yes,yes,1027,original text kept; sections added from the listing's own statements,0,,batch-2
3109,"Zone Offroad 4 in Suspension System, square U-bolts and Nitro Series shocks — 1999–2004 Ford F-250 / F-350 Super Duty — F2N",suspension,Brand New,P3,suspension-kit,yes,derived,listed,suspension,1,5,yes,yes,1021,original text kept; sections added from the listing's own statements,0,,batch-2
3110,"Zone Offroad 4 in Suspension System, radiused U-bolts and FOX 2.0 Adventure Series shocks — 1999–2004 Ford F-250 / F-350 Super Duty — F1F",suspension,Brand New,P3,suspension-kit,yes,derived,listed,suspension,1,5,yes,yes,1136,original text kept; sections added from the listing's own statements,0,,batch-2
3111,"BDS Suspension Front Track Bar Relocation Bracket, 4 in to 6 in Lift — 2005–2007 Ford F-250 / F-350 Super Duty — 123010",suspension,Brand New,P5,,yes,derived,stated,,0,5,yes,yes,1021,original text kept; sections added from the listing's own statements,1,,batch-2 (stated only)
3112,"BDS Suspension Front Track Bar Relocation Bracket, 8 in Lift — 2005–2007 Ford F-250 / F-350 Super Duty — 123801",suspension,Brand New,P5,,yes,derived,stated,,0,5,yes,yes,989,original text kept; sections added from the listing's own statements,1,,batch-2 (stated only)
3113,"SSBC-USA B8-Barbarian 8-Piston Front Caliper Upgrade Kit, Clear anodised — 2005–2012 Ford F-250 / F-350 — A403-20",brakes,Brand New,P3,brake-kit,yes,derived,partial,brakes,3,9,yes,yes,1635,original text kept; sections added from the listing's own statements,1,remaining contents not confirmed,batch-2
3114,"SSBC-USA B8-Barbarian 8-Piston Front Caliper Upgrade Kit, Clear anodised, with DS Performance Rotors — 2005–2012 Ford F-250 / F-350 — A403-20-DS",brakes,Brand New,P3,brake-kit,yes,derived,partial,brakes,4,9,yes,yes,1761,original text kept; sections added from the listing's own statements,0,remaining contents not confirmed,batch-2
3115,"SSBC-USA B8-Barbarian 8-Piston Front Caliper Upgrade Kit, Black — 2005–2012 Ford F-250 / F-350 — A403-20BLK",brakes,Brand New,P3,brake-kit,yes,derived,partial,brakes,3,9,yes,yes,1602,original text kept; sections added from the listing's own statements,1,remaining contents not confirmed,batch-2
3116,"SSBC-USA B8-Barbarian 8-Piston Front Caliper Upgrade Kit, Black, with DS Performance Rotors — 2005–2012 Ford F-250 / F-350 — A403-20BLK-DS",brakes,Brand New,P3,brake-kit,yes,derived,partial,brakes,4,9,yes,yes,1728,original text kept; sections added from the listing's own statements,0,remaining contents not confirmed,batch-2
3117,"SSBC-USA B8-Barbarian 8-Piston Front Caliper Upgrade Kit, Red — 2005–2012 Ford F-250 / F-350 — A403-20R",brakes,Brand New,P3,brake-kit,yes,derived,partial,brakes,3,9,yes,yes,1592,original text kept; sections added from the listing's own statements,1,remaining contents not confirmed,batch-2
3118,"SSBC-USA B8-Barbarian 8-Piston Front Caliper Upgrade Kit, Red, with DS Performance Rotors — 2005–2012 Ford F-250 / F-350 — A403-20R-DS",brakes,Brand New,P3,brake-kit,yes,derived,partial,brakes,4,9,yes,yes,1718,original text kept; sections added from the listing's own statements,0,remaining contents not confirmed,batch-2
3119,"SSBC-USA B8-Barbarian 8-Piston Rear Caliper Upgrade Kit, Clear anodised — 2005–2012 Ford F-250 / F-350 — A403-21",brakes,Brand New,P3,brake-kit,yes,derived,partial,brakes,3,9,yes,yes,1633,original text kept; sections added from the listing's own statements,1,remaining contents not confirmed,batch-2
3120,"SSBC-USA B8-Barbarian 8-Piston Rear Caliper Upgrade Kit, Clear anodised, with DS Performance Rotors — 2005–2012 Ford F-250 / F-350 — A403-21-DS",brakes,Brand New,P3,brake-kit,yes,derived,partial,brakes,4,9,yes,yes,1759,original text kept; sections added from the listing's own statements,0,remaining contents not confirmed,batch-2
3121,"SSBC-USA B8-Barbarian 8-Piston Rear Caliper Upgrade Kit, Black — 2005–2012 Ford F-250 / F-350 — A403-21BLK",brakes,Brand New,P3,brake-kit,yes,derived,partial,brakes,3,9,yes,yes,1600,original text kept; sections added from the listing's own statements,1,remaining contents not confirmed,batch-2
3122,"SSBC-USA B8-Barbarian 8-Piston Rear Caliper Upgrade Kit, Black, with DS Performance Rotors — 2005–2012 Ford F-250 / F-350 — A403-21BLK-DS",brakes,Brand New,P3,brake-kit,yes,derived,partial,brakes,4,9,yes,yes,1726,original text kept; sections added from the listing's own statements,0,remaining contents not confirmed,batch-2
3123,"SSBC-USA B8-Barbarian 8-Piston Rear Caliper Upgrade Kit, Red — 2005–2012 Ford F-250 / F-350 — A403-21R",brakes,Brand New,P3,brake-kit,yes,derived,partial,brakes,3,9,yes,yes,1590,original text kept; sections added from the listing's own statements,1,remaining contents not confirmed,batch-2
3124,"SSBC-USA B8-Barbarian 8-Piston Rear Caliper Upgrade Kit, Red, with DS Performance Rotors — 2005–2012 Ford F-250 / F-350 — A403-21R-DS",brakes,Brand New,P3,brake-kit,yes,derived,partial,brakes,4,9,yes,yes,1716,original text kept; sections added from the listing's own statements,0,remaining contents not confirmed,batch-2
3125,"SSBC-USA B8-Barbarian 8-Piston Front Caliper Upgrade Kit, Clear anodised — 2013–2022 Ford F-250 / F-350 — A404-20",brakes,Brand New,P3,brake-kit,yes,derived,partial,brakes,3,9,yes,yes,1635,original text kept; sections added from the listing's own statements,1,remaining contents not confirmed,batch-2
3126,"SSBC-USA B8-Barbarian 8-Piston Front Caliper Upgrade Kit, Clear anodised, with DS Performance Rotors — 2013–2022 Ford F-250 / F-350 — A404-20-DS",brakes,Brand New,P3,brake-kit,yes,derived,partial,brakes,4,9,yes,yes,1761,original text kept; sections added from the listing's own statements,0,remaining contents not confirmed,batch-2
3127,"SSBC-USA B8-Barbarian 8-Piston Front Caliper Upgrade Kit, Black — 2013–2022 Ford F-250 / F-350 — A404-20BLK",brakes,Brand New,P3,brake-kit,yes,derived,partial,brakes,3,9,yes,yes,1602,original text kept; sections added from the listing's own statements,1,remaining contents not confirmed,batch-2
3128,"SSBC-USA B8-Barbarian 8-Piston Front Caliper Upgrade Kit, Black, with DS Performance Rotors — 2013–2022 Ford F-250 / F-350 — A404-20BLK-DS",brakes,Brand New,P3,brake-kit,yes,derived,partial,brakes,4,9,yes,yes,1728,original text kept; sections added from the listing's own statements,0,remaining contents not confirmed,batch-2
3129,"SSBC-USA B8-Barbarian 8-Piston Front Caliper Upgrade Kit, Red — 2013–2022 Ford F-250 / F-350 — A404-20R",brakes,Brand New,P3,brake-kit,yes,derived,partial,brakes,3,9,yes,yes,1592,original text kept; sections added from the listing's own statements,1,remaining contents not confirmed,batch-2
3130,"SSBC-USA B8-Barbarian 8-Piston Front Caliper Upgrade Kit, Red, with DS Performance Rotors — 2013–2022 Ford F-250 / F-350 — A404-20R-DS",brakes,Brand New,P3,brake-kit,yes,derived,partial,brakes,4,9,yes,yes,1718,original text kept; sections added from the listing's own statements,0,remaining contents not confirmed,batch-2
3131,"SSBC-USA B8-Barbarian 8-Piston Rear Caliper Upgrade Kit, Clear anodised — 2013–2022 Ford F-250 / F-350 — A404-21",brakes,Brand New,P3,brake-kit,yes,derived,partial,brakes,3,9,yes,yes,1633,original text kept; sections added from the listing's own statements,1,remaining contents not confirmed,batch-2
3132,"SSBC-USA B8-Barbarian 8-Piston Rear Caliper Upgrade Kit, Clear anodised, with DS Performance Rotors — 2013–2022 Ford F-250 / F-350 — A404-21-DS",brakes,Brand New,P3,brake-kit,yes,derived,partial,brakes,4,9,yes,yes,1759,original text kept; sections added from the listing's own statements,0,remaining contents not confirmed,batch-2
3133,"SSBC-USA B8-Barbarian 8-Piston Rear Caliper Upgrade Kit, Black — 2013–2022 Ford F-250 / F-350 — A404-21BLK",brakes,Brand New,P3,brake-kit,yes,derived,partial,brakes,3,9,yes,yes,1600,original text kept; sections added from the listing's own statements,1,remaining contents not confirmed,batch-2
3134,"SSBC-USA B8-Barbarian 8-Piston Rear Caliper Upgrade Kit, Black, with DS Performance Rotors — 2013–2022 Ford F-250 / F-350 — A404-21BLK-DS",brakes,Brand New,P3,brake-kit,yes,derived,partial,brakes,4,9,yes,yes,1726,original text kept; sections added from the listing's own statements,0,remaining contents not confirmed,batch-2
3135,"SSBC-USA B8-Barbarian 8-Piston Rear Caliper Upgrade Kit, Red — 2013–2022 Ford F-250 / F-350 — A404-21R",brakes,Brand New,P3,brake-kit,yes,derived,partial,brakes,3,9,yes,yes,1590,original text kept; sections added from the listing's own statements,1,remaining contents not confirmed,batch-2
3136,"SSBC-USA B8-Barbarian 8-Piston Rear Caliper Upgrade Kit, Red, with DS Performance Rotors — 2013–2022 Ford F-250 / F-350 — A404-21R-DS",brakes,Brand New,P3,brake-kit,yes,derived,partial,brakes,4,9,yes,yes,1716,original text kept; sections added from the listing's own statements,0,remaining contents not confirmed,batch-2
3137,"SSBC-USA B8-Barbarian 8-Piston Front Caliper Upgrade Kit, Clear anodised — 2023–2025 Ford F-250 / F-350 — A404-22",brakes,Brand New,P3,brake-kit,yes,derived,partial,brakes,3,9,yes,yes,1635,original text kept; sections added from the listing's own statements,1,remaining contents not confirmed,batch-2
3138,"SSBC-USA B8-Barbarian 8-Piston Front Caliper Upgrade Kit, Clear anodised, with DS Performance Rotors — 2023–2025 Ford F-250 / F-350 — A404-22-DS",brakes,Brand New,P3,brake-kit,yes,derived,partial,brakes,4,9,yes,yes,1761,original text kept; sections added from the listing's own statements,0,remaining contents not confirmed,batch-2
3139,"SSBC-USA B8-Barbarian 8-Piston Front Caliper Upgrade Kit, Black — 2023–2025 Ford F-250 / F-350 — A404-22BLK",brakes,Brand New,P3,brake-kit,yes,derived,partial,brakes,3,9,yes,yes,1602,original text kept; sections added from the listing's own statements,1,remaining contents not confirmed,batch-2
3140,"SSBC-USA B8-Barbarian 8-Piston Front Caliper Upgrade Kit, Black, with DS Performance Rotors — 2023–2025 Ford F-250 / F-350 — A404-22BLK-DS",brakes,Brand New,P3,brake-kit,yes,derived,partial,brakes,4,9,yes,yes,1728,original text kept; sections added from the listing's own statements,0,remaining contents not confirmed,batch-2
3141,"SSBC-USA B8-Barbarian 8-Piston Front Caliper Upgrade Kit, Red — 2023–2025 Ford F-250 / F-350 — A404-22R",brakes,Brand New,P3,brake-kit,yes,derived,partial,brakes,3,9,yes,yes,1592,original text kept; sections added from the listing's own statements,1,remaining contents not confirmed,batch-2
3142,"SSBC-USA B8-Barbarian 8-Piston Front Caliper Upgrade Kit, Red, with DS Performance Rotors — 2023–2025 Ford F-250 / F-350 — A404-22R-DS",brakes,Brand New,P3,brake-kit,yes,derived,partial,brakes,4,9,yes,yes,1718,original text kept; sections added from the listing's own statements,0,remaining contents not confirmed,batch-2
3143,"SSBC-USA B8-Barbarian 8-Piston Rear Caliper Upgrade Kit, Clear anodised — 2023–2025 Ford F-250 / F-350 — A404-23",brakes,Brand New,P3,brake-kit,yes,derived,partial,brakes,3,9,yes,yes,1633,original text kept; sections added from the listing's own statements,1,remaining contents not confirmed,batch-2
3144,"SSBC-USA B8-Barbarian 8-Piston Rear Caliper Upgrade Kit, Clear anodised, with DS Performance Rotors — 2023–2025 Ford F-250 / F-350 — A404-23-DS",brakes,Brand New,P3,brake-kit,yes,derived,partial,brakes,4,9,yes,yes,1759,original text kept; sections added from the listing's own statements,0,remaining contents not confirmed,batch-2
3145,"SSBC-USA B8-Barbarian 8-Piston Rear Caliper Upgrade Kit, Black — 2023–2025 Ford F-250 / F-350 — A404-23BLK",brakes,Brand New,P3,brake-kit,yes,derived,partial,brakes,3,9,yes,yes,1600,original text kept; sections added from the listing's own statements,1,remaining contents not confirmed,batch-2
3146,"SSBC-USA B8-Barbarian 8-Piston Rear Caliper Upgrade Kit, Black, with DS Performance Rotors — 2023–2025 Ford F-250 / F-350 — A404-23BLK-DS",brakes,Brand New,P3,brake-kit,yes,derived,partial,brakes,4,9,yes,yes,1726,original text kept; sections added from the listing's own statements,0,remaining contents not confirmed,batch-2
3147,"SSBC-USA B8-Barbarian 8-Piston Rear Caliper Upgrade Kit, Red — 2023–2025 Ford F-250 / F-350 — A404-23R",brakes,Brand New,P3,brake-kit,yes,derived,partial,brakes,3,9,yes,yes,1590,original text kept; sections added from the listing's own statements,1,remaining contents not confirmed,batch-2
3148,"SSBC-USA B8-Barbarian 8-Piston Rear Caliper Upgrade Kit, Red, with DS Performance Rotors — 2023–2025 Ford F-250 / F-350 — A404-23R-DS",brakes,Brand New,P3,brake-kit,yes,derived,partial,brakes,4,9,yes,yes,1716,original text kept; sections added from the listing's own statements,0,remaining contents not confirmed,batch-2
3149,"SSBC-USA B8-Barbarian 8-Piston Rear Caliper Upgrade Kit, Clear anodised — 2009–2018 Dodge / Ram 2500 / 3500 — A404-11",brakes,Brand New,P3,brake-kit,yes,derived,partial,brakes,3,9,yes,yes,1643,original text kept; sections added from the listing's own statements,1,remaining contents not confirmed,batch-2
3150,"SSBC-USA B8-Barbarian 8-Piston Rear Caliper Upgrade Kit, Clear anodised, with DS Performance Rotors — 2009–2018 Dodge / Ram 2500 / 3500 — A404-11-DS",brakes,Brand New,P3,brake-kit,yes,derived,partial,brakes,4,9,yes,yes,1769,original text kept; sections added from the listing's own statements,0,remaining contents not confirmed,batch-2
3151,"SSBC-USA B8-Barbarian 8-Piston Rear Caliper Upgrade Kit, Black — 2009–2018 Dodge / Ram 2500 / 3500 — A404-11BLK",brakes,Brand New,P3,brake-kit,yes,derived,partial,brakes,3,9,yes,yes,1610,original text kept; sections added from the listing's own statements,1,remaining contents not confirmed,batch-2
3152,"SSBC-USA B8-Barbarian 8-Piston Rear Caliper Upgrade Kit, Black, with DS Performance Rotors — 2009–2018 Dodge / Ram 2500 / 3500 — A404-11BLK-DS",brakes,Brand New,P3,brake-kit,yes,derived,partial,brakes,4,9,yes,yes,1736,original text kept; sections added from the listing's own statements,0,remaining contents not confirmed,batch-2
3153,"SSBC-USA B8-Barbarian 8-Piston Rear Caliper Upgrade Kit, Red — 2009–2018 Dodge / Ram 2500 / 3500 — A404-11R",brakes,Brand New,P3,brake-kit,yes,derived,partial,brakes,3,9,yes,yes,1600,original text kept; sections added from the listing's own statements,1,remaining contents not confirmed,batch-2
3154,"SSBC-USA B8-Barbarian 8-Piston Rear Caliper Upgrade Kit, Red, with DS Performance Rotors — 2009–2018 Dodge / Ram 2500 / 3500 — A404-11R-DS",brakes,Brand New,P3,brake-kit,yes,derived,partial,brakes,4,9,yes,yes,1726,original text kept; sections added from the listing's own statements,0,remaining contents not confirmed,batch-2
3155,"Hawk Performance Talon Slotted Rear Rotor & Ceramic Pad Kit — 2000–2002 Dodge Ram 2500 / 3500, 2WD and 4WD — HKS4451.299Z",brakes,Brand New,P3,brake-kit,yes,derived,partial,brakes,2,6,yes,yes,1244,original text kept; sections added from the listing's own statements,0,remaining contents not confirmed,batch-2
3156,"Hawk Performance Talon Slotted Rear Rotor & HPS Pad Kit — 2000–2002 Dodge Ram 2500 / 3500, 2WD and 4WD — HKS4451.299F",brakes,Brand New,P3,brake-kit,yes,derived,partial,brakes,2,6,yes,yes,1258,original text kept; sections added from the listing's own statements,0,remaining contents not confirmed,batch-2
3157,"Hawk Performance Talon Slotted Rear Rotor & LTS Pad Kit — 2008–2012 Ford F-250 / F-350 Super Duty, single rear wheel — HKS4260.556Y",brakes,Brand New,P3,brake-kit,yes,derived,partial,brakes,2,6,yes,yes,1274,original text kept; sections added from the listing's own statements,0,remaining contents not confirmed,batch-2
3158,"Mevotech TTX SuperMet Brake Pads, Front Set — 2019–2024 Ram 2500 / 3500 — TXBSM2223",brakes,Brand New,P3,brake-kit,yes,derived,unconfirmed,brakes,0,5,yes,yes,957,original text kept; sections added from the listing's own statements,0,package contents,batch-2
3159,"Mevotech TTX SuperMet Brake Pads, Rear Set — 2019–2024 Ram 2500 / 3500 — TXBSM2225",brakes,Brand New,P3,brake-kit,yes,derived,unconfirmed,brakes,0,5,yes,yes,953,original text kept; sections added from the listing's own statements,0,package contents,batch-2
3160,"Mevotech TTX Premium Met Brake Pads, Front Set — 2009–2018 Ram 2500 / 3500 — TXBPM1399",brakes,Brand New,P3,brake-kit,yes,derived,unconfirmed,brakes,0,5,yes,yes,924,original text kept; sections added from the listing's own statements,0,package contents,batch-2
3161,"Mevotech TTX Premium Met Brake Pads, Rear Set — 2009–2018 Ram 2500 / 3500 — TXBPM1400",brakes,Brand New,P3,brake-kit,yes,derived,unconfirmed,brakes,0,5,yes,yes,920,original text kept; sections added from the listing's own statements,0,package contents,batch-2
3162,"Carli Stainless Braided Brake Line Kit, 2.5 in to 3 in Lift — 2003–2011 Ram 2500 / 3500 4x4 Cummins — D3BBL-03",brakes,Brand New,P3,brake-kit,yes,derived,listed,brakes,2,6,yes,yes,1338,original text kept; sections added from the listing's own statements,1,,batch-2
3163,"Carli Stainless Braided Brake Line Kit, 2.5 in to 3 in Lift — 2012–2013 Ram 2500 / 3500 4x4 Cummins — D3BBL-12",brakes,Brand New,P3,brake-kit,yes,derived,listed,brakes,2,6,yes,yes,1338,original text kept; sections added from the listing's own statements,1,,batch-2
3164,"Carli Stainless Braided Brake Line Kit, 6 in Lift — 2003–2011 Ram 2500 / 3500 4x4 Cummins — D6BBL-03",brakes,Brand New,P3,brake-kit,yes,derived,listed,brakes,2,6,yes,yes,1298,original text kept; sections added from the listing's own statements,1,,batch-2
3165,"Carli Stainless Braided Brake Line Kit, 6 in Lift — 2012–2013 Ram 2500 / 3500 4x4 Cummins — D6BBL-12",brakes,Brand New,P3,brake-kit,yes,derived,listed,brakes,2,6,yes,yes,1298,original text kept; sections added from the listing's own statements,1,,batch-2
3166,"Carli Extended Front Brake Line Kit, Levelling — 2017–2026 Ford F-250 / F-350 4x4 — FORDBBL-LVL-17-F",brakes,Brand New,P3,brake-kit,yes,derived,unconfirmed,brakes,0,5,yes,yes,1140,original text kept; sections added from the listing's own statements,0,package contents,batch-2
3167,ICON 2.5 in Extended Stainless Steel Brake Line Kit — 2017–2023 Ford F-250 / F-350 — 61111,brakes,Brand New,P3,brake-kit,yes,derived,unconfirmed,brakes,0,5,yes,yes,1093,original text kept; sections added from the listing's own statements,0,package contents,batch-2
3168,BD Diesel Screamer HE351VE Turbocharger — 2007.5–2012 Dodge / Ram 6.7L Cummins — 1045770,turbocharger,Brand New,P2,turbo-supercharger,yes,derived,unconfirmed,turbocharger,0,6,yes,yes,1042,original text kept; sections added from the listing's own statements,0,package contents,batch-1
3169,BD Diesel Turbo Thruster 66 mm Billet Turbocharger — 1999.5–2003 Ford 7.3L Power Stroke — 1047511,turbocharger,Brand New,P2,turbo-supercharger,yes,derived,unconfirmed,turbocharger,0,7,yes,yes,1138,original text kept; sections added from the listing's own statements,0,package contents,batch-1
3170,BD Diesel HE351VE / HE300VG Turbo Mounting Kit — 2007.5–2018 Ram 6.7L Cummins — 1045983,turbocharger,Brand New,P2,turbo-supercharger,yes,derived,partial,turbocharger,3,5,yes,yes,962,original text kept; sections added from the listing's own statements,0,remaining contents not confirmed,batch-1
3171,ATS Aurora VNT Turbocharger Kit — 2011–2014 Ford 6.7L Power Stroke pickup — 202-306-3368,turbocharger,Brand New,P2,turbo-supercharger,yes,derived,unconfirmed,turbocharger,0,5,yes,yes,1102,original text kept; sections added from the listing's own statements,0,package contents,batch-1
3172,ATS Aurora VNT Turbocharger Kit — 2011–2016 Ford 6.7L Power Stroke cab and chassis — 202-307-3368,turbocharger,Brand New,P2,turbo-supercharger,yes,derived,unconfirmed,turbocharger,0,5,yes,yes,1129,original text kept; sections added from the listing's own statements,0,package contents,batch-1
3173,aFe BladeRunner GT Series Turbocharger — 1999.5–2003 Ford 7.3L Power Stroke — 46-60072,turbocharger,Brand New,P2,turbo-supercharger,yes,derived,unconfirmed,turbocharger,0,3,yes,yes,856,original text kept; sections added from the listing's own statements,0,package contents,batch-1
3174,aFe BladeRunner GT Series Turbocharger — 2004.5–2010 GM 6.6L Duramax LLY / LBZ / LMM — 46-60242,turbocharger,Brand New,P2,turbo-supercharger,yes,derived,unconfirmed,turbocharger,0,3,yes,yes,961,original text kept; sections added from the listing's own statements,0,package contents,batch-1
3175,BD Diesel 68RFE Performance Transmission — 2007.5–2018 Dodge / Ram 6.7L Cummins 2WD — 1064262,transmission,Brand New,P1,transmission,yes,derived,unconfirmed,transmission,0,4,yes,yes,1016,original text kept; sections added from the listing's own statements,1,package contents,batch-1
3176,"aFe Power ShiftLogic Transmission Module, 68RFE — 2007.5–2018 Dodge / Ram 6.7L Cummins — 77-52002",transmission,Brand New,P5,,no,,,,0,6,yes,yes,1065,not started,0,,
3177,"ATS Allison Conversion Stage 3 Transmission — 2010–2012 Ram 6.7L Cummins 2WD, replaces 68RFE — 319-932-2356",transmission,Brand New,P1,transmission,yes,explicit entry,partial,transmission,10,5,yes,yes,1122,original text kept; sections added from the listing's own statements,0,remaining contents not confirmed,pilot
3178,"ATS Allison Conversion Stage 4 Transmission — 2013–2018 Ram 6.7L Cummins 2WD, replaces Aisin AS69RC — 319-943-2392",transmission,Brand New,P1,transmission,yes,explicit entry,partial,transmission,10,5,yes,yes,1157,original text kept; sections added from the listing's own statements,0,remaining contents not confirmed,pilot
3179,"ATS Allison Conversion Stage 5 Transmission — 2019–2022 Ram 6.7L Cummins 2WD, replaces Aisin AS69RC — 319-953-2464",transmission,Brand New,P1,transmission,yes,explicit entry,partial,transmission,10,5,yes,yes,1157,original text kept; sections added from the listing's own statements,0,remaining contents not confirmed,pilot
3180,"ATS Allison Conversion Stage 5 Transmission — 2019–2022 Ram 6.7L Cummins 4WD, replaces Aisin AS69RC — 319-955-2464",transmission,Brand New,P1,transmission,yes,explicit entry,partial,transmission,10,5,yes,yes,1157,original text kept; sections added from the listing's own statements,0,remaining contents not confirmed,pilot
3181,"ATS Diesel Allison Transmission Pan, +5 Quarts — 2001–2016 GM 6.6L Duramax Allison — 3019004248",transmission,Brand New,P5,,no,,,,0,7,yes,yes,1089,not started,0,,
3182,Merchant Automotive Allison Transmission Rear Housing Support — 2011–2019 GM 6.6L Duramax — 10357,transmission,Brand New,P5,,no,,,,0,5,yes,yes,974,not started,0,,
3183,"Valair NV5600 Spring Hub Dual Disc Clutch, Ceramic, Standard floater plate — 2000–2005 Dodge Ram 5.9L Cummins — NMU70NV56DDSN",transmission,Brand New,P5,,no,,,,0,7,yes,yes,1286,not started,0,,
3184,"Valair NV5600 Spring Hub Dual Disc Clutch, Ceramic, Quiet floater plate with spring strap — 2000–2005 Dodge Ram 5.9L Cummins — QNV56DDSN",transmission,Brand New,P5,,no,,,,0,7,yes,yes,1327,not started,0,,
3185,"Valair NV5600 Spring Hub Dual Disc Clutch, Organic, Standard floater plate — 2000–2005 Dodge Ram 5.9L Cummins — NMU70NV56DDSN-ORG",transmission,Brand New,P5,,no,,,,0,7,yes,yes,1290,not started,0,,
3186,"Valair NV5600 Spring Hub Dual Disc Clutch, Organic, Quiet floater plate with spring strap — 2000–2005 Dodge Ram 5.9L Cummins — QNV56DDSN-ORG",transmission,Brand New,P5,,no,,,,0,7,yes,yes,1331,not started,0,,
3187,"Valair NV4500 Spring Hub Dual Disc Clutch, Ceramic, Standard floater plate — 1994–2003 Dodge Ram 5.9L Cummins — NMU70NV45DDSN",transmission,Brand New,P5,,no,,,,0,7,yes,yes,1533,not started,0,,
3188,"Valair NV4500 Spring Hub Dual Disc Clutch, Ceramic, Quiet floater plate with spring strap — 1994–2003 Dodge Ram 5.9L Cummins — QNV45DDSN",transmission,Brand New,P5,,no,,,,0,7,yes,yes,1505,not started,0,,
3189,"Valair NV4500 Spring Hub Dual Disc Clutch, Organic, Standard floater plate — 1994–2003 Dodge Ram 5.9L Cummins — NMU70NV45DDSN-ORG",transmission,Brand New,P5,,no,,,,0,7,yes,yes,1468,not started,0,,
3190,"Valair NV4500 Spring Hub Dual Disc Clutch, Organic, Quiet floater plate with spring strap — 1994–2003 Dodge Ram 5.9L Cummins — QNV45DDSN-ORG",transmission,Brand New,P5,,no,,,,0,7,yes,yes,1509,not started,0,,
3191,"South Bend Street Dual Disc Clutch, 650 RWHP — 2000–2005 Dodge Ram 5.9L Cummins NV5600 — SDD3250-6",transmission,Brand New,P5,,no,,,,0,6,yes,yes,1147,not started,0,,
3192,"South Bend Dyna Max 13 in Heavy Duty Organic Clutch Kit — 1989–2004 Dodge Ram 5.9L Cummins, Getrag / NV4500 5-Speed — 13125-OK-HD",transmission,Brand New,P5,,no,,,,0,6,yes,yes,1107,not started,0,,
3193,BulletProof Diesel OEM-Style Oil Cooler Remote Mount Kit — 2003–2007 Ford 6.0L Power Stroke — VK688-100,engine,Brand New,P3,cooling-kit,yes,derived,partial,cooling,4,6,yes,yes,1259,original text kept; sections added from the listing's own statements,0,remaining contents not confirmed,batch-2
3194,Ford Factory Upgraded Engine Oil Cooler — 2003–2007 Ford 6.0L Power Stroke — 3C3Z-6A810-A,engine,Brand New,P5,,yes,derived,partial,,3,5,yes,yes,1123,original text kept; sections added from the listing's own statements,0,remaining contents not confirmed,batch-2 (stated only)
3195,Sinister Diesel Engine Oil Cooler — 2003–2007 Ford 6.0L Power Stroke — SD-OC-6.0,engine,Brand New,P5,,no,,,,0,5,yes,yes,1128,not started,0,,
3196,DieselSite Engine Oil Cooler Kit — 2003–2007 Ford 6.0L Power Stroke — OC6,engine,Brand New,P3,cooling-kit,yes,derived,partial,cooling,3,6,yes,yes,1252,original text kept; sections added from the listing's own statements,0,remaining contents not confirmed,batch-2
3197,aFe BladeRunner Replacement Engine Oil Cooler — 2003–2007 Ford 6.0L Power Stroke — 46-80001,engine,Brand New,P5,,yes,derived,partial,,3,6,yes,yes,1123,original text kept; sections added from the listing's own statements,0,remaining contents not confirmed,batch-2 (stated only)
3198,Smeding Diesel Direct-Replacement Intercooler — 1994–2002 Dodge Ram 5.9L Cummins — 9402IC,engine,Brand New,P5,,no,,,,0,6,yes,yes,952,not started,0,,
3199,Ford OE Replacement Intercooler — 2011–2016 Ford 6.7L Power Stroke — BC3Z-6K775-B,engine,Brand New,P5,,no,,,,0,6,yes,yes,999,not started,0,,
3200,Driven Diesel Mechanical Fan Clutch Adapter — 2003–2018 Dodge / Ram 5.9L and 6.7L Cummins — GOS-FANHUB,engine,Brand New,P5,,yes,derived,listed,,1,5,yes,yes,1101,original text kept; sections added from the listing's own statements,0,,batch-2 (stated only)
3201,Driven Diesel Fan Hub Assembly for Mechanical Clutch — 2003–2018 Dodge / Ram 5.9L and 6.7L Cummins — GOS-ASSY,engine,Brand New,P5,,yes,derived,listed,,2,6,yes,yes,1435,original text kept; sections added from the listing's own statements,1,,batch-2 (stated only)
3202,Driven Diesel Fan Clutch Accelerator Switch — 2005–2007 Ram 5.9L Manual and 2007.5–2020 Ram 6.7L Cummins — DFCS,electronics,Brand New,P5,,no,,,,0,5,yes,yes,1130,not started,0,,
3203,Sick Diesel Curved LED Grille Light Kit — 2025–2026 Ram 2500 / 3500 — RAM25-BWCL,lighting,Brand New,P5,,no,,,,3,7,yes,yes,1318,not started,0,,
3204,"S&B Cold Air Intake, Cotton Cleanable — 2025–2026 Ford Bronco, 2.3L — 75-5228",engine,Brand New,P5,,no,,,,0,4,yes,yes,1619,not started,0,,
3205,"S&B Cold Air Intake, Cotton Cleanable — 2021–2024 RAM 1500 TRX V8-6.2L with 3.0L Whipple Supercharger — 75-5217",engine,Brand New,P2,turbo-supercharger,yes,derived,unconfirmed,supercharger,0,4,yes,yes,1721,original text kept; sections added from the listing's own statements,0,package contents,batch-1
3206,"S&B Cold Air Intake, Dry Extendable — 2021–2024 RAM 1500 TRX V8-6.2L with 3.0L Whipple Supercharger — 75-5217D",engine,Brand New,P2,turbo-supercharger,yes,derived,unconfirmed,supercharger,0,4,yes,yes,1651,original text kept; sections added from the listing's own statements,0,package contents,batch-1
3207,"JLT Cold Air Intake, Cotton Cleanable — 2024–2026 Ford Mustang GT 5.0L — 75-5226",engine,Brand New,P5,,yes,derived,stated,,0,6,yes,yes,1668,original text kept; sections added from the listing's own statements,1,,batch-2 (stated only)
3208,"S&B Cold Air Intake, Cotton Cleanable — 2015+ Ford F150 5.0L w/ Gen 6 Whipple Stage 1/Stage 2 Supercharger/Ford Performance FP700 Package — 75-5225",engine,Brand New,P2,turbo-supercharger,yes,derived,unconfirmed,supercharger,0,4,yes,yes,1829,original text kept; sections added from the listing's own statements,0,package contents,batch-1
3209,"S&B Cold Air Intake, Dry Extendable — 2015+ Ford F150 5.0L w/ Gen 6 Whipple Stage 1/Stage 2 Supercharger/Ford Performance FP700 Package — 75-5225D",engine,Brand New,P2,turbo-supercharger,yes,derived,unconfirmed,supercharger,0,4,yes,yes,1759,original text kept; sections added from the listing's own statements,0,package contents,batch-1
3210,"S&B Cold Air Intake, Cotton Cleanable — 2023–2026 Ford F-150 Raptor R with 3.8L Whipple Supercharger — 75-5223",engine,Brand New,P2,turbo-supercharger,yes,derived,unconfirmed,supercharger,0,4,yes,yes,1718,original text kept; sections added from the listing's own statements,0,package contents,batch-1
3211,"S&B Cold Air Intake, Dry Extendable — 2023–2026 Ford F-150 Raptor R with 3.8L Whipple Supercharger — 75-5223D",engine,Brand New,P2,turbo-supercharger,yes,derived,unconfirmed,supercharger,0,4,yes,yes,1648,original text kept; sections added from the listing's own statements,0,package contents,batch-1
3212,JLT Cold Air Intake — 2016–2024 Camaro SS 6.2L — 75-5178,engine,Brand New,P5,,no,,,,0,3,yes,yes,1227,not started,0,,
3213,"S&B Cold Air Intake, Cotton Cleanable — 2025–2026 RAM 1500 RHO — 75-5222",engine,Brand New,P5,,no,,,,0,4,yes,yes,1604,not started,0,,
3214,"S&B Cold Air Intake, Dry Extendable — 2025–2026 RAM 1500 RHO — 75-5222D",engine,Brand New,P5,,no,,,,0,4,yes,yes,1534,not started,0,,
3215,"S&B Cold Air Intake, Cotton Cleanable — 2025–2026 Ram 1500 3.0L Hurricane — 75-5221",engine,Brand New,P5,,no,,,,0,4,yes,yes,1637,not started,0,,
3216,"S&B Cold Air Intake, Dry Extendable — 2025–2026 Ram 1500 3.0L Hurricane — 75-5221D",engine,Brand New,P5,,no,,,,0,4,yes,yes,1567,not started,0,,
3217,JLT Cold Air Intake — 2017–2024 Camaro ZL1 6.2L — 75-5179,engine,Brand New,P5,,no,,,,0,3,yes,yes,1230,not started,0,,
3218,"S&B Cold Air Intake, Cotton Cleanable — 2025–2026 Ford Bronco Sport 2.0L, 2025–2026 Ford Maverick 2.0L — 75-5216",engine,Brand New,P5,,no,,,,0,4,yes,yes,1724,not started,0,,
3219,"S&B Cold Air Intake, Dry Extendable — 2025–2026 Ford Bronco Sport 2.0L, 2025–2026 Ford Maverick 2.0L — 75-5216D",engine,Brand New,P5,,no,,,,0,4,yes,yes,1654,not started,0,,
3220,"S&B Cold Air Intake, Cotton Cleanable — 2024–2026 Toyota Land Cruiser, 2.4L — 75-5220",engine,Brand New,P5,,no,,,,0,4,yes,yes,1643,not started,0,,
3221,"S&B Cold Air Intake, Dry Extendable — 2024–2026 Toyota Land Cruiser, 2.4L — 75-5220D",engine,Brand New,P5,,no,,,,0,4,yes,yes,1573,not started,0,,
3222,JLT Cold Air Intake — 2024–2026 Ford Mustang Ecoboost 2.3L Turbo — 75-5201,engine,Brand New,P2,turbo-supercharger,yes,derived,unconfirmed,turbocharger,0,5,yes,yes,1322,original text kept; sections added from the listing's own statements,1,package contents,batch-1
3223,"S&B Cold Air Intake, Cotton Cleanable — 2017–2020 Ford Fusion Sport 2.7L — 75-5209",engine,Brand New,P5,,no,,,,0,4,yes,yes,1634,not started,0,,
3224,"S&B Cold Air Intake, Dry Extendable — 2017–2020 Ford Fusion Sport 2.7L — 75-5209D",engine,Brand New,P5,,no,,,,0,4,yes,yes,1564,not started,0,,
3225,"S&B Cold Air Intake, Cotton Cleanable — 2024 Ford Ranger 2.3L Ecoboost — 75-5219",engine,Brand New,P5,,no,,,,0,4,yes,yes,1628,not started,0,,
3226,"S&B Cold Air Intake, Dry Extendable — 2024 Ford Ranger 2.3L Ecoboost — 75-5219D",engine,Brand New,P5,,no,,,,0,4,yes,yes,1558,not started,0,,
3227,JLT Cold Air Intake — 2016–2019 Cadillac CTS-V 6.2L — 75-5215,engine,Brand New,P5,,no,,,,0,3,yes,yes,1242,not started,0,,
3228,"S&B Cold Air Intake, Cotton Cleanable — 2024–2026 Toyota Tacoma, 2025+ 4Runner 2.4L — 75-5210",engine,Brand New,P5,,no,,,,0,4,yes,yes,1667,not started,0,,
3229,"S&B Cold Air Intake, Dry Extendable — 2024–2026 Toyota Tacoma, 2025+ 4Runner 2.4L — 75-5210D",engine,Brand New,P5,,no,,,,0,4,yes,yes,1597,not started,0,,
3230,JLT Cold Air Intake — 2018–2020 Durango / 2012–2020 Jeep Grand Cherokee SRT 6.4L — 75-5214,engine,Brand New,P5,,no,,,,0,3,yes,yes,1329,not started,0,,
3231,"S&B Cold Air Intake, Cotton Cleanable — 2005–2019 Nissan Frontier, 2005–2012 Pathfinder, 2005–2015 Xterra 4.0L — 75-5191",engine,Brand New,P5,,no,,,,0,4,yes,yes,1748,not started,0,,
3232,"S&B Cold Air Intake, Dry Extendable — 2005–2019 Nissan Frontier, 2005–2012 Pathfinder, 2005–2015 Xterra 4.0L — 75-5191D",engine,Brand New,P5,,no,,,,0,4,yes,yes,1678,not started,0,,
3233,"S&B Cold Air Intake, Cotton Cleanable — 2023–2026 Mercedes Sprinter 2.0L, Diesel — 75-5208",engine,Brand New,P5,,no,,,,0,4,yes,yes,1658,not started,0,,
3234,"S&B Cold Air Intake, Dry Extendable — 2023–2026 Mercedes Sprinter 2.0L, Diesel — 75-5208D",engine,Brand New,P5,,no,,,,0,4,yes,yes,1588,not started,0,,
3235,JLT Cold Air Intake — 2022–2026 Cadillac CT5-V Blackwing 6.2L — 75-5205,engine,Brand New,P5,,no,,,,0,3,yes,yes,1272,not started,0,,
3236,"S&B Cold Air Intake, Cotton Cleanable — 2020–2026 Nissan Frontier 3.8L — 75-5188",engine,Brand New,P5,,no,,,,0,4,yes,yes,1628,not started,0,,
3237,"S&B Cold Air Intake, Dry Extendable — 2020–2026 Nissan Frontier 3.8L — 75-5188D",engine,Brand New,P5,,no,,,,0,4,yes,yes,1558,not started,0,,
3238,"S&B Cold Air Intake, Cotton Cleanable — 2020–2023 Dodge Ram 1500 3.0L EcoDiesel — 75-5195",engine,Brand New,P5,,no,,,,0,4,yes,yes,1655,not started,0,,
3239,"S&B Cold Air Intake, Dry Extendable — 2020–2023 Dodge Ram 1500 3.0L EcoDiesel — 75-5195D",engine,Brand New,P5,,no,,,,0,4,yes,yes,1585,not started,0,,
3240,"S&B Cold Air Intake, Cotton Cleanable — 2024–2026 Jeep Wrangler 2.0L Turbo & 4XE Hybrid — 75-5199",engine,Brand New,P2,turbo-supercharger,yes,derived,unconfirmed,turbocharger,0,4,yes,yes,1679,original text kept; sections added from the listing's own statements,0,package contents,batch-1
3241,"S&B Cold Air Intake, Dry Extendable — 2024–2026 Jeep Wrangler 2.0L Turbo & 4XE Hybrid — 75-5199D",engine,Brand New,P2,turbo-supercharger,yes,derived,unconfirmed,turbocharger,0,4,yes,yes,1609,original text kept; sections added from the listing's own statements,0,package contents,batch-1
3242,"S&B Cold Air Intake, Cotton Cleanable — 2020–2024 Ford Explorer 2.3L — 75-5192",engine,Brand New,P5,,no,,,,0,4,yes,yes,1622,not started,0,,
3243,"S&B Cold Air Intake, Dry Extendable — 2020–2024 Ford Explorer 2.3L — 75-5192D",engine,Brand New,P5,,no,,,,0,4,yes,yes,1552,not started,0,,
3244,JLT Cold Air Intake — 2024–2026 Ford Mustang GT 5.0L — 75-5200,engine,Brand New,P5,,yes,derived,stated,,0,5,yes,yes,1286,original text kept; sections added from the listing's own statements,1,,batch-2 (stated only)
3245,"S&B Cold Air Intake, Cotton Cleanable — 2017–2024 Nissan Titan V8-5.6L — 75-5211",engine,Brand New,P5,,no,,,,0,4,yes,yes,1628,not started,0,,
3246,"S&B Cold Air Intake, Dry Extendable — 2017–2024 Nissan Titan V8-5.6L — 75-5211D",engine,Brand New,P5,,no,,,,0,4,yes,yes,1558,not started,0,,
3247,"JLT Cold Air Intake — 2015–2023 Dodge Charger, Challenger 6.4L — 75-5185",engine,Brand New,P5,,no,,,,0,3,yes,yes,1275,not started,0,,
3248,"JLT Cold Air Intake — 2015–2023 Dodge Charger, 2011–2023 Challenger 5.7L — 75-5184",engine,Brand New,P5,,no,,,,0,3,yes,yes,1305,not started,0,,
3249,"JLT Cold Air Intake — 2015–2023 Dodge Charger, 2011–2023 Challenger 3.6L — 75-5183",engine,Brand New,P5,,no,,,,0,3,yes,yes,1305,not started,0,,
3250,JLT Super Big Air Intake — 2011–2014 GT with Roush/Whipple/FRPP Supercharger — CAISBA-FMG-11,engine,Brand New,P2,turbo-supercharger,yes,derived,unconfirmed,supercharger,0,3,yes,yes,1324,original text kept; sections added from the listing's own statements,0,package contents,batch-1
3251,JLT Cold Air Intake — 2017–2020 Charger Hellcat & 2017–2018 Challenger Hellcat (Widebody Models Only) — 75-5196,engine,Brand New,P5,,no,,,,0,3,yes,yes,1392,not started,0,,
3252,"S&B Cold Air Intake, Cotton Cleanable — 2023–2026 Chevrolet Colorado / GMC Canyon 2.7L — 75-5194",engine,Brand New,P5,,no,,,,0,4,yes,yes,1676,not started,0,,
3253,"S&B Cold Air Intake, Dry Extendable — 2023–2026 Chevrolet Colorado / GMC Canyon 2.7L — 75-5194D",engine,Brand New,P5,,no,,,,0,4,yes,yes,1606,not started,0,,
3254,"S&B Cold Air Intake, Cotton Cleanable — 2019–2024 Ford Edge ST — 75-5190",engine,Brand New,P5,,no,,,,0,4,yes,yes,1604,not started,0,,
3255,"S&B Cold Air Intake, Dry Extendable — 2019–2024 Ford Edge ST — 75-5190D",engine,Brand New,P5,,no,,,,0,4,yes,yes,1534,not started,0,,
3256,"S&B Cold Air Intake, Cotton Cleanable — 2016–2024 Nissan Titan XD — 75-5189",engine,Brand New,P5,,no,,,,0,4,yes,yes,1613,not started,0,,
3257,"S&B Cold Air Intake, Dry Extendable — 2016–2024 Nissan Titan XD — 75-5189D",engine,Brand New,P5,,no,,,,0,4,yes,yes,1543,not started,0,,
3258,"S&B Cold Air Intake, Cotton Cleanable — 2021–2024 Ford Bronco Sport 2.0L, 2022–2024 Ford Maverick 2.0L — 75-5161",engine,Brand New,P5,,no,,,,0,4,yes,yes,1724,not started,0,,
3259,"S&B Cold Air Intake, Dry Extendable — 2021–2024 Ford Bronco Sport 2.0L, 2022–2024 Ford Maverick 2.0L — 75-5161D",engine,Brand New,P5,,no,,,,0,4,yes,yes,1654,not started,0,,
3260,S&B Cold Air Intake — 2017–2024 Nissan Patrol — 75-5135D,engine,Brand New,P5,,no,,,,0,3,yes,yes,1221,not started,0,,
3261,"S&B Cold Air Intake, Cotton Cleanable — 2005–2008 Ford F-150 5.4L — 75-5016",engine,Brand New,P5,,no,,,,0,4,yes,yes,1613,not started,0,,
3262,"S&B Cold Air Intake, Dry Extendable — 2005–2008 Ford F-150 5.4L — 75-5016D",engine,Brand New,P5,,no,,,,0,4,yes,yes,1543,not started,0,,
3263,"S&B Cold Air Intake, Cotton Cleanable — 2021–2026 Ford Bronco 2.7L — 75-5162",engine,Brand New,P5,,no,,,,0,4,yes,yes,1616,not started,0,,
3264,"S&B Cold Air Intake, Dry Extendable — 2021–2026 Ford Bronco 2.7L — 75-5162D",engine,Brand New,P5,,no,,,,0,4,yes,yes,1546,not started,0,,
3265,JLT Cold Air Intake — 2015–2019 Chevrolet Corvette C7 Z06 6.2L — 75-5177,engine,Brand New,P5,,no,,,,0,3,yes,yes,1275,not started,0,,
3266,JLT Cold Air Intake — 2014–2019 Chevrolet Corvette C7 6.2L — 75-5169,engine,Brand New,P5,,no,,,,0,3,yes,yes,1263,not started,0,,
3267,"S&B Cold Air Intake, Cotton Cleanable — 2023–2026 Ford Raptor R 5.2L V8 — 75-5175",engine,Brand New,P5,,no,,,,0,4,yes,yes,1631,not started,0,,
3268,"S&B Cold Air Intake, Dry Extendable — 2023–2026 Ford Raptor R 5.2L V8 — 75-5175D",engine,Brand New,P5,,no,,,,0,4,yes,yes,1561,not started,0,,
3269,"S&B Cold Air Intake, Cotton Cleanable — 2020–2026 Ford Explorer St, Explorer, Lincoln Aviator 3.0L — 75-5174",engine,Brand New,P5,,no,,,,0,4,yes,yes,1712,not started,0,,
3270,"S&B Cold Air Intake, Dry Extendable — 2020–2026 Ford Explorer St, Explorer, Lincoln Aviator 3.0L — 75-5174D",engine,Brand New,P5,,no,,,,0,4,yes,yes,1642,not started,0,,
3271,"S&B Cold Air Intake, Cotton Cleanable — 2023–2026 Cadillac Escalade V 6.2L V8 — 75-5173",engine,Brand New,P5,,no,,,,0,4,yes,yes,1649,not started,0,,
3272,"S&B Cold Air Intake, Dry Extendable — 2023–2026 Cadillac Escalade V 6.2L V8 — 75-5173D",engine,Brand New,P5,,no,,,,0,4,yes,yes,1579,not started,0,,
3273,JLT Cold Air Intake Kit — 2015–2023 Mustang GT With Cobra Jet Intake Manifold — FMGCJ-15,engine,Brand New,P5,,no,,,,0,3,yes,yes,1318,not started,0,,
3274,JLT Cold Air Intake — 2023–2026 Chevrolet Corvette C8 Z06 5.5L — 75-5172,engine,Brand New,P5,,no,,,,0,3,yes,yes,1275,not started,0,,
3275,JLT Cold Air Intake — 2020–2026 Chevrolet Corvette C8 Stingray 6.2L & 2025–2026 E-Ray — 75-5171,engine,Brand New,P5,,no,,,,0,3,yes,yes,1344,not started,0,,
3276,"JLT Cold Air Intake — 2021–2023 Dodge Charger Hellcat & 2019–2023 Dodge Challenger Hellcat (Including Redeye, Demon, Super Stock) — 75-5170",engine,Brand New,P5,,no,,,,0,3,yes,yes,1476,not started,0,,
3277,"S&B Cold Air Intake, Cotton Cleanable — 2022–2026 Ford Bronco Raptor 3.0L Ecoboost — 75-5168",engine,Brand New,P5,,no,,,,0,4,yes,yes,1664,not started,0,,
3278,"S&B Cold Air Intake, Dry Extendable — 2022–2026 Ford Bronco Raptor 3.0L Ecoboost — 75-5168D",engine,Brand New,P5,,no,,,,0,4,yes,yes,1594,not started,0,,
3279,"S&B Cold Air Intake, Cotton Cleanable — 1988–1995 Ford F-150, 250, 350, Bronco — 75-2503",engine,Brand New,P5,,no,,,,0,4,yes,yes,1652,not started,0,,
3280,"S&B Cold Air Intake, Cotton Cleanable — 2021–2024 Ford Bronco 2.3L — 75-5160",engine,Brand New,P5,,no,,,,0,4,yes,yes,1616,not started,0,,
3281,"S&B Cold Air Intake, Dry Extendable — 2021–2024 Ford Bronco 2.3L — 75-5160D",engine,Brand New,P5,,no,,,,0,4,yes,yes,1546,not started,0,,
3282,JLT Cold Air Intake — 2017–2026 F-150 5.0L — F15050-15-1,engine,Brand New,P5,,no,,,,0,3,yes,yes,1223,not started,0,,
3283,JLT Big Air Intake Kit — 2019–2022 Mustang Bullitt / 2021–2022 Mustang Mach 1 — FMMB-19,engine,Brand New,P5,,no,,,,0,3,yes,yes,1317,not started,0,,
3284,JLT Cold Air Intake — 2021 Jeep Grand Cherokee SRT 6.4L — SRTJ-12-1,engine,Brand New,P5,,no,,,,0,3,yes,yes,1258,not started,0,,
3285,JLT Cold Air Intake — 2021 Jeep TrackHawk — TH-18-1,engine,Brand New,P5,,no,,,,0,3,yes,yes,1212,not started,0,,
3286,JLT Cold Air Intake — 2021–2024 Durango SRT 6.4L & 2026 R/T 392 — DD64-18-1,engine,Brand New,P5,,no,,,,0,3,yes,yes,1282,not started,0,,
3287,JLT Cold Air Intake — 2018–2023 Mustang EcoBoost — FME-15-1,engine,Brand New,P5,,yes,derived,stated,,0,5,yes,yes,1276,original text kept; sections added from the listing's own statements,1,,batch-2 (stated only)
3288,JLT Cold Air Intake — 2003–2004 Mach 1 — CAI2-FMM-0304,engine,Brand New,P5,,no,,,,0,3,yes,yes,1215,not started,0,,
3289,JLT Series II Cold Air Intake — 2010 Mustang V6 — CAI2-FMV6-10,engine,Brand New,P5,,no,,,,0,3,yes,yes,1230,not started,0,,
3290,"JLT Cold Air Intake — 1999, 2001 SVT Cobra — CAI2-FMC-9901",engine,Brand New,P5,,no,,,,0,3,yes,yes,1227,not started,0,,
3291,JLT Cold Air Intake — 2001 Bullitt — CAI2-FMB-01,engine,Brand New,P5,,no,,,,0,3,yes,yes,1199,not started,0,,
3292,JLT Super Big Air Intake — 2007–2009 Mustang GT500 — CAISP-GT500-07,engine,Brand New,P5,,yes,derived,stated,,0,5,yes,yes,1283,original text kept; sections added from the listing's own statements,1,,batch-2 (stated only)
3293,JLT Ram Air Intake — 2001 Bullitt — RAI2-FMB-01,engine,Brand New,P5,,no,,,,0,3,yes,yes,1197,not started,0,,
3294,JLT Series II Cold Air Intake — 2005–2009 Mustang V6 — CAI2-FMV6-0509,engine,Brand New,P5,,no,,,,0,3,yes,yes,1249,not started,0,,
3295,JLT Super Big Air Intake — 2010–2014 Mustang GT500 — CAISP-GT500-10,engine,Brand New,P5,,yes,derived,stated,,0,5,yes,yes,1283,original text kept; sections added from the listing's own statements,1,,batch-2 (stated only)
3296,JLT Cold Air Intake — 2009–2018 Ram 1500 5.7L — DR57-09,engine,Brand New,P5,,no,,,,0,3,yes,yes,1224,not started,0,,
3297,"JLT 12"" High Boost Cold Air Intake — 2003–2004 SVT Cobra — CAI2-12-FMC-0304",engine,Brand New,P5,,no,,,,0,3,yes,yes,1260,not started,0,,
3298,JLT Cold Air Intake — 2006–2010 SRT8 Jeep — SRTJ-06,engine,Brand New,P5,,no,,,,0,3,yes,yes,1212,not started,0,,
3299,JLT Cold Air Intake Kit — 2003–2004 SVT Cobra — CAI2-FMC-0304,engine,Brand New,P5,,no,,,,0,3,yes,yes,1232,not started,0,,
3300,"JLT Ram Air Intake — 1999, 2001 SVT Cobra — RAI2-FMC-9901",engine,Brand New,P5,,no,,,,0,3,yes,yes,1225,not started,0,,
3301,JLT Cold Air Intake — 2010–2014 F-150/Raptor 6.2L — F15062-10,engine,Brand New,P5,,no,,,,0,3,yes,yes,1240,not started,0,,
3302,JLT Big Air Intake — 2011–2014 GT with Roush/Whipple/FRPP S/C — CAIBA-FMG-11,engine,Brand New,P5,,no,,,,0,3,yes,yes,1283,not started,0,,
3303,JLT Cold Air Intake — 1996–1998 SVT Cobra — CAI2-FMC-9698,engine,Brand New,P5,,no,,,,0,3,yes,yes,1224,not started,0,,
3304,JLT Cold Air Intake — 2015–2017 Ford Mustang GT Roush / VMP Supercharged 5.0 — FMGRS-15,engine,Brand New,P5,,no,,,,0,3,yes,yes,1319,not started,0,,
3305,JLT Ram Air Intake — 1996–2004 Mustang GT 4.6 — RAI2-FMG-9604,engine,Brand New,P5,,no,,,,0,3,yes,yes,1237,not started,0,,
3306,JLT Ram Air Intake w/ Shaker Hook Up — 2003–2004 MACH 1 — RAI2-FMM-0304,engine,Brand New,P5,,no,,,,0,3,yes,yes,1249,not started,0,,
3307,"JLT Cold Air Intake — 2011–2026 Durango, 2011–2023 Grand Cherokee 5.7L — DJ57-11",engine,Brand New,P5,,no,,,,0,3,yes,yes,1299,not started,0,,
3308,JLT Series III Cold Air Intake — 2010 Mustang GT — CAI3-FMG10,engine,Brand New,P5,,no,,,,0,3,yes,yes,1228,not started,0,,
3309,JLT Cold Air Intake — 2015–2017 Mustang V6 — FMV6-15,engine,Brand New,P5,,no,,,,0,3,yes,yes,1215,not started,0,,
3310,JLT Cold Air Intake — 2021–2026 Dodge Durango Hellcat — DDHC-21,engine,Brand New,P5,,no,,,,0,3,yes,yes,1248,not started,0,,
3311,JLT Ram Air Intake — 2003–2004 SVT Cobra — RAI2-FMC-0304,engine,Brand New,P5,,no,,,,0,3,yes,yes,1222,not started,0,,
3312,JLT Big Air Intake — 2007–2009 Mustang GT500 — CAIP-GT500-07,engine,Brand New,P5,,yes,derived,stated,,0,5,yes,yes,1269,original text kept; sections added from the listing's own statements,1,,batch-2 (stated only)
3313,JLT Cold Air Intake — 2011–2014 Mustang V6 — FMV6-11,engine,Brand New,P5,,no,,,,0,3,yes,yes,1215,not started,0,,
3314,JLT Cold Air Intake — 2011–2014 F-150 5.0L — F15050-11,engine,Brand New,P5,,yes,derived,stated,,0,5,yes,yes,1254,original text kept; sections added from the listing's own statements,1,,batch-2 (stated only)
3315,JLT Big Air Intake — 2010–2014 GT500 — CAIP-GT500-10,engine,Brand New,P5,,yes,derived,stated,,0,5,yes,yes,1245,original text kept; sections added from the listing's own statements,1,,batch-2 (stated only)
3316,JLT Cold Air Intake — 2015–2020 Shelby GT350 5.2L -TUNE REQUIRED — GT350-15,engine,Brand New,P5,,yes,derived,stated,,0,3,yes,yes,1283,original text kept; sections added from the listing's own statements,2,,batch-2 (stated only)
3317,JLT Big Air Intake — 2020–2023 GT500 — GT500-20,engine,Brand New,P5,,no,,,,0,3,yes,yes,1200,not started,0,,
3318,JLT Cold Air Intake — 2015–2017 Mustang EcoBoost- No Tune Required — FME-15,engine,Brand New,P5,,yes,derived,stated,,0,3,yes,yes,1285,original text kept; sections added from the listing's own statements,2,,batch-2 (stated only)
3319,JLT BIG Air Intake — 1999–2004 F-150 Lightning & 2002–2003 F-150 Harley — BAI2-FL-9904,engine,Brand New,P5,,no,,,,0,3,yes,yes,1313,not started,0,,
3320,JLT Cold Air Intake — 2005–2020 5.7L & 2005–2010 6.1L Hemi Cars — DH05,engine,Brand New,P5,,no,,,,0,3,yes,yes,1272,not started,0,,
3321,JLT Cold Air Intake — 2015–2026 F-150/Raptor 3.5L & 2.7L EcoBoost — F150EB-15,engine,Brand New,P5,,no,,,,0,3,yes,yes,1288,not started,0,,
3322,JLT Cold Air Intake — 2018–2020 Jeep Trackhawk — TH-18,engine,Brand New,P5,,no,,,,0,3,yes,yes,1223,not started,0,,
3323,JLT Series III Cold Air Intake — 2005–2009 Mustang GT — CAI3-FMG05,engine,Brand New,P5,,no,,,,0,3,yes,yes,1243,not started,0,,
3324,JLT Cold Air Intake — 2015–2016 F-150 5.0L — F15050-15,engine,Brand New,P5,,no,,,,0,3,yes,yes,1219,not started,0,,
3325,JLT Series II Cold Air Intake — 2011–2014 Mustang GT 5.0 / BOSS — CAI2-FMG-11,engine,Brand New,P5,,no,,,,0,3,yes,yes,1276,not started,0,,
3326,JLT Cold Air Intake — 2015–2017 Mustang GT 5.0L — FMG-15,engine,Brand New,P5,,no,,,,0,3,yes,yes,1228,not started,0,,
3327,JLT Cold Air Intake — 2018–2023 Mustang GT — FMG-18,engine,Brand New,P5,,yes,derived,stated,,0,5,yes,yes,1248,original text kept; sections added from the listing's own statements,1,,batch-2 (stated only)
3328,"S&B Cold Air Intake, Cotton Cleanable — 2007–2021 Toyota Tundra / 2008–2021 Sequoia 5.7L, 4.6L — 75-5039",engine,Brand New,P5,,no,,,,0,4,yes,yes,1700,not started,0,,
3329,"S&B Cold Air Intake, Dry Extendable — 2007–2021 Toyota Tundra / 2008–2021 Sequoia 5.7L, 4.6L — 75-5039D",engine,Brand New,P5,,no,,,,0,4,yes,yes,1630,not started,0,,
3330,"S&B Cold Air Intake, Cotton Cleanable — 2003–2008 Dodge Ram 1500 5.7L — 75-5040",engine,Brand New,P5,,no,,,,0,4,yes,yes,1625,not started,0,,
3331,"S&B Cold Air Intake, Dry Extendable — 2003–2008 Dodge Ram 1500 5.7L — 75-5040D",engine,Brand New,P5,,no,,,,0,4,yes,yes,1555,not started,0,,
3332,"S&B Cold Air Intake, Cotton Cleanable — 1992–2000 Chevy / GMC Detroit Diesel 6.5L — 75-5045",engine,Brand New,P5,,no,,,,0,4,yes,yes,1661,not started,0,,
3333,"S&B Cold Air Intake, Dry Extendable — 1992–2000 Chevy / GMC Detroit Diesel 6.5L — 75-5045D",engine,Brand New,P5,,no,,,,0,4,yes,yes,1591,not started,0,,
3334,"S&B Cold Air Intake, Cotton Cleanable — 2009–2010 Ford F-150, Raptor 5.4L — 75-5050",engine,Brand New,P5,,no,,,,0,4,yes,yes,1637,not started,0,,
3335,"S&B Cold Air Intake, Dry Extendable — 2009–2010 Ford F-150, Raptor 5.4L — 75-5050D",engine,Brand New,P5,,no,,,,0,4,yes,yes,1567,not started,0,,
3336,"S&B Cold Air Intake, Cotton Cleanable — 2012–2018 Jeep Wrangler 3.6L — 75-5060",engine,Brand New,P5,,no,,,,0,4,yes,yes,1622,not started,0,,
3337,"S&B Cold Air Intake, Dry Extendable — 2012–2018 Jeep Wrangler 3.6L — 75-5060D",engine,Brand New,P5,,no,,,,0,4,yes,yes,1552,not started,0,,
3338,"S&B Cold Air Intake, Cotton Cleanable — 2011–2014 Ford F-150 3.5L Ecoboost — 75-5067",engine,Brand New,P5,,no,,,,0,4,yes,yes,1640,not started,0,,
3339,"S&B Cold Air Intake, Dry Extendable — 2011–2014 Ford F-150 3.5L Ecoboost — 75-5067D",engine,Brand New,P5,,no,,,,0,4,yes,yes,1570,not started,0,,
3340,"S&B Cold Air Intake, Cotton Cleanable — 2014–2019 Dodge Ram EcoDiesel — 75-5074",engine,Brand New,P5,,no,,,,0,4,yes,yes,1625,not started,0,,
3341,"S&B Cold Air Intake, Dry Extendable — 2014–2019 Dodge Ram EcoDiesel — 75-5074D",engine,Brand New,P5,,no,,,,0,4,yes,yes,1555,not started,0,,
3342,"S&B Cold Air Intake, Cotton Cleanable — 2011–2014 Ford F-150 5.0L — 75-5076",engine,Brand New,P5,,no,,,,0,4,yes,yes,1613,not started,0,,
3343,"S&B Cold Air Intake, Dry Extendable — 2011–2014 Ford F-150 5.0L — 75-5076D",engine,Brand New,P5,,no,,,,0,4,yes,yes,1543,not started,0,,
3344,"S&B Cold Air Intake, Cotton Cleanable — 2010–2016 Ford F-150 and F-150 Raptor 6.2L — 75-5077",engine,Brand New,P5,,no,,,,0,4,yes,yes,1664,not started,0,,
3345,"S&B Cold Air Intake, Dry Extendable — 2010–2016 Ford F-150 and F-150 Raptor 6.2L — 75-5077D",engine,Brand New,P5,,no,,,,0,4,yes,yes,1594,not started,0,,
3346,"S&B Cold Air Intake, Cotton Cleanable — 1997–2006 Jeep Wrangler 4.0L — 75-5079",engine,Brand New,P5,,no,,,,0,4,yes,yes,1622,not started,0,,
3347,"S&B Cold Air Intake, Dry Extendable — 1997–2006 Jeep Wrangler 4.0L — 75-5079D",engine,Brand New,P5,,no,,,,0,4,yes,yes,1552,not started,0,,
3348,"S&B Cold Air Intake, Cotton Cleanable — 2016–2019 Nissan Titan XD 5.0L Cummins Diesel — 75-5082",engine,Brand New,P5,,no,,,,0,4,yes,yes,1673,not started,0,,
3349,"S&B Cold Air Intake, Dry Extendable — 2016–2019 Nissan Titan XD 5.0L Cummins Diesel — 75-5082D",engine,Brand New,P5,,no,,,,0,4,yes,yes,1603,not started,0,,
3350,"S&B Cold Air Intake, Cotton Cleanable — 2007–2011 Jeep Wrangler 3.8L — 75-5084",engine,Brand New,P5,,no,,,,0,4,yes,yes,1622,not started,0,,
3351,"S&B Cold Air Intake, Dry Extendable — 2007–2011 Jeep Wrangler 3.8L — 75-5084D",engine,Brand New,P5,,no,,,,0,4,yes,yes,1552,not started,0,,
3352,"S&B Open Air Intake, Cotton Cleanable — 2017–2019 Ford Super Duty, 6.7L Powerstroke — 75-6001",engine,Brand New,P5,,no,,,,0,4,yes,yes,1667,not started,0,,
3353,"S&B Open Air Intake, Dry Extendable — 2017–2019 Ford Super Duty, 6.7L Powerstroke — 75-6001D",engine,Brand New,P5,,no,,,,0,4,yes,yes,1597,not started,0,,
3354,"S&B Cold Air Intake, Cotton Cleanable — 2016–2022 Colorado / Canyon Duramax 2.8L — 75-5086",engine,Brand New,P5,,no,,,,0,4,yes,yes,1658,not started,0,,
3355,"S&B Cold Air Intake, Dry Extendable — 2016–2022 Colorado / Canyon Duramax 2.8L — 75-5086D",engine,Brand New,P5,,no,,,,0,4,yes,yes,1588,not started,0,,
3356,"S&B Cold Air Intake, Cotton Cleanable — 2015–2016 Colorado / Canyon 3.6L — 75-5088",engine,Brand New,P5,,no,,,,0,4,yes,yes,1634,not started,0,,
3357,"S&B Cold Air Intake, Dry Extendable — 2015–2016 Colorado / Canyon 3.6L — 75-5088D",engine,Brand New,P5,,no,,,,0,4,yes,yes,1564,not started,0,,
3358,"S&B Cold Air Intake, Cotton Cleanable — 2017–2022 Colorado / Canyon 3.6L — 75-5089",engine,Brand New,P5,,no,,,,0,4,yes,yes,1634,not started,0,,
3359,"S&B Cold Air Intake, Dry Extendable — 2017–2022 Colorado / Canyon 3.6L — 75-5089D",engine,Brand New,P5,,no,,,,0,4,yes,yes,1564,not started,0,,
3360,"S&B Cold Air Intake, Cotton Cleanable — 2010–2012 Dodge Ram Cummins 6.7L — 75-5092",engine,Brand New,P5,,no,,,,0,4,yes,yes,1634,not started,0,,
3361,"S&B Cold Air Intake, Dry Extendable — 2010–2012 Dodge Ram Cummins 6.7L — 75-5092D",engine,Brand New,P5,,no,,,,0,4,yes,yes,1564,not started,0,,
3362,"S&B Cold Air Intake, Cotton Cleanable — 2007–2009 Dodge Ram Cummins 6.7L — 75-5093",engine,Brand New,P5,,no,,,,0,4,yes,yes,1634,not started,0,,
3363,"S&B Cold Air Intake, Dry Extendable — 2007–2009 Dodge Ram Cummins 6.7L — 75-5093D",engine,Brand New,P5,,no,,,,0,4,yes,yes,1564,not started,0,,
3364,"S&B Cold Air Intake, Cotton Cleanable — 2005–2011 Toyota Tacoma 4.0L — 75-5095",engine,Brand New,P5,,no,,,,0,4,yes,yes,1622,not started,0,,
3365,"S&B Cold Air Intake, Dry Extendable — 2005–2011 Toyota Tacoma 4.0L — 75-5095D",engine,Brand New,P5,,no,,,,0,4,yes,yes,1552,not started,0,,
3366,"S&B Cold Air Intake, Cotton Cleanable — 2016–2023 Toyota Tacoma 3.5L — 75-5096",engine,Brand New,P5,,no,,,,0,4,yes,yes,1622,not started,0,,
3367,"S&B Cold Air Intake, Dry Extendable — 2016–2023 Toyota Tacoma 3.5L — 75-5096D",engine,Brand New,P5,,no,,,,0,4,yes,yes,1552,not started,0,,
3368,"S&B Cold Air Intake, Cotton Cleanable — 2012–2015 Toyota Tacoma 4.0L — 75-5100",engine,Brand New,P5,,no,,,,0,4,yes,yes,1622,not started,0,,
3369,"S&B Cold Air Intake, Dry Extendable — 2012–2015 Toyota Tacoma 4.0L — 75-5100D",engine,Brand New,P5,,no,,,,0,4,yes,yes,1552,not started,0,,
3370,"S&B Open Air Intake, Cotton Cleanable — 2011–2016 Ford Super Duty, 6.7L Powerstroke — 75-6000",engine,Brand New,P5,,no,,,,0,4,yes,yes,1667,not started,0,,
3371,"S&B Open Air Intake, Dry Extendable — 2011–2016 Ford Super Duty, 6.7L Powerstroke — 75-6000D",engine,Brand New,P5,,no,,,,0,4,yes,yes,1597,not started,0,,
3372,"S&B Cold Air Intake, Cotton Cleanable — 2009–2024 Dodge Ram 1500 / 2500 & 2010–2018 3500 5.7L HEMI (Classic Body Style) — 75-5106",engine,Brand New,P5,,no,,,,0,4,yes,yes,1775,not started,0,,
3373,"S&B Cold Air Intake, Dry Extendable — 2009–2024 Dodge Ram 1500 / 2500 & 2010–2018 3500 5.7L HEMI (Classic Body Style) — 75-5106D",engine,Brand New,P5,,no,,,,0,4,yes,yes,1705,not started,0,,
3374,"S&B Cold Air Intake, Cotton Cleanable — 2011–2016 Ford F-250 / F-350 6.2L — 75-5108",engine,Brand New,P5,,no,,,,0,4,yes,yes,1637,not started,0,,
3375,"S&B Cold Air Intake, Dry Extendable — 2011–2016 Ford F-250 / F-350 6.2L — 75-5108D",engine,Brand New,P5,,no,,,,0,4,yes,yes,1567,not started,0,,
3376,"S&B Cold Air Intake, Cotton Cleanable — 2003–2008 Dodge Ram 2500, 3500 5.7L — 75-5111",engine,Brand New,P5,,no,,,,0,4,yes,yes,1643,not started,0,,
3377,"S&B Cold Air Intake, Dry Extendable — 2003–2008 Dodge Ram 2500, 3500 5.7L — 75-5111D",engine,Brand New,P5,,no,,,,0,4,yes,yes,1573,not started,0,,
3378,"S&B Cold Air Intake, Cotton Cleanable — 2010–2024 Toyota 4Runner / FJ Cruiser — 75-5115",engine,Brand New,P5,,no,,,,0,4,yes,yes,1649,not started,0,,
3379,"S&B Cold Air Intake, Dry Extendable — 2010–2024 Toyota 4Runner / FJ Cruiser — 75-5115D",engine,Brand New,P5,,no,,,,0,4,yes,yes,1579,not started,0,,
3380,"S&B Cold Air Intake, Cotton Cleanable — 2018–2026 Jeep Wrangler / Gladiator 3.6L — 75-5121",engine,Brand New,P5,,no,,,,0,4,yes,yes,1658,not started,0,,
3381,"S&B Cold Air Intake, Dry Extendable — 2018–2026 Jeep Wrangler / Gladiator 3.6L — 75-5121D",engine,Brand New,P5,,no,,,,0,4,yes,yes,1588,not started,0,,
3382,"S&B Cold Air Intake, Cotton Cleanable — 2019–2026 Dodge Ram 1500 / 2500 / 3500 5.7L Hemi (New Body Style) — 75-5124",engine,Brand New,P5,,no,,,,0,4,yes,yes,1733,not started,0,,
3383,"S&B Cold Air Intake, Dry Extendable — 2019–2026 Dodge Ram 1500 / 2500 / 3500 5.7L Hemi (New Body Style) — 75-5124D",engine,Brand New,P5,,no,,,,0,4,yes,yes,1663,not started,0,,
3384,"S&B Cold Air Intake, Cotton Cleanable — 2018–2023 Jeep Wrangler 2.0L Turbo — 75-5129",engine,Brand New,P2,turbo-supercharger,yes,derived,unconfirmed,turbocharger,0,4,yes,yes,1640,original text kept; sections added from the listing's own statements,0,package contents,batch-1
3385,"S&B Cold Air Intake, Dry Extendable — 2018–2023 Jeep Wrangler 2.0L Turbo — 75-5129D",engine,Brand New,P2,turbo-supercharger,yes,derived,unconfirmed,turbocharger,0,4,yes,yes,1570,original text kept; sections added from the listing's own statements,0,package contents,batch-1
3386,"S&B Cold Air Intake, Cotton Cleanable — 2015–2017 Ford Expedition 3.5L Ecoboost — 75-5130",engine,Brand New,P5,,no,,,,0,4,yes,yes,1655,not started,0,,
3387,"S&B Cold Air Intake, Dry Extendable — 2015–2017 Ford Expedition 3.5L Ecoboost — 75-5130D",engine,Brand New,P5,,no,,,,0,4,yes,yes,1585,not started,0,,
3388,"S&B Cold Air Intake, Cotton Cleanable — 2019–2023 Ford Ranger 2.3L Ecoboost — 75-5134",engine,Brand New,P5,,no,,,,0,4,yes,yes,1643,not started,0,,
3389,"S&B Cold Air Intake, Dry Extendable — 2019–2023 Ford Ranger 2.3L Ecoboost — 75-5134D",engine,Brand New,P5,,no,,,,0,4,yes,yes,1573,not started,0,,
3390,"S&B Open Air Intake, Cotton Cleanable — 2020–2026 Ford Super Duty, 6.7L Powerstroke — 75-6002",engine,Brand New,P5,,no,,,,0,4,yes,yes,1667,not started,0,,
3391,"S&B Open Air Intake, Dry Extendable — 2020–2026 Ford Super Duty, 6.7L Powerstroke — 75-6002D",engine,Brand New,P5,,no,,,,0,4,yes,yes,1597,not started,0,,
3392,"S&B Cold Air Intake, Cotton Cleanable — 2020–2026 Ford Super Duty, 6.7L Powerstroke — 75-5140",engine,Brand New,P5,,no,,,,0,4,yes,yes,1667,not started,0,,
3393,"S&B Cold Air Intake, Dry Extendable — 2020–2026 Ford Super Duty, 6.7L Powerstroke — 75-5140D",engine,Brand New,P5,,no,,,,0,4,yes,yes,1597,not started,0,,
3394,"S&B Cold Air Intake, Cotton Cleanable — 2020–2022 Ford F-250 F-350 7.3L — 75-5141",engine,Brand New,P5,,no,,,,0,4,yes,yes,1631,not started,0,,
3395,"S&B Cold Air Intake, Dry Extendable — 2020–2022 Ford F-250 F-350 7.3L — 75-5141D",engine,Brand New,P5,,no,,,,0,4,yes,yes,1561,not started,0,,
3396,"JLT Cold Air Intake with Snap-In Lid, Cotton Cleanable — 2015–2017 Ford Mustang GT 5.0L — 75-5142",engine,Brand New,P5,,yes,derived,stated,,0,6,yes,yes,1708,original text kept; sections added from the listing's own statements,1,,batch-2 (stated only)
3397,"S&B Cold Air Intake, Cotton Cleanable — 2020–2023 Jeep Wrangler / Gladiator 3.0L Ecodiesel — 75-5145",engine,Brand New,P5,,no,,,,0,4,yes,yes,1688,not started,0,,
3398,"S&B Cold Air Intake, Dry Extendable — 2020–2023 Jeep Wrangler / Gladiator 3.0L Ecodiesel — 75-5145D",engine,Brand New,P5,,no,,,,0,4,yes,yes,1618,not started,0,,
3399,JLT Cold Air Intake with Snap-In Lid — 2018–2023 Ford Mustang GT 5.0L — 75-5147,engine,Brand New,P5,,yes,derived,stated,,0,5,yes,yes,1320,original text kept; sections added from the listing's own statements,1,,batch-2 (stated only)
3400,JLT Cold Air Intake with Snap-In Lid — 2015–2023 Ford Mustang Ecoboost 2.3L Turbo — 75-5143,engine,Brand New,P2,turbo-supercharger,yes,derived,unconfirmed,turbocharger,0,5,yes,yes,1356,original text kept; sections added from the listing's own statements,1,package contents,batch-1
3401,"JLT Cold Air Intake with Snap-In Lid, Cotton Cleanable — 2015–2020 Ford Mustang GT350 5.2L — 75-5148",engine,Brand New,P5,,yes,derived,stated,,0,6,yes,yes,1717,original text kept; sections added from the listing's own statements,1,,batch-2 (stated only)
3402,"JLT Cold Air Intake with Snap-In Lid, Dry Extendable — 2015–2020 Ford Mustang GT350 5.2L — 75-5148D",engine,Brand New,P5,,yes,derived,stated,,0,6,yes,yes,1647,original text kept; sections added from the listing's own statements,1,,batch-2 (stated only)
3403,"S&B Cold Air Intake, Cotton Cleanable — 2021–2024 RAM 1500 TRX V8-6.2L — 75-5150",engine,Brand New,P5,,no,,,,0,4,yes,yes,1628,not started,0,,
3404,"S&B Cold Air Intake, Dry Extendable — 2021–2024 RAM 1500 TRX V8-6.2L — 75-5150D",engine,Brand New,P5,,no,,,,0,4,yes,yes,1558,not started,0,,
3405,"S&B Cold Air Intake, Cotton Cleanable — 2009–2013 Silverado, Sierra 1500 / 2009–2014 Tahoe, Yukon, Suburban, Escalade — 75-5155",engine,Brand New,P5,,no,,,,0,4,yes,yes,1769,not started,0,,
3406,"S&B Cold Air Intake, Dry Extendable — 2009–2013 Silverado, Sierra 1500 / 2009–2014 Tahoe, Yukon, Suburban, Escalade — 75-5155D",engine,Brand New,P5,,no,,,,0,4,yes,yes,1699,not started,0,,
3407,"S&B Cold Air Intake Kit, Cotton Cleanable — 2022–2026 Toyota Tundra, 2023–2026 Sequoia V6 3.4L and 3.4L Hybrid — 75-5163",engine,Brand New,P5,,no,,,,0,4,yes,yes,1744,not started,0,,
3408,"S&B Cold Air Intake Kit, Dry Extendable — 2022–2026 Toyota Tundra, 2023–2026 Sequoia V6 3.4L and 3.4L Hybrid — 75-5163D",engine,Brand New,P5,,no,,,,0,4,yes,yes,1674,not started,0,,
3409,"S&B Cold Air Intake, Cotton Cleanable — 99-07 Chevy Silverado, GMC Sierra 1500, 2500, 3500 / 07-08 Tahoe, Yukon — 75-5157",engine,Brand New,P5,,no,,,,0,4,yes,yes,1751,not started,0,,
3410,"S&B Cold Air Intake, Dry Extendable — 99-07 Chevy Silverado, GMC Sierra 1500, 2500, 3500 / 07-08 Tahoe, Yukon — 75-5157D",engine,Brand New,P5,,no,,,,0,4,yes,yes,1681,not started,0,,
3411,"S&B Cold Air Intake, Cotton Cleanable — 2021–2026 Jeep Wrangler 392 6.4L — 75-5159",engine,Brand New,P5,,no,,,,0,4,yes,yes,1634,not started,0,,
3412,"S&B Cold Air Intake, Dry Extendable — 2021–2026 Jeep Wrangler 392 6.4L — 75-5159D",engine,Brand New,P5,,no,,,,0,4,yes,yes,1564,not started,0,,
3413,"S&B Cold Air Intake, Cotton Cleanable — 2009–2015 Silverado / Sierra 2500, 3500 — 75-5061-1",engine,Brand New,P5,,no,,,,0,4,yes,yes,1659,not started,0,,
3414,"S&B Cold Air Intake, Dry Extendable — 2009–2015 Silverado / Sierra 2500, 3500 — 75-5061-1D",engine,Brand New,P5,,no,,,,0,4,yes,yes,1589,not started,0,,
3415,"S&B Cold Air Intake, Cotton Cleanable — 2007–2008 Silverado / Sierra 1500 — 75-5021",engine,Brand New,P5,,no,,,,0,4,yes,yes,1637,not started,0,,
3416,"S&B Cold Air Intake, Dry Extendable — 2007–2008 Silverado / Sierra 1500 — 75-5021D",engine,Brand New,P5,,no,,,,0,4,yes,yes,1567,not started,0,,
3417,"S&B 1"" Body Lift Kit for 1966-1977 Ford Bronco — AM1899-00",suspension,Brand New,P3,suspension-kit,yes,derived,unconfirmed,suspension,0,2,yes,yes,885,original text kept; sections added from the listing's own statements,1,package contents; specifications,batch-2
3418,"S&B 2"" Body Lift Kit for 1966-1977 Ford Bronco — AM1900-00",suspension,Brand New,P3,suspension-kit,yes,derived,unconfirmed,suspension,0,2,yes,yes,885,original text kept; sections added from the listing's own statements,1,package contents; specifications,batch-2
3419,"S&B Radius Arm Drop, Adjustable Axle Position - 2005-2022 Super Duty 2.5"" Lift — 105090",suspension,Brand New,P2,transfer-case-differential,yes,derived,unconfirmed,drivetrain,0,2,yes,yes,1030,original text kept; sections added from the listing's own statements,0,package contents; specifications,batch-1
3420,S&B 56 Gallon High-Capacity Fuel Tank for 2011-2026 GMC and Chevy 2500/3500 6.6L Duramax LML/L5P Crew Cab Short Bed — 10-1036,4x4-accessories,Brand New,P5,,no,,,,0,2,yes,yes,1088,not started,0,,
3421,"S&B 2011-2016 Super Duty Bumper Spacers - 3/4"" — 101362",suspension,Brand New,P5,,no,,,,0,2,yes,yes,995,not started,0,,
3422,"S&B Traction Bar Kit for 1994-1997 Ford F250/F350, Short Gusset — 102160",suspension,Brand New,P3,suspension-kit,yes,derived,unconfirmed,suspension,0,4,yes,yes,1124,original text kept; sections added from the listing's own statements,0,package contents,batch-2
3423,"S&B Traction Bar Kit for 1994-1997 Ford F250/F350, Long Gusset — 102161",suspension,Brand New,P3,suspension-kit,yes,derived,unconfirmed,suspension,0,4,yes,yes,1120,original text kept; sections added from the listing's own statements,0,package contents,batch-2
3424,"S&B Body Mount Kit for 1994-2002 Dodge Ram 2500/3500, Extended/Club/Quad Cab — 81-3006",suspension,Brand New,P3,suspension-kit,yes,derived,unconfirmed,suspension,0,2,yes,yes,1102,original text kept; sections added from the listing's own statements,0,package contents; specifications,batch-2
3425,"S&B Traction Bar Kit for 2020-2026 Silverado/Sierra 2500/3500 & 2011-2016 Ford F350/F450 DRW, Short Gusset — 102158",suspension,Brand New,P3,suspension-kit,yes,derived,unconfirmed,suspension,0,4,yes,yes,1210,original text kept; sections added from the listing's own statements,0,package contents,batch-2
3426,"S&B Traction Bar Kit for 2020-2026 Silverado/Sierra 2500/3500 & 2011-2016 Ford F350/F450 DRW, Long Gusset — 102159",suspension,Brand New,P3,suspension-kit,yes,derived,unconfirmed,suspension,0,4,yes,yes,1206,original text kept; sections added from the listing's own statements,0,package contents,batch-2
3427,"S&B Traction Bar Kit for 2001-2019 Silverado and Sierra 2500/3500 & 1994-2002 Ram 2500/3500, Short Gusset — 102156",suspension,Brand New,P3,suspension-kit,yes,derived,unconfirmed,suspension,0,4,yes,yes,1208,original text kept; sections added from the listing's own statements,0,package contents,batch-2
3428,"S&B Traction Bar Kit for 2001-2019 Silverado and Sierra 2500/3500 & 1994-2002 Ram 2500/3500, Long Gusset — 102157",suspension,Brand New,P3,suspension-kit,yes,derived,unconfirmed,suspension,0,4,yes,yes,1204,original text kept; sections added from the listing's own statements,0,package contents,batch-2
3429,"S&B Traction Bar Kit for 2017-2026 F-350/F-450 DRW, Short Gusset — 102154",suspension,Brand New,P3,suspension-kit,yes,derived,unconfirmed,suspension,0,4,yes,yes,1126,original text kept; sections added from the listing's own statements,0,package contents,batch-2
3430,"S&B Traction Bar Kit for 2017-2026 F-350/F-450 DRW, Long Gusset — 102155",suspension,Brand New,P3,suspension-kit,yes,derived,unconfirmed,suspension,0,4,yes,yes,1122,original text kept; sections added from the listing's own statements,0,package contents,batch-2
3431,"S&B Traction Bar Kit for 2011-2026 F-250/F-350 SRW, Short Gusset — 102152",suspension,Brand New,P3,suspension-kit,yes,derived,unconfirmed,suspension,0,4,yes,yes,1126,original text kept; sections added from the listing's own statements,0,package contents,batch-2
3432,"S&B Traction Bar Kit for 2011-2026 F-250/F-350 SRW, Long Gusset — 102153",suspension,Brand New,P3,suspension-kit,yes,derived,unconfirmed,suspension,0,4,yes,yes,1122,original text kept; sections added from the listing's own statements,0,package contents,batch-2
3433,"S&B Traction Bar Kit for 2003-2013 Ram 2500/3500 & 1999-2007 Ford F-250/F-350/Excursion, Short Gusset — 102150",suspension,Brand New,P3,suspension-kit,yes,derived,unconfirmed,suspension,0,4,yes,yes,1200,original text kept; sections added from the listing's own statements,0,package contents,batch-2
3434,"S&B Traction Bar Kit for 2003-2013 Ram 2500/3500 & 1999-2007 Ford F-250/F-350/Excursion, Long Gusset — 102151",suspension,Brand New,P3,suspension-kit,yes,derived,unconfirmed,suspension,0,4,yes,yes,1196,original text kept; sections added from the listing's own statements,0,package contents,batch-2
3435,"S&B 60 Gallon High-Capacity Fuel Tank for 1999-2010 Ford Powerstroke 7.3L, 6.0L, 6.4L Crew Cab & Ext Cab Long Bed — 10-1012",4x4-accessories,Brand New,P5,,no,,,,0,2,yes,yes,1080,not started,0,,
3436,"S&B Particle Separator II for 2026 Kawasaki Teryx 4 H2 & Teryx 5 H2, 999cc — 76-7023",engine,Brand New,P5,,no,,,,0,2,yes,yes,1072,not started,0,,
3437,"S&B Track Rod Relocation Bracket, 2011+ F-450 4x4, 2.5-5.5"" Lift — 105077",suspension,Brand New,P5,,no,,,,0,2,yes,yes,1016,not started,0,,
3438,S&B 64 Gallon High-Capacity Fuel Tank for 2011-19 Chevy Silverado 2500/3500 and GMC Sierra 2500/3500 Crew Cab Long Bed 6.6L — 10-1015-2,4x4-accessories,Brand New,P5,,no,,,,0,2,yes,yes,1108,not started,0,,
3439,"S&B Intercooler Pipe and Boot Set, 2013-2018 Ram 2500/3500 Cummins 6.7L — 83-1015",engine,Brand New,P3,cooling-kit,yes,derived,unconfirmed,cooling,0,2,yes,yes,1036,original text kept; sections added from the listing's own statements,0,package contents; specifications,batch-2
3440,"S&B 2023+ Super Duty Rear Sway Bar Relocation Kit, For 2"" - 4.5"" of Lift — 105121",suspension,Brand New,P3,suspension-kit,yes,derived,unconfirmed,suspension,0,2,yes,yes,1020,original text kept; sections added from the listing's own statements,0,package contents; specifications,batch-2
3441,S&B Body Mount Kit for 1988-1998 GM 1500/2500 Regular Cab Trucks — 81-2007,suspension,Brand New,P3,suspension-kit,yes,derived,unconfirmed,suspension,0,2,yes,yes,1078,original text kept; sections added from the listing's own statements,0,package contents; specifications,batch-2
3442,"S&B 3.5-5.5"" Lift Kit For 2017-2022 F450 — 105518",suspension,Brand New,P3,suspension-kit,yes,derived,unconfirmed,suspension,0,2,yes,yes,976,original text kept; sections added from the listing's own statements,0,package contents; specifications,batch-2
3443,"S&B 2.5"" Fully Loaded Kit For 2017-2022 F450 — 105515",suspension,Brand New,P3,suspension-kit,yes,derived,unconfirmed,suspension,0,2,yes,yes,980,original text kept; sections added from the listing's own statements,0,package contents; specifications,batch-2
3444,"S&B 2.5"" Standard Kit For 2017-2022 F450 — 105512",suspension,Brand New,P3,suspension-kit,yes,derived,unconfirmed,suspension,0,2,yes,yes,976,original text kept; sections added from the listing's own statements,0,package contents; specifications,batch-2
3445,S&B 2011-2016 Ford F-250/F-350 OEM Drag Link — KI1225-00,suspension,Brand New,P5,,no,,,,0,2,yes,yes,1007,not started,0,,
3446,"S&B 50 Gallon High-Capacity Fuel Tank for 2005-2026 Dodge Ram Cummins 5.9L & 6.7L, Crew and Quad Cab Short Bed — 10-1035",4x4-accessories,Brand New,P5,,no,,,,0,2,yes,yes,1078,not started,0,,
3447,"S&B High-Capacity Fuel Tank for 2025-2026 Dodge Ram Cummins 6.7L, Mega Cab Short Bed — 10-1034",4x4-accessories,Brand New,P5,,no,,,,0,2,yes,yes,1036,not started,0,,
3448,"S&B 56 Gallon High-Capacity Fuel Tank for 2013-2026 Dodge Ram Cummins 6.7L, Crew Cab Long Bed — 10-1033",4x4-accessories,Brand New,P5,,no,,,,0,2,yes,yes,1044,not started,0,,
3449,S&B Adjustable Track Bar 2005-2016 F250/F350 and 2005+ F450 — 105065,suspension,Brand New,P5,,no,,,,0,2,yes,yes,1015,not started,0,,
3450,"S&B Intake Elbow For 2019-2024 Dodge Ram 3500, 4500, 5500 6.7L Cummins (Chassis Cab) — 76-1015",engine,Brand New,P5,,no,,,,0,2,yes,yes,1074,not started,0,,
3451,"S&B Intake Elbow For 2013-2018 Dodge Ram 3500, 4500, 5500 6.7L Cummins (Chassis Cab) — 76-1016",engine,Brand New,P5,,no,,,,0,2,yes,yes,1074,not started,0,,
3452,"S&B Intake Elbow For 2007.5-2018 Dodge Ram 2500, 3500 6.7L Cummins — 76-1014",engine,Brand New,P5,,no,,,,0,2,yes,yes,1038,not started,0,,
3453,S&B Cold Side Intercooler Pipe for 2023+ Ford Powerstroke F-450 / F-550 6.7L — 83-1012,engine,Brand New,P5,,no,,,,0,2,yes,yes,1046,not started,0,,
3454,"S&B Heater Core Supply Hose for 2003-2024 Dodge Ram 2500/3500, 5.9L & 6.7L — 83-1013",engine,Brand New,P5,,no,,,,0,2,yes,yes,1049,not started,0,,
3455,S&B Adjustable Track Rod 2017+ F250/F350 — 105068,suspension,Brand New,P5,,no,,,,0,2,yes,yes,977,not started,0,,
3456,S&B Aluminum Beam Arms (2023+ Super Duty) — 105112,suspension,Brand New,P5,,no,,,,0,2,yes,yes,980,not started,0,,
3457,S&B Aluminum Beam Arms (2005-2022 Super Duty) — 101433,suspension,Brand New,P5,,no,,,,0,2,yes,yes,988,not started,0,,
3458,"S&B 2.5"" Fully Loaded Kit For 2011-2016 F450 — 105615",suspension,Brand New,P3,suspension-kit,yes,derived,unconfirmed,suspension,0,2,yes,yes,980,original text kept; sections added from the listing's own statements,0,package contents; specifications,batch-2
3459,"S&B 2.5"" Standard Kit for 2011-2016 F450 — 105612",suspension,Brand New,P3,suspension-kit,yes,derived,unconfirmed,suspension,0,2,yes,yes,976,original text kept; sections added from the listing's own statements,0,package contents; specifications,batch-2
3460,"S&B 2.5"" Fully Loaded Kit For 2011-2016 F250/F350 — 105605",suspension,Brand New,P3,suspension-kit,yes,derived,unconfirmed,suspension,0,2,yes,yes,990,original text kept; sections added from the listing's own statements,0,package contents; specifications,batch-2
3461,"S&B 2.5"" Standard Kit For 2011-2016 F250/F350 — 105602",suspension,Brand New,P3,suspension-kit,yes,derived,unconfirmed,suspension,0,2,yes,yes,986,original text kept; sections added from the listing's own statements,0,package contents; specifications,batch-2
3462,"S&B 2017+ Super Duty Bumper Spacers - 3/4"" — 101360",suspension,Brand New,P5,,no,,,,0,2,yes,yes,987,not started,0,,
3463,"S&B Steady Track Steering Stabilizer Kit, 2-6"" Lift, 2011+ F250 & F350 — 105101",suspension,Brand New,P3,suspension-kit,yes,derived,unconfirmed,suspension,0,2,yes,yes,1009,original text kept; sections added from the listing's own statements,0,package contents; specifications,batch-2
3464,"S&B 2017+ Super Duty Bumper Spacers - 1/2"" — 101359",suspension,Brand New,P5,,no,,,,0,2,yes,yes,987,not started,0,,
3465,"S&B Adjustable Coil Levelers 0-2.5"", 2005+ Ford Super Duty — 105020",suspension,Brand New,P5,,no,,,,0,2,yes,yes,1001,not started,0,,
3466,"S&B Radius Arm Drop Kit - 2017-2022 Super Duty 4.5"" Lift — 105041",suspension,Brand New,P3,suspension-kit,yes,derived,unconfirmed,suspension,0,2,yes,yes,1008,original text kept; sections added from the listing's own statements,0,package contents; specifications,batch-2
3467,"S&B Radius Arm Drop - 2005-2022 Super Duty 2.5"" Lift — 105070",suspension,Brand New,P5,,no,,,,0,2,yes,yes,1004,not started,0,,
3468,"S&B Radius Arm Drop - 2023+ Super Duty 4.5"" Lift — 105131",suspension,Brand New,P5,,no,,,,0,2,yes,yes,996,not started,0,,
3469,"S&B Radius Arm Drop - 2023+ Super Duty 2.5"" Lift — 105129",suspension,Brand New,P5,,no,,,,0,2,yes,yes,996,not started,0,,
3470,"S&B Track Rod Relocation Bracket, 2011+ Ford Super Duty 4x4, 1.5-2.5"" Lift — 105084",suspension,Brand New,P5,,no,,,,0,2,yes,yes,1036,not started,0,,
3471,"S&B Track Rod Relocation Bracket, 2011+ Ford Super Duty 4x4, 2.5-5.5"" Lift — 105017",suspension,Brand New,P5,,no,,,,0,2,yes,yes,1036,not started,0,,
3472,"S&B Torxz Traction Bar Kit, 2017+ F350/F450 DRW (Dual Rear Wheel) — 102102",suspension,Brand New,P3,suspension-kit,yes,derived,unconfirmed,suspension,0,2,yes,yes,1024,original text kept; sections added from the listing's own statements,0,package contents; specifications,batch-2
3473,S&B Particle Separator for 2018-2026 Polaris Ranger XP 1000 — 76-7022,engine,Brand New,P5,,no,,,,0,2,yes,yes,1045,not started,0,,
3474,"S&B 3.5-5.5"" Lift Kit For 2023+ F450 — 105708",suspension,Brand New,P3,suspension-kit,yes,derived,unconfirmed,suspension,0,2,yes,yes,968,original text kept; sections added from the listing's own statements,0,package contents; specifications,batch-2
3475,"S&B 2.5"" Standard Kit For 2017-2022 F250/F350 — 105502",suspension,Brand New,P3,suspension-kit,yes,derived,unconfirmed,suspension,0,2,yes,yes,986,original text kept; sections added from the listing's own statements,0,package contents; specifications,batch-2
3476,"S&B 2.5"" Fully Loaded Kit For 2017-2022 F250/F350 — 105505",suspension,Brand New,P3,suspension-kit,yes,derived,unconfirmed,suspension,0,2,yes,yes,990,original text kept; sections added from the listing's own statements,0,package contents; specifications,batch-2
3477,"S&B 3.5-5.5"" Lift Kit For 2017-2022 F250/F350 — 105508",suspension,Brand New,P3,suspension-kit,yes,derived,unconfirmed,suspension,0,2,yes,yes,986,original text kept; sections added from the listing's own statements,0,package contents; specifications,batch-2
3478,S&B Turbo Inlet Manifold for 2017-2026 Chevy Silverado / GMC Sierra Duramax L5P 6.6L — 76-1013,engine,Brand New,P5,,no,,,,0,2,yes,yes,1066,not started,0,,
3479,"S&B Torxz Traction Bar Kit, 2017+ F250/F350 SRW (Single Rear Wheel) — 102101",suspension,Brand New,P3,suspension-kit,yes,derived,unconfirmed,suspension,0,2,yes,yes,1028,original text kept; sections added from the listing's own statements,0,package contents; specifications,batch-2
3480,"S&B Weight Scale Relocation Kit, For OE & S&B Radius Arms, 2023+ Superduty — 105118",suspension,Brand New,P3,suspension-kit,yes,derived,unconfirmed,suspension,0,2,yes,yes,1011,original text kept; sections added from the listing's own statements,0,package contents; specifications,batch-2
3481,S&B Lower MAP Sensor Spacer Kit for 2024-2026 Chevy Silverado / GMC Sierra Duramax L5P 6.6L — 82-1007,engine,Brand New,P5,,no,,,,0,2,yes,yes,1014,not started,0,,
3482,"S&B 2.5"" Fully Loaded Kit For 2023+ F450 — 105705",suspension,Brand New,P3,suspension-kit,yes,derived,unconfirmed,suspension,0,2,yes,yes,972,original text kept; sections added from the listing's own statements,0,package contents; specifications,batch-2
3483,"S&B 2.5"" Standard Kit For 2023+ F450 — 105702",suspension,Brand New,P3,suspension-kit,yes,derived,unconfirmed,suspension,0,2,yes,yes,968,original text kept; sections added from the listing's own statements,0,package contents; specifications,batch-2
3484,"S&B 2.5"" Standard Kit For 2023+ F250/F350 — 105302",suspension,Brand New,P3,suspension-kit,yes,derived,unconfirmed,suspension,0,2,yes,yes,978,original text kept; sections added from the listing's own statements,0,package contents; specifications,batch-2
3485,S&B Particle Separator for 2024-2026 Polaris Ranger — 76-7001,engine,Brand New,P5,,no,,,,0,2,yes,yes,1029,not started,0,,
3486,"S&B 3.5-5.5"" Lift Kit For 2023+ F250/F350 — 105308",suspension,Brand New,P3,suspension-kit,yes,derived,unconfirmed,suspension,0,2,yes,yes,978,original text kept; sections added from the listing's own statements,0,package contents; specifications,batch-2
3487,S&B Particle Separator for 2021-2026 Can-Am® Commander — 76-7008,engine,Brand New,P5,,no,,,,0,2,yes,yes,1035,not started,0,,
3488,S&B Body Mount Kit For 1980-1996 Ford Bronco — 81-1011,suspension,Brand New,P3,suspension-kit,yes,derived,unconfirmed,suspension,0,2,yes,yes,1038,original text kept; sections added from the listing's own statements,0,package contents; specifications,batch-2
3489,S&B Body Mount Kit For 1966-1977 Ford Bronco — 81-1012,suspension,Brand New,P3,suspension-kit,yes,derived,unconfirmed,suspension,0,2,yes,yes,1038,original text kept; sections added from the listing's own statements,0,package contents; specifications,batch-2
3490,S&B Hot Side Intercooler Pipe For 2023-2026 Chevrolet Colorado And GMC Canyon 2.7L — 83-2023,engine,Brand New,P5,,no,,,,0,2,yes,yes,1059,not started,0,,
3491,"S&B Cold Side Intercooler Pipe With Blowoff Valve Flange for Turbosmart Raceport for 2020-2024 Ford Explorer ST, Lincoln Aviator 3.0L — 83-1005",engine,Brand New,P5,,no,,,,0,2,yes,yes,1110,not started,0,,
3492,"S&B Ram Air Scoop for 2020-2026 Ford Explorer ST 3.0L, Black — AS-1020",engine,Brand New,P5,,no,,,,0,4,yes,yes,977,not started,0,,
3493,"S&B Ram Air Scoop for 2020-2026 Ford Explorer ST 3.0L, Red — AS-1020R",engine,Brand New,P5,,no,,,,0,4,yes,yes,971,not started,0,,
3494,S&B Hot Side Intercooler Pipe For 2019-2023 Ford Ranger 2.3L Ecoboost — 83-2021,engine,Brand New,P5,,no,,,,0,2,yes,yes,1033,not started,0,,
3495,S&B Cold Side Intercooler Pipe For 2019-2023 Ford Ranger 2.3L Ecoboost — 83-1009,engine,Brand New,P5,,no,,,,0,2,yes,yes,1034,not started,0,,
3496,"S&B Body Mount Kit for 2003-2005 Ram 1500 2500 3500, Quad/Crew Cab — 81-3004",suspension,Brand New,P3,suspension-kit,yes,derived,unconfirmed,suspension,0,2,yes,yes,1082,original text kept; sections added from the listing's own statements,0,package contents; specifications,batch-2
3497,"S&B Body Mount Kit for 2003-2005 Ram 1500/2500/3500, Regular / EXT Cab — 81-3003",suspension,Brand New,P3,suspension-kit,yes,derived,unconfirmed,suspension,0,2,yes,yes,1090,original text kept; sections added from the listing's own statements,0,package contents; specifications,batch-2
3498,S&B Upper Coolant Pipe For 2017-2026 Ford Powerstroke 6.7L — 83-1011,engine,Brand New,P5,,no,,,,0,2,yes,yes,1018,not started,0,,
3499,"S&B Upper Coolant Pipe For 2011-2016 Ford Super Duty, 6.7L Powerstroke — 83-1010",engine,Brand New,P5,,no,,,,0,2,yes,yes,1042,not started,0,,
3500,"S&B Body Mount Kit (Radiator Core) 2pc For 2017-2026 Ford F-250/F-350/F-450/F-550, Crew Cab 6.2L, 6.7L, 7.3L, 6.8L — 81-1010",suspension,Brand New,P3,suspension-kit,yes,derived,unconfirmed,suspension,0,2,yes,yes,1158,original text kept; sections added from the listing's own statements,0,package contents; specifications,batch-2
3501,S&B Aluminum Coolant Y-Pipe For 2013-2015 Dodge Ram Cummins 6.7L (Dual Radiator) — 85-1000,engine,Brand New,P5,,no,,,,0,2,yes,yes,1055,not started,0,,
3502,S&B Snorkel for 2023-2026 Mercedes Sprinter 2.0L — AS-1018,4x4-accessories,Brand New,P5,,no,,,,0,2,yes,yes,991,not started,0,,
3503,"S&B 2.5"" Fully Loaded Kit For 2023+ F250/F350 — 105305",suspension,Brand New,P3,suspension-kit,yes,derived,unconfirmed,suspension,0,2,yes,yes,982,original text kept; sections added from the listing's own statements,0,package contents; specifications,batch-2
3504,S&B Hot and Cold Side Boot Kit For 2006-2010 Chevy / GMC Duramax 6.6L (LBZ & LMM) — 83-2019,engine,Brand New,P5,,no,,,,0,2,yes,yes,1037,not started,0,,
3505,S&B Hot and Cold Side Boot Kit For 2004.5-2005 Chevy / GMC Duramax 6.6L (LLY) — 83-2018,engine,Brand New,P5,,no,,,,0,2,yes,yes,1029,not started,0,,
3506,S&B Hot and Cold Side Boot Kit for 1994-2002 Dodge Ram Cummins 5.9L — 83-2015,engine,Brand New,P5,,no,,,,0,2,yes,yes,1009,not started,0,,
3507,S&B Hot and Cold Side Boot Kit for 2003-2007 Dodge Ram Cummins 5.9L — 83-2016,engine,Brand New,P5,,no,,,,0,2,yes,yes,1009,not started,0,,
3508,S&B Hot and Cold Side Boot Kit for 2007.5-2009 Dodge Ram Cummins 6.7L — 83-2017,engine,Brand New,P5,,no,,,,0,2,yes,yes,1013,not started,0,,
3509,"S&B Intake and Plenum Boot Kit for 1994-1996 Ford F250/F350, 7.3L Powerstroke — 83-2013",engine,Brand New,P5,,no,,,,0,2,yes,yes,1029,not started,0,,
3510,"S&B Hot and Cold Side Boot Kit for 2008-2010 Ford F-250/F-350, 6.4L Powerstroke — 83-2014",engine,Brand New,P5,,no,,,,0,2,yes,yes,1033,not started,0,,
3511,"S&B Intake Boot Kit for 1994-1996 Ford F250/F350, 7.3L Powerstroke — 83-2012",engine,Brand New,P5,,no,,,,0,2,yes,yes,1018,not started,0,,
3512,"S&B Hot and Cold Side Boot Kit for 1999.5-2003 Ford F250/F350, 7.3L Powerstroke — 83-2011",engine,Brand New,P5,,no,,,,0,2,yes,yes,1033,not started,0,,
3513,"S&B 40 Gallon High-Capacity Fuel Tank for 2025-2026 Winnebago Revel (AWD Chassis) 2.0L, Diesel and more. — 10-1032",4x4-accessories,Brand New,P5,,no,,,,0,2,yes,yes,1066,not started,0,,
3514,"S&B MAP Sensor Spacer Kit for 2020-2026 Ford Super Duty, 6.7L Powerstroke — 82-1006",engine,Brand New,P5,,no,,,,0,2,yes,yes,984,not started,0,,
3515,"S&B Particle Separator for 2023-2026 Speed UTV ""El Jefe"" — 76-2023",engine,Brand New,P5,,no,,,,0,2,yes,yes,1039,not started,0,,
3516,"S&B Hot Side / Turbo Side Only Boot Kit for 2003-2007 Ford F250/F350, 6.0L Powerstroke — 83-2008",engine,Brand New,P5,,no,,,,0,2,yes,yes,1038,not started,0,,
3517,"S&B Fuel Sending Unit (For use with aftermarket lift pumps) for 2017-2026 Ford F-250/F-350/F-450, Crew Cab Long Bed, 6.7L Powerstroke — 86-1000",engine,Brand New,P5,,no,,,,0,2,yes,yes,1098,not started,0,,
3518,"S&B Ram Air Scoop for 2019-2023 Ford Ranger 2.3L Ecoboost, Red — AS-1019R",engine,Brand New,P5,,no,,,,0,4,yes,yes,979,not started,0,,
3519,"S&B Ram Air Scoop for 2019-2023 Ford Ranger 2.3L Ecoboost, Black — AS-1019",engine,Brand New,P5,,no,,,,0,4,yes,yes,985,not started,0,,
3520,S&B Particle Separator for 2024-2026 Can-Am® Maverick R — 76-2022,engine,Brand New,P5,,no,,,,0,2,yes,yes,1037,not started,0,,
3521,S&B Cold and Hot Side Intercooler Pipe for 2017-2019 Silverado / Sierra Duramax L5P 6.6L — 83-1006,engine,Brand New,P5,,no,,,,0,2,yes,yes,1062,not started,0,,
3522,"S&B Intake Elbow For 2019-2024 Dodge Ram 2500, 3500 6.7L Diesel — 76-1012",engine,Brand New,P5,,no,,,,0,2,yes,yes,1032,not started,0,,
3523,S&B Cold and Hot Side Intercooler Pipe for 2020-2026 Silverado / Sierra Duramax L5P 6.6L — 83-1007,engine,Brand New,P5,,no,,,,0,2,yes,yes,1062,not started,0,,
3524,S&B Cold and Hot Side Intercooler Pipe Kit for 2019-2024 Ram 2500/3500 Cummins 6.7L — 83-1008,engine,Brand New,P3,cooling-kit,yes,derived,unconfirmed,cooling,0,2,yes,yes,1048,original text kept; sections added from the listing's own statements,0,package contents; specifications,batch-2
3525,"S&B Hot Side Intercooler Pipe for 2020-2024 Ford Explorer, Explorer ST, Lincoln Aviator 3.0L — 83-2007",engine,Brand New,P5,,no,,,,0,2,yes,yes,1079,not started,0,,
3526,S&B Intake Elbow with Cold Side Intercooler Piping & Boots for 2005-2007 Ford Powerstroke 6.0L — 76-1010B,engine,Brand New,P5,,no,,,,0,2,yes,yes,1054,not started,0,,
3527,S&B Cold Side Intercooler Pipe for 2019-2022 Mercedes Sprinter 3.0L Diesel — 83-2006,engine,Brand New,P5,,no,,,,0,2,yes,yes,1042,not started,0,,
3528,"S&B Fuel Sending Unit (For use with aftermarket lift pumps) for 2011-2016 Ford F250/F350, Crew Cab, Short Bed w/OEM Tank, 6.7L Powerstroke — 86-1004",engine,Brand New,P5,,no,,,,0,2,yes,yes,1108,not started,0,,
3529,"S&B Fuel Sending Unit (For use with aftermarket lift pumps) for 2011-2016 Ford F250/F350/F450, Crew Cab, Long Bed w/OEM + S&B Tank, 6.7L Powerstroke — 86-1003",engine,Brand New,P5,,no,,,,0,2,yes,yes,1128,not started,0,,
3530,S&B Particle Separator for 2024-2026 Polaris RZR XP 1000 — 76-7021,engine,Brand New,P5,,no,,,,0,2,yes,yes,1039,not started,0,,
3531,"S&B Body Mount Kit for 2006-2014 Chevrolet Tahoe, Suburban, Avalanche, GMC Yukon, Cadillac Escalade — 81-2005",suspension,Brand New,P3,suspension-kit,yes,derived,unconfirmed,suspension,0,2,yes,yes,1148,original text kept; sections added from the listing's own statements,0,package contents; specifications,batch-2
3532,"S&B Body Mount Kit for 2001-2005 Chevrolet Tahoe, Suburban, Avalanche, GMC Yukon, Cadillac Escalade — 81-2004",suspension,Brand New,P3,suspension-kit,yes,derived,unconfirmed,suspension,0,2,yes,yes,1148,original text kept; sections added from the listing's own statements,0,package contents; specifications,batch-2
3533,S&B Hot Side Intercooler Pipe for 2023-2026 Ford Powerstroke 6.7L High Output — 83-2005,engine,Brand New,P5,,no,,,,0,2,yes,yes,1049,not started,0,,
3534,"S&B Hot Side Boot Kit for 2003-2007 Ford F250/F350, 6.0L Powerstroke — 83-2001",engine,Brand New,P5,,no,,,,0,2,yes,yes,1020,not started,0,,
3535,"S&B Hot and Cold Side Boot Kit for 2003-2004 Ford F250/F350, 6.0L Powerstroke — 83-2000",engine,Brand New,P5,,no,,,,0,2,yes,yes,1029,not started,0,,
3536,"S&B Cold Side Boot Kit for 2003-2004 Ford F250/F350, 6.0L Powerstroke — 83-2002",engine,Brand New,P5,,no,,,,0,2,yes,yes,1021,not started,0,,
3537,"S&B Snorkel for 2007-2022 Mercedes Sprinter 2.0L, 2.1L & 3.0L Diesel — AS-1017",4x4-accessories,Brand New,P5,,no,,,,0,2,yes,yes,1031,not started,0,,
3538,"S&B Cold Side Intercooler Pipe for 2020-2024 Ford Explorer ST, Explorer, Lincoln Aviator 3.0L — 83-1004",engine,Brand New,P5,,no,,,,0,2,yes,yes,1080,not started,0,,
3539,"S&B Fuel Sending Unit (For use with aftermarket lift pumps) for 2013-18, 2021-2024 Dodge/RAM 2500 3500 6.7L Cummins — 86-3001",engine,Brand New,P5,,no,,,,0,2,yes,yes,1062,not started,0,,
3540,"S&B Particle Separator (Wheel Well Mounted) for 2022-2024 Polaris Turbo R, 2020-2026 RZR Pro XP, 2025-2026 RZR Pro S — 76-2020",engine,Brand New,P2,turbo-supercharger,yes,derived,unconfirmed,turbocharger,0,2,yes,yes,1138,original text kept; sections added from the listing's own statements,0,package contents; specifications,batch-1
3541,S&B Particle Separator (Roll Bar Mounted) for the 2022-2026 Polaris RZR PRO R 2.0L — 76-7018,engine,Brand New,P5,,no,,,,0,2,yes,yes,1068,not started,0,,
3542,"S&B 45 Gallon High-Capacity Fuel Tank for 2019-2026 Mercedes Sprinter 144"" and 170"" Wheelbase — 10-1031",4x4-accessories,Brand New,P5,,no,,,,0,2,yes,yes,1044,not started,0,,
3543,"S&B MAP Sensor Spacer Kit for 2011-2019 Ford Super Duty, 6.7L Powerstroke — 82-1004",engine,Brand New,P5,,no,,,,0,2,yes,yes,984,not started,0,,
3544,S&B Upper MAP Sensor Spacer Kit for 2017-2026 Duramax L5P — 82-1000,engine,Brand New,P5,,no,,,,0,2,yes,yes,946,not started,0,,
3545,"S&B Intake Elbow for 1998-2002 Dodge Ram 2500, 3500 5.9L Diesel — 76-1007",engine,Brand New,P5,,no,,,,0,2,yes,yes,1032,not started,0,,
3546,S&B Intake Elbow with Cold Side Intercooler Piping & Boots for 2003-2004 Ford Powerstroke 6.0L — 76-1003B,engine,Brand New,P5,,no,,,,0,2,yes,yes,1054,not started,0,,
3547,"S&B Intake Elbow for 2003-2007 Dodge Ram 2500, 3500 5.9L Diesel — 76-1004",engine,Brand New,P5,,no,,,,0,2,yes,yes,1032,not started,0,,
3548,S&B Turbo Inlet Manifold for 2004-2005 Chevy / GMC Duramax LLY 6.6L — 76-1006B,engine,Brand New,P5,,no,,,,0,2,yes,yes,1034,not started,0,,
3549,"S&B Truck Particle Separator for 2017-2019 Ford Super Duty, 6.7L Powerstroke — 75-7001",engine,Brand New,P5,,no,,,,0,2,yes,yes,1073,not started,0,,
3550,"S&B Particle Separator (Roll Bar Mounted) for 2022-2024 Polaris Turbo R, 2020-2026 RZR Pro XP, 2025-2026 RZR Pro S — 76-7013",engine,Brand New,P2,turbo-supercharger,yes,derived,unconfirmed,turbocharger,0,2,yes,yes,1136,original text kept; sections added from the listing's own statements,0,package contents; specifications,batch-1
3551,S&B Particle Separator For 2015-2026 Polaris Rzr 900 / S 1000 (includes Trail Models) — 76-2001,engine,Brand New,P5,,no,,,,0,2,yes,yes,1097,not started,0,,
3552,S&B Particle Separator for 2011-2014 Polaris RZR XP 900 — 76-2002,engine,Brand New,P5,,no,,,,0,2,yes,yes,1037,not started,0,,
3553,S&B Particle Separator for 2016-2026 Polaris General — 76-2009,engine,Brand New,P5,,no,,,,0,2,yes,yes,1031,not started,0,,
3554,S&B Particle Separator for 2019-2025 Yamaha YXZ 1000R — 76-2012,engine,Brand New,P5,,no,,,,0,2,yes,yes,1033,not started,0,,
3555,S&B Particle Separator (Wheel Well Mounted) for the 2022-2026 Polaris RZR PRO R 2.0L — 76-2018,engine,Brand New,P5,,no,,,,0,2,yes,yes,1070,not started,0,,
3556,S&B Particle Separator for 2014-2023 Polaris RZR XP 1000 — 76-7000,engine,Brand New,P5,,no,,,,0,2,yes,yes,1039,not started,0,,
3557,S&B Particle Separator for 2017-2026 Can-Am® Maverick X3 — 76-7006,engine,Brand New,P5,,no,,,,0,2,yes,yes,1039,not started,0,,
3558,S&B Particle Separator for 2016-2023 Polaris RZR XP Turbo / Turbo S — 76-7007,engine,Brand New,P2,turbo-supercharger,yes,derived,unconfirmed,turbocharger,0,2,yes,yes,1061,original text kept; sections added from the listing's own statements,0,package contents; specifications,batch-1
3559,S&B Particle Separator for 2020-2026 Kawasaki KRX 1000 — 76-7015,engine,Brand New,P5,,no,,,,0,2,yes,yes,1035,not started,0,,
3560,S&B Particle Separator for 2019-2026 Honda Talon — 76-7019,engine,Brand New,P5,,no,,,,0,2,yes,yes,1023,not started,0,,
3561,"S&B Fuel Sending Unit (For use with aftermarket lift pumps) for 2017-2026 Ford F250/F350, Crew Cab Short Bed, 6.7L Powerstroke — 86-1001",engine,Brand New,P5,,no,,,,0,2,yes,yes,1084,not started,0,,
3562,S&B 60 Gallon High-Capacity Fuel Tank for 2008-2010 Ford Powerstroke 6.4L Crew Cab Short Bed — 10-1028,4x4-accessories,Brand New,P5,,no,,,,0,2,yes,yes,1042,not started,0,,
3563,"S&B 40 Gallon High-Capacity Fuel Tank for 2019-2024 4WD Chassis Winnebago Revel, 2022-2023 Entegra Launch and more. — 10-1027",4x4-accessories,Brand New,P5,,no,,,,0,2,yes,yes,1088,not started,0,,
3564,"S&B 40 Gallon High-Capacity Fuel Tank for 2007-2018 Mercedes Sprinter 144"" & 170"" Wheelbase & 2018-2019 Winnebego Revel (2017-2018 Chassis) — 10-1026",4x4-accessories,Brand New,P5,,no,,,,0,2,yes,yes,1136,not started,0,,
3565,"S&B 47 Gallon High-Capacity Fuel Tank for 2007-2018 Mercedes Sprinter 144"" and 170"" Wheelbase — 10-1024",4x4-accessories,Brand New,P5,,no,,,,0,2,yes,yes,1044,not started,0,,
3566,S&B 62 Gallon High-Capacity Fuel Tank for 2001-2004 GM Duramax 6.6L LB7 Crew Cab Short Bed — 10-1023-1,4x4-accessories,Brand New,P5,,no,,,,0,2,yes,yes,1042,not started,0,,
3567,S&B 52 Gallon High-Capacity Fuel Tank for 2005-2024 Dodge Ram Cummins Crew and Quad Cab Short Bed — 10-1021-1,4x4-accessories,Brand New,P5,,no,,,,0,2,yes,yes,1056,not started,0,,
3568,S&B 60 Gallon High-Capacity Fuel Tank for 2005-2012 Dodge/Ram Crew Cab Long Bed — 10-1018,4x4-accessories,Brand New,P5,,no,,,,0,2,yes,yes,1016,not started,0,,
3569,S&B 60 Gallon High-Capacity Fuel Tank for 2020-2023 Chevy Silverado/GMC Sierra 2500 3500 Crew Cab Long Bed — 10-1016-1,4x4-accessories,Brand New,P5,,no,,,,0,2,yes,yes,1074,not started,0,,
3570,S&B 65 Gallon High-Capacity Fuel Tank for 2001-2004 GM Duramax 6.6L LB7 Crew Cab Long Bed — 10-1013-1,4x4-accessories,Brand New,P5,,no,,,,0,2,yes,yes,1036,not started,0,,
3571,"S&B 60 Gallon High-Capacity Fuel Tank for 1999-2007 Ford F250, F350 Powerstroke 7.3L, 6.0L Crew Cab Short Bed — 10-1011",4x4-accessories,Brand New,P5,,no,,,,0,2,yes,yes,1076,not started,0,,
3572,"S&B 65 Gallon High-Capacity Fuel Tank for 2004-2010 GM Duramax 6.6L LLY, LBZ, LMM Crew Cab Long Bed — 10-1010-1",4x4-accessories,Brand New,P5,,no,,,,0,2,yes,yes,1060,not started,0,,
3573,S&B 55 Gallon High-Capacity Fuel Tank for the 2006-2024 Dodge / Ram Mega Cab Short Bed — 10-1009,4x4-accessories,Brand New,P5,,no,,,,0,2,yes,yes,1026,not started,0,,
3574,S&B 68 Gallon High-Capacity Fuel Tank for 2017-2026 Ford F-250 / F-350 / F-450 Powerstroke 6.7L Crew Cab Long Bed — 10-1008,4x4-accessories,Brand New,P5,,no,,,,0,2,yes,yes,1084,not started,0,,
3575,"S&B 62 Gallon High-Capacity Fuel Tank for 2004-2010 GM Duramax 6.6L LLY, LBZ, LMM Crew Cab Short Bed — 10-1006-1",4x4-accessories,Brand New,P5,,no,,,,0,2,yes,yes,1062,not started,0,,
3576,S&B 60 Gallon High-Capacity Fuel Tank for 2017-2026 Ford Powerstroke 6.7L Crew Cab Short Bed — 10-1004,4x4-accessories,Brand New,P5,,no,,,,0,2,yes,yes,1042,not started,0,,
3577,"S&B 70 Gallon High-Capacity Fuel Tank for 2011-2016 Ford F-250 / F-350 / F-450, 6.7L Powerstroke, Crew Cab, Long Bed — 10-1003",4x4-accessories,Brand New,P5,,no,,,,0,2,yes,yes,1090,not started,0,,
3578,"S&B 40 Gallon (After Axle) High-Capacity Fuel Tank 2000-2010 Ford Powerstroke 7.3L, 6.0L, 6.4L F-350, F-450, F-550 Cab Chassis — 10-1002-1",4x4-accessories,Brand New,P2,transfer-case-differential,yes,derived,unconfirmed,drivetrain,0,2,yes,yes,1105,original text kept; sections added from the listing's own statements,0,package contents; specifications,batch-1
3579,"S&B 40 Gallon (After Axle) High-Capacity Fuel Tank for 2011-2016 Ford F250, F350, F450, F550 Powerstroke 6.7L, Cab Chassis — 10-1001",4x4-accessories,Brand New,P2,transfer-case-differential,yes,derived,unconfirmed,drivetrain,0,2,yes,yes,1089,original text kept; sections added from the listing's own statements,0,package contents; specifications,batch-1
3580,S&B 56 Gallon High-Capacity Fuel Tank for 2011-2016 Ford Powerstroke 6.7L Crew Cab Short Bed — 10-1000,4x4-accessories,Brand New,P5,,no,,,,0,2,yes,yes,1042,not started,0,,
3581,"S&B Body Mount Kit for 2006-2009 Ram 1500 2500 3500, Mega Cab — 81-3002",suspension,Brand New,P3,suspension-kit,yes,derived,unconfirmed,suspension,0,2,yes,yes,1072,original text kept; sections added from the listing's own statements,0,package contents; specifications,batch-2
3582,"S&B Body Mount Kit for 2006-2009 Ram 1500 2500 3500, Crew Cab — 81-3001",suspension,Brand New,P3,suspension-kit,yes,derived,unconfirmed,suspension,0,2,yes,yes,1072,original text kept; sections added from the listing's own statements,0,package contents; specifications,batch-2
3583,"S&B Body Mount Kit for 2006-2009 Ram 1500 2500 3500, Reg / Ext Cab — 81-3000",suspension,Brand New,P3,suspension-kit,yes,derived,unconfirmed,suspension,0,2,yes,yes,1082,original text kept; sections added from the listing's own statements,0,package contents; specifications,batch-2
3584,"S&B Body Mount Kit for 2003-2007 Ford Super Duty Reg. & Ext. Cab 5.4L, 6.0L, 6.8L — 81-1000",suspension,Brand New,P3,suspension-kit,yes,derived,unconfirmed,suspension,0,2,yes,yes,1112,original text kept; sections added from the listing's own statements,0,package contents; specifications,batch-2
3585,"S&B Body Mount Kit for 2003-2007 Ford Super Duty Crew Cab 5.4L, 6.0L, 6.8L — 81-1001",suspension,Brand New,P3,suspension-kit,yes,derived,unconfirmed,suspension,0,2,yes,yes,1098,original text kept; sections added from the listing's own statements,0,package contents; specifications,batch-2
3586,"S&B Body Mount Kit for 2008-2016 Ford Super Duty Reg. & Ext. Cab 5.4L, 6.2L, 6.4L, 6.7L, 6.8L — 81-1002",suspension,Brand New,P3,suspension-kit,yes,derived,unconfirmed,suspension,0,2,yes,yes,1136,original text kept; sections added from the listing's own statements,0,package contents; specifications,batch-2
3587,"S&B Body Mount Kit for 2008-2016 Ford Super Duty Crew Cab 5.4L, 6.2L, 6.4L, 6.7L, 6.8L — 81-1003",suspension,Brand New,P3,suspension-kit,yes,derived,unconfirmed,suspension,0,2,yes,yes,1122,original text kept; sections added from the listing's own statements,0,package contents; specifications,batch-2
3588,"S&B Body Mount Kit for 1999-2003 Ford Super Duty Reg. & Ext. Cab 5.4L, 6.8L, 7.3L — 81-1004",suspension,Brand New,P3,suspension-kit,yes,derived,unconfirmed,suspension,0,2,yes,yes,1112,original text kept; sections added from the listing's own statements,0,package contents; specifications,batch-2
3589,"S&B Body Mount Kit for 2003-2005 Ford Excursion 5.4L, 6.0L, 6.8L — 81-1006",suspension,Brand New,P3,suspension-kit,yes,derived,unconfirmed,suspension,0,2,yes,yes,1078,original text kept; sections added from the listing's own statements,0,package contents; specifications,batch-2
3590,"S&B Body Mount Kit for 1999-2003 Ford Super Duty Crew Cab 5.4L, 6.8L, 7.3L — 81-1005",suspension,Brand New,P3,suspension-kit,yes,derived,unconfirmed,suspension,0,2,yes,yes,1098,original text kept; sections added from the listing's own statements,0,package contents; specifications,batch-2
3591,"S&B Body Mount Kit for 1999-2003 Ford Excursion 5.4L, 6.8L, 7.3L — 81-1007",suspension,Brand New,P3,suspension-kit,yes,derived,unconfirmed,suspension,0,2,yes,yes,1078,original text kept; sections added from the listing's own statements,0,package contents; specifications,batch-2
3592,S&B Body Mount Kit for 1980-1996 F-Series & 1997 Super Duty — 81-1008,suspension,Brand New,P3,suspension-kit,yes,derived,unconfirmed,suspension,0,2,yes,yes,1068,original text kept; sections added from the listing's own statements,0,package contents; specifications,batch-2
3593,"S&B Body Mount Kit for 2001-2005 Chevy / GMC 1500, 2500, 3500 Extended / Crew Cab — 81-2001",suspension,Brand New,P3,suspension-kit,yes,derived,unconfirmed,suspension,0,2,yes,yes,1112,original text kept; sections added from the listing's own statements,0,package contents; specifications,batch-2
3594,"S&B Body Mount Kit for 2001-2005 Chevy / GMC 1500, 2500, 3500 Standard Cab — 81-2000",suspension,Brand New,P3,suspension-kit,yes,derived,unconfirmed,suspension,0,2,yes,yes,1098,original text kept; sections added from the listing's own statements,0,package contents; specifications,batch-2
3595,"S&B Body Mount Kit for 2006-2014 Chevy / GMC 1500, 2500, 3500 Standard Cab — 81-2002",suspension,Brand New,P3,suspension-kit,yes,derived,unconfirmed,suspension,0,2,yes,yes,1098,original text kept; sections added from the listing's own statements,0,package contents; specifications,batch-2
3596,"S&B Body Mount Kit for 2006-2014 Chevy / GMC 1500, 2500, 3500 Extended / Crew Cab — 81-2003",suspension,Brand New,P3,suspension-kit,yes,derived,unconfirmed,suspension,0,2,yes,yes,1112,original text kept; sections added from the listing's own statements,0,package contents; specifications,batch-2
3597,S&B Hot Side Intercooler Pipe for 2016-2026 Ford Powerstroke 6.7L — 83-2004,engine,Brand New,P5,,no,,,,0,2,yes,yes,1025,not started,0,,
3598,S&B Hot Side Intercooler Pipe for 2011-2015 Ford Powerstroke 6.7L — 83-2003,engine,Brand New,P5,,no,,,,0,2,yes,yes,1025,not started,0,,
3599,Fox 2.0 Performance Series Coilovers & Shocks Set — 2005–2015 Toyota Hilux 4WD — 985-24-071 / 983-02-087,suspension,Brand New,P3,suspension-kit,yes,derived,listed,suspension,2,10,yes,yes,1321,original text kept; sections added from the listing's own statements,0,,batch-2
3600,Fox 2.0 Performance Series Coilovers Front Pair — 2005–2015 Toyota Hilux RWD — 983-02-087,suspension,Brand New,P3,suspension-kit,yes,derived,listed,suspension,2,12,yes,yes,1192,original text kept; sections added from the listing's own statements,0,,batch-2
3601,Bilstein 4600 Monotube OEM Shocks Set — 1998–2011 Ford Ranger XLT 4WD w/Torsion — 24-188241 / 24-188258,suspension,Brand New,P3,suspension-kit,yes,derived,listed,suspension,2,14,yes,yes,1477,original text kept; sections added from the listing's own statements,0,,batch-2
3602,Rancho RS5000X Gas Shocks Set — 1998–2011 Ford Ranger 4WD w/0 in lift w/Torsion — RS55229 / RS55126,suspension,Brand New,P3,suspension-kit,yes,derived,listed,suspension,2,11,yes,yes,1396,original text kept; sections added from the listing's own statements,0,,batch-2
3603,Bilstein 4600 Monotube OEM Shocks Set — 1998–2011 Ford Ranger RWD w/0-3 in lift w/Coils — 24-196277 / 24-196260,suspension,Brand New,P3,suspension-kit,yes,derived,listed,suspension,2,14,yes,yes,1480,original text kept; sections added from the listing's own statements,0,,batch-2
3604,Bilstein 4600 Monotube OEM Shocks Front Pair — 1998–2011 Ford Ranger RWD w/0-3 in lift — 24-196260,suspension,Brand New,P3,suspension-kit,yes,derived,listed,suspension,2,14,yes,yes,1233,original text kept; sections added from the listing's own statements,0,,batch-2
3605,Icon Vehicle Dynamics Icon Steel Knuckle Delta Joint Kit — 2022–2023 Ford Ranger — 614557,suspension,Brand New,P3,suspension-kit,yes,derived,unconfirmed,suspension,0,4,yes,yes,915,original text kept; sections added from the listing's own statements,0,package contents,batch-2
3606,Bilstein 4600 Monotube OEM Shocks Front Pair — 2019–2023 Ford Ranger 4WD RWD — 24-233552,suspension,Brand New,P3,suspension-kit,yes,derived,listed,suspension,2,6,yes,yes,1040,original text kept; sections added from the listing's own statements,0,,batch-2
3607,Eibach Pro-Truck Sport Strut & Shocks Set — 2019–2023 Ford Ranger 4WD RWD w/0-3 in lift — E60-35-048-01-01 / E60-35-048-01-10,suspension,Brand New,P3,suspension-kit,yes,derived,listed,suspension,2,6,yes,yes,1275,original text kept; sections added from the listing's own statements,0,,batch-2
3608,Icon Vehicle Dynamics Icon Brake Line Kit — 1990–1997 Toyota Land Cruiser 80 4WD — 53009,suspension,Brand New,P3,suspension-kit,yes,derived,unconfirmed,suspension,0,6,yes,yes,914,original text kept; sections added from the listing's own statements,0,package contents,batch-2
3609,Bilstein 5100 Shocks Set — 1990–1997 Toyota Land Cruiser 80 4WD w/2-2.5 in lift — 24-238878 / 24-238885,suspension,Brand New,P3,suspension-kit,yes,derived,listed,suspension,2,14,yes,yes,1340,original text kept; sections added from the listing's own statements,0,,batch-2
3610,Bilstein 5160 w/ Remote Reservoir Shocks Front Pair — 1998–2012 Toyota Land Cruiser 100 w/1.5-2.5 in lift — 25-275100,suspension,Brand New,P3,suspension-kit,yes,derived,listed,suspension,2,6,yes,yes,1076,original text kept; sections added from the listing's own statements,0,,batch-2
3611,Fox 2.0 Performance Series Shocks Set — 1998–2012 Toyota Land Cruiser 100 4WD — 985-24-066 / 985-24-124,suspension,Brand New,P3,suspension-kit,yes,derived,listed,suspension,2,12,yes,yes,1331,original text kept; sections added from the listing's own statements,0,,batch-2
3612,Bilstein 4600 Monotube OEM Shocks Set — 1998–2012 Toyota Land Cruiser 100 4WD RWD — 24-027397 / 24-027403,suspension,Brand New,P3,suspension-kit,yes,derived,listed,suspension,2,14,yes,yes,1369,original text kept; sections added from the listing's own statements,0,,batch-2
3613,King Shocks 2.5 Performance Coilovers w/ Adjustable Remote Reservoir Front Pair — 2010–2020 Nissan Patrol Y62 4WD — 25001-323A,suspension,Brand New,P3,suspension-kit,yes,derived,listed,suspension,2,6,yes,yes,1230,original text kept; sections added from the listing's own statements,0,,batch-2
3615,SuperSprings SumoSprings Coil Insert Rear Pair Kit — 2010–2020 Nissan Patrol 4WD RWD — CSS-1145,suspension,Brand New,P3,suspension-kit,yes,derived,unconfirmed,suspension,0,6,yes,yes,878,original text kept; sections added from the listing's own statements,0,package contents,batch-2
3616,King Shocks 2.0 Performance Steering Stabilizer — 1997–2017 Nissan Patrol Y61 4WD — 20C001-202,suspension,Brand New,P5,,yes,derived,listed,,2,6,yes,yes,1133,original text kept; sections added from the listing's own statements,0,,batch-2 (stated only)
3617,King Shocks 3.0 Performance w/ Adjustable Remote Reservoir Shocks Rear Pair — 1997–2023 Nissan Patrol 4WD — 33001-213A,suspension,Brand New,P3,suspension-kit,yes,derived,listed,suspension,2,6,yes,yes,1250,original text kept; sections added from the listing's own statements,0,,batch-2
3618,King Shocks 3.0 Performance w/ Remote Reservoir Shocks Rear Pair — 1997–2023 Nissan Patrol 4WD — 33001-213,suspension,Brand New,P3,suspension-kit,yes,derived,listed,suspension,2,6,yes,yes,1215,original text kept; sections added from the listing's own statements,0,,batch-2
3619,Skyjacker Black MAX Hydro Shocks Set — 1961–1971 Dodge D200 Series RWD — B8558 / B8517,suspension,Brand New,P3,suspension-kit,yes,derived,listed,suspension,2,11,yes,yes,1257,original text kept; sections added from the listing's own statements,0,,batch-2
3620,Eibach Pro-Spacer 5mm Wheel Spacer Kit — 1989–2006 Nissan Maxima FWD — S90-5-05-030,suspension,Brand New,P3,suspension-kit,yes,derived,listed,suspension,2,4,yes,yes,1127,original text kept; sections added from the listing's own statements,0,,batch-2
3621,King Shocks 2.5 Performance Adjustable Shocks Rear Pair — 2018–2021 Mitsubishi Triton 4WD — 25001-318A,suspension,Brand New,P3,suspension-kit,yes,derived,listed,suspension,2,6,yes,yes,1107,original text kept; sections added from the listing's own statements,0,,batch-2
3622,King Shocks 2.5 Performance Shocks Rear Pair — 2018–2021 Mitsubishi Triton 4WD — 25001-318,suspension,Brand New,P3,suspension-kit,yes,derived,listed,suspension,2,6,yes,yes,1072,original text kept; sections added from the listing's own statements,0,,batch-2
3623,King Shocks 2.5 Performance Coilovers Front Pair — 2018–2021 Mitsubishi Triton 4WD — 25001-317,suspension,Brand New,P3,suspension-kit,yes,derived,listed,suspension,2,6,yes,yes,1093,original text kept; sections added from the listing's own statements,0,,batch-2
3624,King Shocks 2.5 Performance Coilovers w/ Adjustable Remote Reservoir Front Pair — 2018–2021 Mitsubishi Triton 4WD — 25001-317A,suspension,Brand New,P3,suspension-kit,yes,derived,listed,suspension,2,6,yes,yes,1226,original text kept; sections added from the listing's own statements,0,,batch-2
3625,Bilstein B12 Pro-Kit Suspension Kit — 2004–2010 Volkswagen Touareg AWD 30mm — 46-187901,suspension,Brand New,P3,suspension-kit,yes,derived,listed,suspension,2,8,yes,yes,1194,original text kept; sections added from the listing's own statements,0,,batch-2
3626,Bilstein B6 Performance Strut & Shocks Set — 2010–2014 Volkswagen GTI FWD — 35-158714 / 33-158723,suspension,Brand New,P3,suspension-kit,yes,derived,listed,suspension,2,13,yes,yes,1400,original text kept; sections added from the listing's own statements,0,,batch-2
3627,Bilstein B6 Performance DampTronic Shocks Rear Pair — 2015–2019 Volkswagen Golf R AWD — 20-254353,suspension,Brand New,P3,suspension-kit,yes,derived,listed,suspension,2,13,yes,yes,1231,original text kept; sections added from the listing's own statements,0,,batch-2
3628,Bilstein B6 Performance DampTronic Strut Front Pair — 2015–2019 Volkswagen Golf R AWD — 23-254343,suspension,Brand New,P3,suspension-kit,yes,derived,listed,suspension,2,13,yes,yes,1216,original text kept; sections added from the listing's own statements,0,,batch-2
3629,Bilstein B12 Pro-Kit Suspension Kit — 2007–2008 Volkswagen Passat AWD 30mm — 46-184443,suspension,Brand New,P3,suspension-kit,yes,derived,listed,suspension,2,8,yes,yes,1193,original text kept; sections added from the listing's own statements,0,,batch-2
3630,Bilstein B12 Pro-Kit Suspension Kit — 2009–2011 Volkswagen CC AWD 25mm — 46-184399,suspension,Brand New,P3,suspension-kit,yes,derived,listed,suspension,2,8,yes,yes,1189,original text kept; sections added from the listing's own statements,0,,batch-2
3631,SuperSprings JBS Leveling Kit 2015–2026 Ford F-150 4WD — SuperSprings JBS Leveling Kit 2015–2026 Ford F-150 4WD — JBS-101-01,suspension,Brand New,P3,suspension-kit,yes,derived,unconfirmed,suspension,0,6,yes,yes,994,original text kept; sections added from the listing's own statements,0,package contents,batch-2
3632,Eibach Pro-Truck Lift System Stage 1 Kit — 2017–2024 Ford F250 Super Duty 4WD w/3.3 in lift — E80-35-034-01-22,suspension,Brand New,P3,suspension-kit,yes,derived,unconfirmed,suspension,0,6,yes,yes,1029,original text kept; sections added from the listing's own statements,0,package contents,batch-2
3633,Eibach Pro-Truck Lift System Stage 1 Kit — 2005–2016 Ford F250 Super Duty 4WD w/3-3.3 in lift — E80-35-033-02-22,suspension,Brand New,P3,suspension-kit,yes,derived,unconfirmed,suspension,0,6,yes,yes,1141,original text kept; sections added from the listing's own statements,0,package contents,batch-2
3634,Eibach Pro-Truck Lift System Stage 1 Kit — 2014–2023 Ram 2500 4WD w/2.75 in lift — E80-27-006-03-22,suspension,Brand New,P3,suspension-kit,yes,derived,listed,suspension,2,6,yes,yes,1167,original text kept; sections added from the listing's own statements,0,,batch-2
3635,Eibach Pro-Truck Lift System Stage 1 Kit — 2014–2023 Ram 2500 4WD w/2.5 in lift — E80-27-006-01-22,suspension,Brand New,P3,suspension-kit,yes,derived,unconfirmed,suspension,0,6,yes,yes,1024,original text kept; sections added from the listing's own statements,0,package contents,batch-2
3636,Eibach Pro-Truck Lift System Stage 1 Kit — 2003–2010 Dodge Ram 2500 4WD w/2.75 in lift — E80-27-005-03-22,suspension,Brand New,P3,suspension-kit,yes,derived,unconfirmed,suspension,0,6,yes,yes,1032,original text kept; sections added from the listing's own statements,0,package contents,batch-2
3637,Icon Vehicle Dynamics Icon 2.5 in Lift Block Kit — 2003–2012 Dodge Ram 2500 4WD — 211205,suspension,Brand New,P3,suspension-kit,yes,derived,unconfirmed,suspension,0,6,yes,yes,926,original text kept; sections added from the listing's own statements,0,package contents,batch-2
3638,Eibach Pro-Truck Lift System Stage 1 Kit — 2013–2022 Ram 3500 4WD w/2.5 in lift — E80-27-006-02-22,suspension,Brand New,P3,suspension-kit,yes,derived,unconfirmed,suspension,0,6,yes,yes,1017,original text kept; sections added from the listing's own statements,0,package contents,batch-2
3639,Icon Vehicle Dynamics Icon 1 in Cast Lift Block Kit — 2003–2012 Ram 3500 4WD — 211200,suspension,Brand New,P3,suspension-kit,yes,derived,unconfirmed,suspension,0,6,yes,yes,932,original text kept; sections added from the listing's own statements,0,package contents,batch-2
3640,Eibach Pro-Truck Lift System Stage 1 Kit — 2014–2018 Chevrolet Silverado 1500 4WD RWD w/2.5 in lift — E80-23-006-02-22,suspension,Brand New,P3,suspension-kit,yes,derived,unconfirmed,suspension,0,6,yes,yes,1012,original text kept; sections added from the listing's own statements,0,package contents,batch-2
3641,Eibach Pro-Truck Lift System Stage 1 Kit — 2019–2024 Chevrolet Silverado 1500 4WD w/1.2-1.9 in lift — E80-23-032-01-22,suspension,Brand New,P3,suspension-kit,yes,derived,unconfirmed,suspension,0,6,yes,yes,1048,original text kept; sections added from the listing's own statements,0,package contents,batch-2
3642,Eibach Pro-Truck Rear 1 in Lift Block Kit — 2019–2024 Chevrolet Silverado 1500 w/1 in lift — LB81-23-032-01-02,suspension,Brand New,P3,suspension-kit,yes,derived,listed,suspension,2,4,yes,yes,1147,original text kept; sections added from the listing's own statements,0,,batch-2
3643,Icon Vehicle Dynamics Icon 1 in Cast Lift Block Kit — 2022 Chevrolet Silverado 1500 LTD — 51001,suspension,Brand New,P3,suspension-kit,yes,derived,unconfirmed,suspension,0,6,yes,yes,941,original text kept; sections added from the listing's own statements,0,package contents,batch-2
3644,Eibach Pro-Truck Lift System Stage 1 Kit — 2019–2024 Chevrolet Silverado 1500 RWD w/2.4 in lift — E80-23-032-02-22,suspension,Brand New,P3,suspension-kit,yes,derived,unconfirmed,suspension,0,4,yes,yes,992,original text kept; sections added from the listing's own statements,0,package contents,batch-2
3645,Bilstein 5100 Shocks Set w/0-2.1 in lift 2015–2020 Ford F-150 4WD — Bilstein 5100 Shocks Set w/0-2.1 in lift 2015–2020 Ford F-150 4WD — 33-253190 / 24-336970,suspension,Brand New,P3,suspension-kit,yes,derived,listed,suspension,2,14,yes,yes,1538,original text kept; sections added from the listing's own statements,0,,batch-2
3646,Bilstein 5100 Monotube Shocks Rear Pair — 2014–2018 Ram 2500 4WD w/o Air leveling — 24-239455,suspension,Brand New,P3,suspension-kit,yes,derived,listed,suspension,2,14,yes,yes,1217,original text kept; sections added from the listing's own statements,0,,batch-2
3647,Bilstein 5100 Monotube Strut & Shocks Set — 2019–2024 Chevrolet Silverado 1500 4WD RWD w/0-2.5 in lift — 24-293471 / 24-337052,suspension,Brand New,P3,suspension-kit,yes,derived,listed,suspension,2,6,yes,yes,1228,original text kept; sections added from the listing's own statements,0,,batch-2
3648,Bilstein 5100 Shocks Set — 1999–2006 Chevrolet Silverado 1500 4WD w/2-2.5 in lift w/Torsion — 24-186742 / 24-186643,suspension,Brand New,P3,suspension-kit,yes,derived,listed,suspension,2,14,yes,yes,1490,original text kept; sections added from the listing's own statements,1,,batch-2
3649,Bilstein 5100 Monotube Adjustable Strut Front Pair — 2019–2024 Chevrolet Silverado 1500 4WD RWD w/0-2.5 in lift — 24-337052,suspension,Brand New,P3,suspension-kit,yes,derived,listed,suspension,2,6,yes,yes,1084,original text kept; sections added from the listing's own statements,0,,batch-2
3651,BD Diesel Flexplate AS69RC RAM 3500/4500/5500 6.7L Cummins 2013–2018 — 1041223,transmission,Brand New,P5,,no,,,,0,2,yes,yes,889,not started,0,,
3652,BD Diesel Exhaust Manifold Driver Side RAM 2500–5500 6.4L HEMI 2014–2024 — 1041456,engine,Brand New,P5,,no,,,,0,4,yes,yes,1110,not started,0,,
3653,BD Diesel Exhaust Manifold Kit RAM 2500–5500 6.4L HEMI 2014–2024 — 1041454,engine,Brand New,P5,,no,,,,0,4,yes,yes,1102,not started,0,,
3654,BD Diesel TS Booster V3.0 BMW — 1057941,electronics,Brand New,P5,,no,,,,0,2,yes,yes,1088,not started,0,,
3655,BD Diesel TS Booster V3.0 Ford (Check application listings) — 1057934,electronics,Brand New,P5,,no,,,,0,2,yes,yes,1145,not started,0,,
3656,BD Diesel TS Booster v3.0 Dodge/Jeep (Check application listings) — 1057931,electronics,Brand New,P5,,no,,,,0,2,yes,yes,1050,not started,0,,
3657,BD Diesel Screamer Turbochargers Ford 3.5L EcoBoost F-150 2013–2016 — 1047621,turbocharger,Brand New,P5,,no,,,,0,2,yes,yes,891,not started,0,,
3658,BD Diesel Exhaust Manifold Kit RAM 3500/4500/5500 Cab & Chassis 6.7L Cummins 2019–2024 — 1046070,engine,Brand New,P5,,no,,,,0,2,yes,yes,1063,not started,0,,
3659,BD Diesel Exhaust Manifold RAM 3500/4500/5500 Cab & Chassis 6.7L Cummins 2019–2024 — 1045970,engine,Brand New,P5,,no,,,,0,2,yes,yes,1059,not started,0,,
3660,BD Diesel Screamer Turbo Chevy LML Duramax 2011–2016 — 1045830,turbocharger,Brand New,P2,turbo-supercharger,yes,derived,unconfirmed,turbocharger,0,2,yes,yes,968,original text kept; sections added from the listing's own statements,0,package contents; specifications,batch-1
3661,BD Diesel Exhaust Manifold Kit Ford F-150 3.5L EcoBoost 2011–2016 / Transit 2015–2024 — 1043001,engine,Brand New,P5,,no,,,,0,4,yes,yes,1227,not started,0,,
3662,BD Diesel VGT Turbo Actuator Harness Adapter Dodge 6.7L Cummins (5347703) 2007.5-2012 — 1407046,turbocharger,Refurbished,P5,,no,,,,0,2,yes,yes,885,not started,0,,
3663,BD Diesel Track Bar Bushing Kit 1032018 2013+ Dodge Cummins — 1302038,suspension,Brand New,P3,suspension-kit,yes,derived,unconfirmed,suspension,0,2,yes,yes,974,original text kept; sections added from the listing's own statements,0,package contents; specifications,batch-2
3664,BD Diesel APPS Noise Isolator Dodge 5.9L 1994–2004 / 8.0L 1999–2003 — 1300030,electronics,Brand New,P5,,no,,,,0,4,yes,yes,1026,not started,0,,
3665,BD Diesel Rear Differential Cover Dana 70 Dodge 2500/3500 1981–1993 & 2500 1994–2002 — 1061835,suspension,Brand New,P5,,no,,,,0,4,yes,yes,1029,not started,0,,
3666,BD Diesel Rear Differential Cover AAM 14-Bolt w/RCS (Rear Coil Spring) Dodge 2500 Cummins 2013–2018 — 1061825-RCS,suspension,Brand New,P5,,no,,,,0,2,yes,yes,961,not started,0,,
3667,BD Diesel Deep Sump Transmission Pan Kit Ford 10r60/10r80 2017–2024 — 1061718,transmission,Brand New,P5,,no,,,,0,4,yes,yes,1071,not started,0,,
3668,BD Diesel Accumulator Body Ford 7.3L Power Stroke E4OD/4R100 4wd 1995–2003 — 1060444,transmission,Refurbished,P5,,no,,,,0,2,yes,yes,963,not started,0,,
3669,BD Diesel Accumulator Body Ford 7.3L Power Stroke E4OD/4R100 2wd 1995–2003 — 1060442,transmission,Refurbished,P5,,no,,,,0,2,yes,yes,963,not started,0,,
3670,BD Diesel TS Booster V3.0 Chevy/Dodge/Ford/GMC/Jeep (Check application listings) — 1057932,electronics,Brand New,P5,,no,,,,0,2,yes,yes,1047,not started,0,,
3671,BD Diesel Turbo Boost Control Adjustable Wastegate Kit Ford 7.3L Power Stroke 1999.5-2003 — 1047170,turbocharger,Brand New,P5,,no,,,,0,2,yes,yes,911,not started,0,,
3672,BD Diesel DTurbo Boost Control Adjustable Waste Gate Kit Chevy LB7 Duramax 2001–2004 — 1047160,turbocharger,Brand New,P5,,no,,,,0,2,yes,yes,960,not started,0,,
3673,BD Diesel Turbo Boost Control Adjustable Wastegate Kit Dodge 5.9L Cummins 2003–2007 — 1047154,turbocharger,Brand New,P5,,no,,,,0,2,yes,yes,894,not started,0,,
3674,BD Diesel HX35 Turbo Boost Control Adjustable Wategate Kit Dodge 5.9L Cummins Manual Trans 1999–2002 / Auto Trans 1999 — 1047151,turbocharger,Brand New,P2,turbo-supercharger,yes,derived,unconfirmed,turbocharger,0,2,yes,yes,975,original text kept; sections added from the listing's own statements,0,package contents; specifications,batch-1
3675,BD Diesel HX35 Turbo Boost Control Adjustable Wategate Kit Dodge 5.9L Cummins 1994–1998.5 — 1047150,turbocharger,Brand New,P2,turbo-supercharger,yes,derived,unconfirmed,turbocharger,0,2,yes,yes,970,original text kept; sections added from the listing's own statements,0,package contents; specifications,batch-1
3676,BD Diesel Exhaust Manifold Kit Dodge/RAM 6.7L Cummins 3500/4500/5500 Cab-chassis 2013–2018 — 1046068,engine,Brand New,P5,,no,,,,0,2,yes,yes,1066,not started,0,,
3677,BD Diesel Exhaust Manifold Kit Dodge/RAM 6.7L Cummins 3500/4500/5500 Cab & Chassis 2007.5-2012 — 1046067,engine,Brand New,P5,,no,,,,0,2,yes,yes,1097,not started,0,,
3678,BD Diesel Exhaust Manifold Kit Stock/t3 Dodge 12-valve 5.9L Cummins 1988–1998 — 1046048,engine,Brand New,P5,,no,,,,0,2,yes,yes,1143,not started,0,,
3679,BD Diesel Exhaust Manifold Kit Stock/t3 Dodge 24-valve 5.9L Cummins 1998.5-2002 — 1046047,engine,Brand New,P5,,no,,,,0,2,yes,yes,1101,not started,0,,
3680,BD Diesel 20-degree Exhaust Manifold T6 Mount Dodge 5.9L Cummins 1998.5-2007 — 1045995-T6,engine,Brand New,P5,,no,,,,0,2,yes,yes,1155,not started,0,,
3681,BD Diesel 20-degree Exhaust Manifold T4 Mount Dodge 5.9L Cummins 1998.5-2007 — 1045995-T4,engine,Brand New,P5,,no,,,,0,2,yes,yes,1155,not started,0,,
3682,BD Diesel Exhaust Manifold Gasket Set T4 Mount Dodge 6.7L Cummins 2007.5-2018 — 1045992-T4,engine,Brand New,P5,,no,,,,0,2,yes,yes,1056,not started,0,,
3683,"BD Diesel Exhaust Manifold Dodge/RAM 6.7L Cummins 2007.5-2018 2500/3500 Pick-up & 3500/4500/5500 Cab-Chassis, Pick-Up / T4 — 1045965-T4",engine,Brand New,P5,,no,,,,0,4,yes,yes,1220,not started,0,,
3684,"BD Diesel Exhaust Manifold Dodge/RAM 6.7L Cummins 2007.5-2018 2500/3500 Pick-up & 3500/4500/5500 Cab-Chassis, Cab-Chassis 2007–2012 / HE351 (OEM) — 1045967",engine,Brand New,P5,,no,,,,0,4,yes,yes,1303,not started,0,,
3685,"BD Diesel Exhaust Manifold Dodge/RAM 6.7L Cummins 2007.5-2018 2500/3500 Pick-up & 3500/4500/5500 Cab-Chassis, Cab-Chassis 2013–2018 / HE351 (OEM) — 1045968",engine,Brand New,P5,,no,,,,0,4,yes,yes,1303,not started,0,,
3686,BD Diesel Pulse Exhaust Manifold Stock/t3 Dodge 12-valve 5.9L Cummins 1988–1998 — 1045948,engine,Brand New,P5,,no,,,,0,2,yes,yes,1145,not started,0,,
3687,BD Diesel Turbo Actuator HE351 Dodge/RAM 2500/3500 6.7L Cummins 2007.5-2012 (Non-Corded w/ Adapter) — 1045922,turbocharger,Refurbished,P5,,no,,,,0,2,yes,yes,899,not started,0,,
3688,BD Diesel Screamer Turbo Chevy/GM 6.6L L5P Duramax 2017–2023 — 1045844,turbocharger,Brand New,P2,turbo-supercharger,yes,derived,unconfirmed,turbocharger,0,2,yes,yes,976,original text kept; sections added from the listing's own statements,0,package contents; specifications,batch-1
3689,BD Diesel Screamer Turbo Chevy/GM LB7 6.6L Duramax 2001–2004 — 1045837,turbocharger,Brand New,P2,turbo-supercharger,yes,derived,unconfirmed,turbocharger,0,2,yes,yes,970,original text kept; sections added from the listing's own statements,0,package contents; specifications,batch-1
3690,BD Diesel Turbo Chevy/GMC 6.6L LB7 Duramax (Non-California Spec) 2001–2004 — 1045836,turbocharger,Refurbished,P2,turbo-supercharger,yes,derived,unconfirmed,turbocharger,0,2,yes,yes,945,original text kept; sections added from the listing's own statements,0,package contents; specifications,batch-1
3691,BD Diesel Screamer Stage 1 Performance Gt37 Turbo Ford F-250/F-350 6.0L Power Stroke 2003–2007 — 1045818,turbocharger,Brand New,P2,turbo-supercharger,yes,derived,unconfirmed,turbocharger,0,2,yes,yes,950,original text kept; sections added from the listing's own statements,0,package contents; specifications,batch-1
3692,BD Diesel Turbo Ford Pick-up F-250/350 6.7L Power Stroke (FC3Z-6K682-A) 2015–2016 — 1045813,turbocharger,Refurbished,P2,turbo-supercharger,yes,derived,unconfirmed,turbocharger,0,2,yes,yes,898,original text kept; sections added from the listing's own statements,0,package contents; specifications,batch-1
3693,BD Diesel Turbo Stock Replacement HE300VG Dodge Cab & Chassis 6.7L Cummins 2013–2018 — 1045779,turbocharger,Refurbished,P2,turbo-supercharger,yes,derived,unconfirmed,turbocharger,0,2,yes,yes,890,original text kept; sections added from the listing's own statements,0,package contents; specifications,batch-1
3694,BD Diesel Screamer HE351CW Turbo Dodge Pick-up 5.9L Cummins 2003–2007 — 1045768,turbocharger,Brand New,P2,turbo-supercharger,yes,derived,unconfirmed,turbocharger,0,2,yes,yes,908,original text kept; sections added from the listing's own statements,0,package contents; specifications,batch-1
3695,BD Diesel Exhaust Manifold Driver Side Ford F-150 3.5L EcoBoost 2017–2020 — 1043063,engine,Brand New,P5,,no,,,,0,4,yes,yes,1103,not started,0,,
3696,BD Diesel Exhaust Manifold Passenger Side Ford F-150 3.5L EcoBoost 2017–2020 — 1043062,engine,Brand New,P5,,no,,,,0,2,yes,yes,1092,not started,0,,
3697,BD Diesel Exhaust Manifold Kit Ford F-150 3.5L EcoBoost 2017–2020 — 1043061,engine,Brand New,P5,,no,,,,0,2,yes,yes,1080,not started,0,,
3698,BD Diesel Exhaust Manifold Driver Side Ford F-150/F-250/F-350 Boss 6.2L Gas 2010–2022 — 1043057,engine,Brand New,P5,,no,,,,0,2,yes,yes,1107,not started,0,,
3699,BD Diesel Exhaust Manifold Passenger Side Ford F-150/F-250/F-350 Boss 6.2L Gas 2010–2022 — 1043056,engine,Brand New,P5,,no,,,,0,2,yes,yes,1110,not started,0,,
3700,BD Diesel Exhaust Manifold Kit Ford F-150/F-250/F-350 Boss 6.2L Gas 2010–2022 — 1043055,engine,Brand New,P5,,no,,,,0,2,yes,yes,1099,not started,0,,
3701,BD Diesel Exhaust Manifold Passenger Side Ford 3.5L EcoBoost F-150 2011–2016 — 1043004,engine,Brand New,P5,,no,,,,0,2,yes,yes,1188,not started,0,,
3702,BD Diesel Exhaust Manifold Driver Side Ford 3.5L EcoBoost F-150 2011–2016 — 1043003,engine,Brand New,P5,,no,,,,0,2,yes,yes,1185,not started,0,,
3703,BD Diesel Open Grid X-Intake Dodge 2500/3500 6.7L Cummins 2007.5-2018 — 1041564,engine,Brand New,P5,,no,,,,0,2,yes,yes,884,not started,0,,
3704,BD Diesel X-Flow Air Intake Heater Kit Dodge 2500/3500 6.7L Cummins 2007.5-2018 — 1041563,engine,Brand New,P5,,no,,,,0,2,yes,yes,894,not started,0,,
3705,BD Diesel X-Flow Power Intake Elbow Dodge 5.9L Cummins 2003–2007 — 1041555,engine,Brand New,P5,,no,,,,0,2,yes,yes,879,not started,0,,
3706,BD Diesel X-Flow Power Intake Elbow Dodge 24-valve 5.9L Cummins 1998–2002 — 1041550,engine,Brand New,P5,,no,,,,0,2,yes,yes,940,not started,0,,
3707,BD Diesel Exhaust Manifold (passenger Side) Ford 6.0L Power Stroke 2003–2007 — 1041486,engine,Brand New,P5,,no,,,,0,2,yes,yes,1063,not started,0,,
3708,BD Diesel Exhaust Manifold Driver Side Ford 6.0L Power Stroke 2003–2007 — 1041485,engine,Brand New,P5,,no,,,,0,2,yes,yes,1058,not started,0,,
3709,BD Diesel Exhaust Manifold Kit Ford 6.4L Power Stroke 2008–2010 — 1041482,engine,Brand New,P5,,no,,,,0,2,yes,yes,1086,not started,0,,
3710,BD Diesel Exhaust Manifold Set Ford 6.0L Power Stroke 2003–2007 — 1041480,engine,Brand New,P5,,no,,,,0,2,yes,yes,1050,not started,0,,
3711,BD Diesel Exhaust Manifold Passenger Side Kit RAM/dodge/jeep 5.7L HEMI: 1500 Dt 19-24 / Durango 11-26 / Jeep Grand Cherokee & Wagoneer 11-23 — 1041469,engine,Brand New,P5,,no,,,,0,2,yes,yes,1196,not started,0,,
3712,BD Diesel Exhaust Manifold Kit RAM/dodge/jeep 5.7L HEMI: 1500 Dt 19-24 / Durango 11-26 / Jeep Grand Cherokee & Wagoneer 11-23 — 1041467,engine,Brand New,P5,,no,,,,0,2,yes,yes,1181,not started,0,,
3713,BD Diesel Exhaust Manifold Passenger Side Kit RAM 5.7L & 6.4L HEMI: 1500 Ds 09-24 / 2500–5500 09-26 — 1041464,engine,Brand New,P5,,no,,,,0,2,yes,yes,1174,not started,0,,
3714,BD Diesel Exhaust Manifold Kit RAM 5.7L HEMI: 1500 Ds 09-24 / 2500–3500 09-18 — 1041463,engine,Brand New,P5,,no,,,,0,2,yes,yes,1124,not started,0,,
3715,BD Diesel Exhaust Manifold Passenger Side Kit Chevy Silverado/GMC Sierra 2500HD & 3500HD 6.6L Duramax 2001–2016 — 1041461,engine,Brand New,P5,,no,,,,0,4,yes,yes,1284,not started,0,,
3716,BD Diesel Exhaust Manifold Driver Side Kit Chevy Silverado/GMC Sierra 2500HD & 3500HD 6.6L Duramax 2001–2016 — 1041460,engine,Brand New,P5,,no,,,,0,4,yes,yes,1280,not started,0,,
3717,BD Diesel Flexplate Ford 7.3L Power Stroke 4R100/E4OD 1994–2003 — 1041241,transmission,Brand New,P5,,no,,,,0,4,yes,yes,1200,not started,0,,
3718,BD Diesel Flexplate Dodge 6.7L Cummins 68RFE 2007.5-2018 — 1041221,transmission,Brand New,P5,,no,,,,0,2,yes,yes,871,not started,0,,
3719,BD Diesel GM-8/GM-5 Turbo Chevy 6.5L Pick-Up 1996–2000 — 1040500,turbocharger,Refurbished,P2,turbo-supercharger,yes,derived,unconfirmed,turbocharger,0,4,yes,yes,1130,original text kept; sections added from the listing's own statements,0,package contents,batch-1
3720,BD Diesel Tie Rod Kit Chevy/GM 1500HD 2001–2003 & 2005–2007 & 2500 Hd/3500HD Silverado / Sierra 2001–2010 — 1032125,suspension,Brand New,P3,suspension-kit,yes,derived,unconfirmed,suspension,0,4,yes,yes,1132,original text kept; sections added from the listing's own statements,0,package contents,batch-2
3721,BD Diesel LED Kit Transmission Pressure Controller Ford 6.7L Power Stroke 6R140 2011–2019 — 1031319,transmission,Brand New,P5,,no,,,,0,2,yes,yes,924,not started,0,,
3722,BD Diesel Allison Valve Body Chevy LBZ/LMM Duramax 6-speed 2006–2010 — 1030472,transmission,Refurbished,P5,,no,,,,0,2,yes,yes,1069,not started,0,,
3723,BD Diesel Allison Valve Body Chevy LLY Duramax 2004–2006 — 1030471,transmission,Refurbished,P5,,no,,,,0,4,yes,yes,973,not started,0,,
3724,BD Diesel Allison Valve Body Chevy LB7 Duramax 2001–2004 — 1030470,transmission,Refurbished,P5,,no,,,,0,2,yes,yes,931,not started,0,,
3725,BD Diesel 68RFE Valve Body W/o Solenoid Dodge/RAM 6.7L Cummins 2011–2018 — 1030468,transmission,Refurbished,P5,,no,,,,0,2,yes,yes,876,not started,0,,
3726,BD Diesel 68RFE Valve Body W/o Solenoid Dodge/RAM 6.7L Cummins 2008–2010 — 1030465,transmission,Refurbished,P5,,no,,,,0,2,yes,yes,876,not started,0,,
3727,BD Diesel 47RE Valve Body with Governor Pressure Solenoid - 12-valve Dodge Cummins 1996–1998 — 1030416E,transmission,Refurbished,P5,,no,,,,0,2,yes,yes,899,not started,0,,
3728,BD Diesel 518 Valve Body Dodge Cummins 1991–1993 — 1030410,transmission,Refurbished,P5,,no,,,,0,2,yes,yes,858,not started,0,,
3729,"BD Diesel 6.0L Power Stroke Exhaust Brake (Remote) Manual Transmision, Stock — 1027145",engine,Brand New,P5,,no,,,,0,4,yes,yes,1256,not started,0,,
3730,"BD Diesel 6.0L Power Stroke Exhaust Brake (Remote) Manual Transmision, 4-Inch — 1027146",engine,Brand New,P5,,no,,,,0,4,yes,yes,1260,not started,0,,
3731,BD Diesel Exhaust Brake w/4-INCH Exhaust Chevy Duramax 2001–2010 — 1024311,engine,Brand New,P5,,no,,,,0,4,yes,yes,1382,not started,0,,
3732,BD Diesel Exhaust Brake w/STOCK Exhaust Chevy Duramax 2001–2010 — 1024310,engine,Brand New,P5,,no,,,,0,4,yes,yes,1381,not started,0,,
3733,BD Diesel Deep Sump Transmission Pan Ford 10r60/10r80 2017–2024 — 1061717,transmission,Brand New,P5,,no,,,,0,4,yes,yes,1079,not started,0,,
3734,BD Diesel Deep Sump Transmission Pan Dodge/RAM Aisin AS69RC 2013–2024 — 1061535,transmission,Brand New,P5,,no,,,,0,4,yes,yes,981,not started,0,,
3735,BD Diesel Exhaust Manifold Kit Stock Mount Dodge 5.9L Cummins 2003–2007 — 1046087,engine,Brand New,P5,,no,,,,0,2,yes,yes,1042,not started,0,,
3736,BD Diesel Exhaust Manifold Kit Dodge/RAM 6.7L 2500/3500 Pick-up 2007.5-2018 — 1046065,engine,Brand New,P5,,no,,,,0,2,yes,yes,1046,not started,0,,
3737,BD Diesel Waste Gated Exhaust Manifold w/T4 40-degree Mount Dodge 5.9L Cummins 1998.5-2007 — 1045947-T4,engine,Brand New,P5,,no,,,,0,2,yes,yes,1169,not started,0,,
3738,BD Diesel Center Link & Tie Rod Kit Chevy/GM Duramax 1500HD 2001–2003 & 2005–2007 & 2500 Hd/3500HD Silverado / Sierra 2001–2010 — 1032150,suspension,Brand New,P3,suspension-kit,yes,derived,unconfirmed,suspension,0,4,yes,yes,1154,original text kept; sections added from the listing's own statements,0,package contents,batch-2
3739,"BD Diesel 6.0L Power Stroke Exhaust Brake (Remote) Automatic Transmission, Stock — 1027145AP",engine,Brand New,P5,,no,,,,0,4,yes,yes,1266,not started,0,,
3740,"BD Diesel 6.0L Power Stroke Exhaust Brake (Remote) Automatic Transmission, 4-Inch — 1027146AP",engine,Brand New,P5,,no,,,,0,4,yes,yes,1270,not started,0,,
3741,BD Diesel Exhaust Manifold Gasket Set Stock Mount RAM 3500/4500/5500 Cab & Chassis 6.7L Cummins 2019–2024 — 1045998,engine,Brand New,P5,,no,,,,0,2,yes,yes,1093,not started,0,,
3742,BD Diesel Exhaust Manifold Gasket Set Stock Mount RAM 2500/3500 Pickup 6.7L Cummins 2019–2024 — 1045997,engine,Brand New,P5,,no,,,,0,2,yes,yes,1063,not started,0,,
3743,BD Diesel Exhaust Manifold Kit Chevrolet Silverado/GMC Sierra 2500HD & 3500HD 6.6L Duramax 2001–2016 — 1041459,engine,Brand New,P5,,no,,,,0,4,yes,yes,1273,not started,0,,
3744,BD Diesel Exhaust Manifold Kit RAM 2500/3500 Pickup 6.7L Cummins 2019–2024 — 1046069,engine,Brand New,P5,,no,,,,0,2,yes,yes,1045,not started,0,,
3745,BD Diesel High Idle Control Ford F-250 / F-350 / F-450 / F-550 / F-600 6.2L/6.8L/7.3L Gasoline 2017–2022 — 1036616,electronics,Brand New,P5,,no,,,,0,2,yes,yes,943,not started,0,,
3746,BD Diesel Exhaust Manifold Passenger Side Chevrolet Silverado 1500 / GMC Sierra 1500 V8 2002–2013 — 1041401,engine,Brand New,P5,,no,,,,0,4,yes,yes,1410,not started,0,,
3747,BD Diesel Exhaust Manifold Kit Chevrolet Silverado 1500 / GMC Sierra 1500 V8 2002–2013 — 1041400,engine,Brand New,P5,,no,,,,0,4,yes,yes,1408,not started,0,,
3748,BD Diesel Waste Gate Regulator Kit — 1045996-WGK,engine,Brand New,P3,fuel-kit,yes,derived,unconfirmed,fuel,0,2,yes,yes,1116,original text kept; sections added from the listing's own statements,0,package contents; specifications,batch-2
3749,BD Diesel Wastegate Control Valve Dodge 5.9L Cummins (4036054) 2004.5-2007 — 1045921,turbocharger,Refurbished,P5,,no,,,,0,2,yes,yes,874,not started,0,,
3750,BD Diesel 66RFE/68RFE Valvebody w/ Solenoid Dodge/RAM 6.4L HEMI/6.7L Cummins 2008–2018 — 1030467,transmission,Refurbished,P5,,no,,,,0,4,yes,yes,926,not started,0,,
3751,BD Diesel 48RE Valve Body with Governor Pressure Solenoid & Transducer Dodge 2003–2007 — 1030423E,transmission,Refurbished,P5,,no,,,,0,2,yes,yes,893,not started,0,,
3752,BD Diesel 48RE Valve Body Dodge 2003–2007 — 1030423,transmission,Refurbished,P5,,no,,,,0,2,yes,yes,845,not started,0,,
3753,BD Diesel 47RE Full Manual Valve Body (1996–2002) Dodge 12-valve & 24-Valve — 1030418-FM,transmission,Refurbished,P5,,no,,,,0,2,yes,yes,888,not started,0,,
3754,BD Diesel 47RE Valve Body (1998.5-2002) with Governor Pressure Solenoid & Transducer Dodge 24-valve — 1030418E,transmission,Refurbished,P5,,no,,,,0,2,yes,yes,906,not started,0,,
3755,BD Diesel 47RE Valve Body (1998.5-2002) Dodge 24-valve — 1030418,transmission,Refurbished,P5,,no,,,,0,2,yes,yes,858,not started,0,,
3756,BD Diesel 47RE Valve Body (1996–1998) Dodge 12-valve — 1030416,transmission,Refurbished,P5,,no,,,,0,2,yes,yes,856,not started,0,,
3757,BD Diesel Steering Upgrade Kit Chevy/GM Duramax 1500HD 2001–2003 & 2005–2007 & 2500 Hd/3500HD Silverado / Sierra 2001–2010 — 1032160,suspension,Brand New,P3,suspension-kit,yes,derived,unconfirmed,suspension,0,4,yes,yes,1149,original text kept; sections added from the listing's own statements,0,package contents,batch-2
3758,BD Diesel Sector Shaft Bolt 30mm Flange - Dodge/RAM 2003-up — 1302074,suspension,Brand New,P5,,no,,,,0,2,yes,yes,957,not started,0,,
3759,BD Diesel Screamer Turbochargers Ford 3.5L EcoBoost F-150 2011–2012 — 1047620,turbocharger,Brand New,P5,,no,,,,0,2,yes,yes,891,not started,0,,
3760,BD Diesel Turbo Mounting Gasket Kit Ford 6.0L Power Stroke 2003–2007 — 1045819,turbocharger,Refurbished,P5,,no,,,,0,2,yes,yes,885,not started,0,,
3761,BD Diesel Screamer HE300VG Turbo RAM 6.7L Cummins 2019–2024 — 1045772,turbocharger,Brand New,P2,turbo-supercharger,yes,derived,unconfirmed,turbocharger,0,2,yes,yes,910,original text kept; sections added from the listing's own statements,0,package contents; specifications,batch-1
3762,BD Diesel Turbo Intake Horn Chevy/GM 2500HD & 3500HD 6.6L Duramax 2017–2022 — 1045630,engine,Brand New,P2,turbo-supercharger,yes,derived,unconfirmed,turbocharger,0,4,yes,yes,1077,original text kept; sections added from the listing's own statements,0,package contents,batch-1
3763,BD Diesel Exhaust Manifold (single) Ford 6.4L Power Stroke 2008–2010 — 1041487,engine,Brand New,P5,,no,,,,0,2,yes,yes,1091,not started,0,,
3764,BD Diesel High Idle Control Ford F-series Superduty F-250 / F-350 / F-450 / F-550 / F-600 2023+ — 1036613,electronics,Brand New,P5,,no,,,,0,2,yes,yes,919,not started,0,,
3765,BD Diesel Track Bar Kit RAM 4wd 2500 2014–2025 / 3500 2013–2025 — 1032018,suspension,Brand New,P3,suspension-kit,yes,derived,unconfirmed,suspension,0,4,yes,yes,1008,original text kept; sections added from the listing's own statements,0,package contents,batch-2
3766,BD Diesel Electronic Exhaust Brake 4.0in RAM 2500/3500 6.7L Cummins 2007.5-2012 — 1027346,engine,Brand New,P5,,no,,,,0,2,yes,yes,1204,not started,0,,
3767,"BD Diesel Coolant Tube Relocation Kit, Howler Turbo - Dodge Automatic 2003–2005 5.9L — 1047137",turbocharger,Brand New,P2,turbo-supercharger,yes,derived,unconfirmed,turbocharger,0,2,yes,yes,923,original text kept; sections added from the listing's own statements,0,package contents; specifications,batch-1
3768,BD Diesel Exhaust Manifold Gasket Set Cummins 6.7L RAM 2013–2018 Cab & Chassis — 1045994,engine,Brand New,P5,,no,,,,0,2,yes,yes,1054,not started,0,,
3769,BD Diesel Turbo Actuator HE300VG Dodge 6.7L Cummins 2013–2024 — 1045923,turbocharger,Refurbished,P5,,no,,,,0,2,yes,yes,861,not started,0,,
3770,BD Diesel Turbo Stock Replacement He351cw Dodge 5.9L Cummins 2004.5-2007 — 1045767,turbocharger,Refurbished,P2,turbo-supercharger,yes,derived,unconfirmed,turbocharger,0,2,yes,yes,872,original text kept; sections added from the listing's own statements,0,package contents; specifications,batch-1
3771,"BD Diesel Exhaust Elbow, Turbo Cast Dodge 5.9L Cummins 2004.5-2007 — 1045100",turbocharger,Refurbished,P2,turbo-supercharger,yes,derived,unconfirmed,turbocharger,0,2,yes,yes,866,original text kept; sections added from the listing's own statements,0,package contents; specifications,batch-1
3772,BD Diesel Valve Body Dodge 47RH 1994–1995 — 1030415,transmission,Refurbished,P5,,no,,,,0,2,yes,yes,863,not started,0,,
3773,BD Diesel Track BAR Bracket Ford SuperDuty F-250/F-350 4wd 2008–2022 — 1032113,suspension,Brand New,P5,,no,,,,0,4,yes,yes,1019,not started,0,,
3774,BD Diesel Sway Bar End Link Bushing Kit Dodge Cummins 2013+ — 1312068,suspension,Brand New,P3,suspension-kit,yes,derived,unconfirmed,suspension,0,2,yes,yes,974,original text kept; sections added from the listing's own statements,0,package contents; specifications,batch-2
3775,BD Diesel Sway Bar End Link Bushing Kit Dodge Cummins 2010–2012 — 1312062,suspension,Brand New,P3,suspension-kit,yes,derived,unconfirmed,suspension,0,2,yes,yes,949,original text kept; sections added from the listing's own statements,0,package contents; specifications,batch-2
3776,BD Diesel Tie Rod Kit Chevy/GM Duramax 2500 HD / 3500HD Silverado/sierra 2011–2024 — 1032124,suspension,Brand New,P3,suspension-kit,yes,derived,unconfirmed,suspension,0,4,yes,yes,1086,original text kept; sections added from the listing's own statements,0,package contents,batch-2
3777,BD Diesel Sway Bar End Link Kit Dodge/RAM 2500 4wd 2014–2025 & 3500 4wd 2013–2025 — 1032052,suspension,Brand New,P3,suspension-kit,yes,derived,unconfirmed,suspension,0,4,yes,yes,1026,original text kept; sections added from the listing's own statements,0,package contents,batch-2
3778,BD Diesel Exhaust Brake (remote) w/NON-VGT Turbo & 4-INCH Exhaust KIT with AIR Compressor Dodge 6.7L Cummins 2007.5-2017 — 1027344,engine,Brand New,P5,,no,,,,0,2,yes,yes,1245,not started,0,,
3779,BD Diesel TS Booster V3.0 Vw/audi/porsche — 1057942,electronics,Brand New,P5,,no,,,,0,2,yes,yes,1082,not started,0,,
3780,BD Diesel Sway Bar End Link Kit Dodge/RAM 2500 4wd 2010–2013 & 3500 4wd 2010–2012 — 1032051,suspension,Brand New,P3,suspension-kit,yes,derived,unconfirmed,suspension,0,2,yes,yes,990,original text kept; sections added from the listing's own statements,0,package contents; specifications,batch-2
3781,BD Diesel TS Booster V3.0 Chevy/GMC/Dodge/Jeep/Fiat/Nissan (Check application listings) — 1057938,electronics,Brand New,P5,,no,,,,0,2,yes,yes,1086,not started,0,,
3782,BD Diesel Screamer Turbo Ford Pick-up 6.7L Power Stroke F-250 / F-350 2015–2016 — 1045828,turbocharger,Brand New,P2,turbo-supercharger,yes,derived,unconfirmed,turbocharger,0,2,yes,yes,935,original text kept; sections added from the listing's own statements,0,package contents; specifications,batch-1
3783,BD Diesel Screamer Turbo Ford 6.7L Power Stroke F-250 / F-350 / F-450 / F-550 Pick-up & Cab-Chassis 2017–2019 — 1045827,turbocharger,Brand New,P2,turbo-supercharger,yes,derived,unconfirmed,turbocharger,0,2,yes,yes,1001,original text kept; sections added from the listing's own statements,0,package contents; specifications,batch-1
3784,BD Diesel Exhaust Brake (remote) w/NON-VGT Turbo & 5-INCH Exhaust KIT with AIR Compressor Dodge 6.7L Cummins 2007.5-2017 — 1027345,engine,Brand New,P5,,no,,,,0,2,yes,yes,1245,not started,0,,
3785,BD Diesel Exhaust Manifold Bolt & Spacer Kit - Ford F-250/F-350 6.0L Power Stroke 2003–2007 — 1041483,engine,Brand New,P5,,no,,,,0,2,yes,yes,1078,not started,0,,
3786,BD Diesel Stud Install Tool M8x1.25 — 1462434,engine,Brand New,P5,,no,,,,0,2,yes,yes,1077,not started,0,,
3787,BD Diesel Track Bar Sleeve 16mm (1032013-F Kit) Dodge 2007–2012 — 1302058,suspension,Brand New,P3,suspension-kit,yes,derived,unconfirmed,suspension,0,2,yes,yes,955,original text kept; sections added from the listing's own statements,0,package contents; specifications,batch-2
3788,BD Diesel TS Booster V3.0 Toyota/Subaru (Check application listings) — 1057940,electronics,Brand New,P5,,no,,,,0,2,yes,yes,1084,not started,0,,
3789,BD Diesel TS Booster V3.0 Toyota (Check application listings) — 1057939,electronics,Brand New,P5,,no,,,,0,2,yes,yes,1014,not started,0,,
3790,BD Diesel TS Booster V3.0 Chevy/GMC (Check application listings) — 1057937,electronics,Brand New,P5,,no,,,,0,2,yes,yes,1160,not started,0,,
3791,BD Diesel Turbo Stock Replacement HE351 Dodge Pick-up 6.7L Cummins 2007.5-2012 — 1045775,turbocharger,Refurbished,P2,turbo-supercharger,yes,derived,unconfirmed,turbocharger,0,2,yes,yes,919,original text kept; sections added from the listing's own statements,0,package contents; specifications,batch-1
3792,BD Diesel Cam Caster Adjusting Kit - Ford Power Stroke F-250/F-350 4wd & F-450/F-550 2wd/4wd 2011–2022 — 1032103,suspension,Brand New,P3,suspension-kit,yes,derived,unconfirmed,suspension,0,4,yes,yes,1096,original text kept; sections added from the listing's own statements,0,package contents,batch-2
3793,BD Diesel Screamer Stage 2 GT37 Retrofit Turbo Kit - Ford 6.7L Power Stroke F-250/F-350 2011–2014 & F-450/F-550 2011–2016 — 1045825,turbocharger,Brand New,P2,turbo-supercharger,yes,derived,unconfirmed,turbocharger,0,2,yes,yes,1035,original text kept; sections added from the listing's own statements,0,package contents; specifications,batch-1
3794,BD Diesel Exhaust Manifold Bolt and Spacer Kit Dodge 5.9L/6.7L Cummins 1998.5-2024 — 1045982,engine,Brand New,P5,,no,,,,0,2,yes,yes,1081,not started,0,,
3795,BD Diesel Track Bar Kit Ford Superduty F-250/F-350 4wd 2017–2026 — 1032111,suspension,Brand New,P3,suspension-kit,yes,derived,unconfirmed,suspension,0,4,yes,yes,1013,original text kept; sections added from the listing's own statements,0,package contents,batch-2
3796,BD Diesel Flexplate w/6-bolt converter Ford 6.7L Power Stroke 6R140 2011–2019 — 1041245,transmission,Brand New,P5,,no,,,,0,4,yes,yes,994,not started,0,,
3797,BD Diesel Howler VGT Complete Install Kit with Controller Dodge 5.9L Cummins 2003–2007 — 1047136,turbocharger,Brand New,P5,,no,,,,0,2,yes,yes,925,not started,0,,
3798,BD Diesel Howler VGT Controller Kit Dodge 5.9L Cummins 2003–2007 — 1047135,turbocharger,Brand New,P5,,no,,,,0,2,yes,yes,903,not started,0,,
3799,BD Diesel Screamer Turbo Chevy LLY/LBZ/LMM Duramax 2004.5-2010 — 1045840,turbocharger,Brand New,P2,turbo-supercharger,yes,derived,unconfirmed,turbocharger,0,2,yes,yes,1202,original text kept; sections added from the listing's own statements,0,package contents; specifications,batch-1
3800,BD Diesel Auto/PressueLoc Ford 6.0L Power Stroke 5R110 2003–2007 — 1031300,transmission,Brand New,P5,,no,,,,0,2,yes,yes,899,not started,0,,
3801,BD Diesel Exchange Turbo GTP38 Pick-up w/o Pedestal Ford 7.3L Power Stroke 1999.5-2003 — 702011-9011-B,turbocharger,Refurbished,P2,turbo-supercharger,yes,derived,unconfirmed,turbocharger,0,2,yes,yes,921,original text kept; sections added from the listing's own statements,0,package contents; specifications,batch-1
3802,BD Diesel Exhaust Brake Vac/Turbo Mount Dodge Cummins 1999–2002 — 2033137,engine,Brand New,P5,,no,,,,0,2,yes,yes,1240,not started,0,,
3803,BD Diesel Exhaust Brake 60psi Vac/Turbo Mount Dodge Cummins 1994–1998 — 2033135,engine,Brand New,P5,,no,,,,0,2,yes,yes,1270,not started,0,,
3804,BD Diesel Exhaust Brake 325hp Air/turbo Mount Dodge Cummins 2004.5-2005 — 2023331,engine,Brand New,P5,,no,,,,0,2,yes,yes,1196,not started,0,,
3805,BD Diesel Exhaust Brake Air/turbo Mount Dodge Cummins 2006–2007 — 2023330,engine,Brand New,P5,,no,,,,0,2,yes,yes,1188,not started,0,,
3806,BD Diesel Exhaust Brake Air/turbo Mount Ford 7.3L Power Stroke 1999–2003 — 2023144,engine,Brand New,P5,,no,,,,0,2,yes,yes,1214,not started,0,,
3807,BD Diesel Exhaust Brake Air/turbo Mount Dodge Cummins 2003–2004 — 2023138,engine,Brand New,P5,,no,,,,0,2,yes,yes,1188,not started,0,,
3808,BD Diesel Exhaust Brake Ford F-250/F-350 6.7L Power Stroke 2011–2014 — 2001102,engine,Brand New,P5,,no,,,,0,2,yes,yes,1210,not started,0,,
3809,BD Diesel Exhaust Brake Variable Vane Exhaust Ford 6.4L 2008–2010 — 2001100,engine,Brand New,P5,,no,,,,0,2,yes,yes,1243,not started,0,,
3810,"BD Diesel Install KIT, HP/LP Turbo - Ford 2008–2010 6.4L Power Stroke — 179618",turbocharger,Refurbished,P5,,no,,,,0,2,yes,yes,883,not started,0,,
3811,BD Diesel Sway Bar End Link Bushing Kit Dodge Cummins 2000–2009 — 1312051,suspension,Brand New,P3,suspension-kit,yes,derived,unconfirmed,suspension,0,4,yes,yes,1014,original text kept; sections added from the listing's own statements,0,package contents,batch-2
3812,BD Diesel Track Bar Poly Bushing Kit 1032110/1032111 Ford — 1303104-KT,suspension,Brand New,P3,suspension-kit,yes,derived,unconfirmed,suspension,0,2,yes,yes,1011,original text kept; sections added from the listing's own statements,0,package contents; specifications,batch-2
3813,BD Diesel Track Bar Bushing Set 1032011-F/1032013-F Dodge Cummins — 1302033-1,suspension,Brand New,P3,suspension-kit,yes,derived,unconfirmed,suspension,0,2,yes,yes,986,original text kept; sections added from the listing's own statements,0,package contents; specifications,batch-2
3814,"BD Diesel Push/Pull Switch Kit, Exhaust Brake 3/4in Manual Lever — 1300240",engine,Brand New,P5,,no,,,,0,2,yes,yes,1373,not started,0,,
3815,BD Diesel Exhaust Brake Push/Pull Switch Kit 5/8 Shift Lever — 1300210,engine,Brand New,P5,,no,,,,0,2,yes,yes,1284,not started,0,,
3816,BD Diesel Rear Differential Cover Sterling 12-10.25/10.5 Ford F-250/F-350 1989–2016 & F-250 2017–2024 — 1061830,suspension,Brand New,P5,,no,,,,0,4,yes,yes,1072,not started,0,,
3817,BD Diesel Differential Cover Pack Front AA 12-9.25 & Rear AA 14-11.5 Dodge 2500 2014–2018 / 3500 2013–2018 — 1061829,suspension,Brand New,P5,,no,,,,0,2,yes,yes,991,not started,0,,
3818,BD Diesel Front Differential Cover AA 12-9.25 Dodge 2500 2014–2022 / 3500 2013–2022 — 1061828,suspension,Brand New,P5,,no,,,,0,4,yes,yes,998,not started,0,,
3819,BD Diesel Differential Cover Pack Front AA 14-9.25 & Rear AA 14-11.5 Dodge 2500/3500 Cummins 2003–2013 — 1061827,suspension,Brand New,P5,,no,,,,0,4,yes,yes,1000,not started,0,,
3820,BD Diesel Front Differential Cover AA 14-9.25 Dodge 2500/3500 2003–2013 — 1061826,suspension,Brand New,P5,,no,,,,0,4,yes,yes,969,not started,0,,
3821,BD Diesel Rear Differential Cover AA14-11.5 Dodge Cummins 2003–2018 / Chevy Duramax 2001–2018 — 1061825,suspension,Brand New,P5,,no,,,,0,4,yes,yes,1106,not started,0,,
3822,BD Diesel Cool Cover (Set of 6) Dodge 12-valve 5.9L Cummins 1988–1998 — 1061800-6,transmission,Brand New,P5,,no,,,,0,2,yes,yes,1021,not started,0,,
3823,BD Diesel Cool Cover (Single) Dodge 12-valve 5.9L Cummins 1988–1998 — 1061800,transmission,Brand New,P5,,no,,,,0,2,yes,yes,1013,not started,0,,
3824,BD Diesel Deep Sump Trans Pan Ford Power Stroke 6R140 2011–2019 — 1061720,transmission,Brand New,P5,,no,,,,0,4,yes,yes,1015,not started,0,,
3825,BD Diesel Deep Sump Trans Pan Ford Power Stroke E4OD/4R100/5R110 1989–2010 — 1061716,transmission,Brand New,P5,,no,,,,0,4,yes,yes,1045,not started,0,,
3826,BD Diesel Deep Sump Trans Pan Chevy Duramax Allison 1000 — 1061650,transmission,Brand New,P5,,no,,,,0,2,yes,yes,1064,not started,0,,
3827,BD Diesel Deep Sump Trans Pan Dodge Cummins 727/518/47RH/47RE/48RE 1989–2007 — 1061501,transmission,Brand New,P5,,no,,,,0,4,yes,yes,991,not started,0,,
3828,BD Diesel Pressure Valve Body Electronics Upgrade Dodge Cummins 47RE/48RE 2000–2007 — 1060605,transmission,Refurbished,P5,,no,,,,0,4,yes,yes,929,not started,0,,
3829,BD Diesel Pressure Transducer Upgrade Kit Dodge Diesel/Gas 47RE/48RE/46RE/44RE/42RE 2000–2007 — 1060602,transmission,Refurbished,P5,,no,,,,0,4,yes,yes,939,not started,0,,
3830,BD Diesel Throttle Sensitivity Booster Chevy/GMC Duramax 2001–2005 (Check application listings) — 1057735,electronics,Brand New,P5,,no,,,,0,2,yes,yes,994,not started,0,,
3831,BD Diesel Top Speed Eliminator w/RAD Technology Dodge Cummins 2000.5-2003 — 1057650,electronics,Brand New,P5,,no,,,,0,2,yes,yes,982,not started,0,,
3832,BD Diesel Turbo Turnbuckle 5/16NF Rod w/Pin w/Aftermarket Turbo or Wastegate Chevy LB7 Duramax 2001–2004 — 1047116,turbocharger,Brand New,P5,,no,,,,0,2,yes,yes,980,not started,0,,
3833,"BD Diesel Turbo Turnbuckle 5/16NF Rod w/.250"" Hole w/Aftermarket Turbo or Wastegate Ford 7.3L/6.0L Power Stroke 1999.5-2007 — 1047115",turbocharger,Brand New,P5,,no,,,,0,2,yes,yes,951,not started,0,,
3834,"BD Diesel Turbo Turnbuckle 5/16NF Rod w/.320"" Hole w/Holset or Aftermarket Turbo/Wastegate Dodge 5.9L Cummins 1994–2007 — 1047110",turbocharger,Brand New,P5,,no,,,,0,4,yes,yes,1054,not started,0,,
3835,BD Diesel Exhaust Manifold Gasket Set Stock Mount Dodge 6.7L Cummins 2007.5-2018 — 1045992,engine,Brand New,P5,,no,,,,0,2,yes,yes,1050,not started,0,,
3836,BD Diesel HY35 X-Hook Turbo Wastegate Control Dodge 5.9L Cummins 2001–2002 — 1045991,turbocharger,Brand New,P5,,no,,,,0,2,yes,yes,879,not started,0,,
3837,BD Diesel Common Rail Cummins Exhaust Manifold T4 Mount Dodge 5.9L Cummins 2003–2007 — 1045987-T4,engine,Brand New,P5,,no,,,,0,2,yes,yes,1063,not started,0,,
3838,BD Diesel Common Rail Exhaust Manifold Stock Mount Dodge 5.9L Cummins 2003–2007 — 1045987,engine,Brand New,P5,,no,,,,0,2,yes,yes,1049,not started,0,,
3839,BD Diesel Exhaust Manifold Gasket Set T6 Mount Dodge 5.9L/6.7L Cummins 1998.5-2018 — 1045986-T6,engine,Brand New,P5,,no,,,,0,2,yes,yes,1161,not started,0,,
3840,BD Diesel Exhaust Manifold Gasket Set T4 Mount Dodge 5.9L/6.7L Cummins 1998.5-2018 — 1045986-T4,engine,Brand New,P5,,no,,,,0,2,yes,yes,1161,not started,0,,
3841,BD Diesel Exhaust Manifold Gasket Set Stock Mount Dodge 24-valve 5.9L Cummins 1998.5-2007 — 1045986,engine,Brand New,P5,,no,,,,0,2,yes,yes,1140,not started,0,,
3842,BD Diesel Exhaust Manifold Gasket Set Stock Mount Dodge 12-valve 5.9L Cummins 1988–1998 — 1045981,engine,Brand New,P5,,no,,,,0,2,yes,yes,1153,not started,0,,
3843,BD Diesel Pulse Exhaust Manifold Stock/t3 Dodge 24-valve 5.9L Cummins 1998.5-2002 — 1045947,engine,Brand New,P5,,no,,,,0,2,yes,yes,1103,not started,0,,
3844,BD Diesel Screamer Stage 2 Performance GT37 Turbo Ford 6.0L Power Stroke 2003–2007 — 1045821,turbocharger,Brand New,P2,turbo-supercharger,yes,derived,unconfirmed,turbocharger,0,2,yes,yes,938,original text kept; sections added from the listing's own statements,0,package contents; specifications,batch-1
3845,BD Diesel Turbo Stock Replacement HE300VG Dodge Pick-up 6.7L Cummins 2013–2018 — 1045778,turbocharger,Refurbished,P2,turbo-supercharger,yes,derived,unconfirmed,turbocharger,0,2,yes,yes,878,original text kept; sections added from the listing's own statements,0,package contents; specifications,batch-1
3846,BD Diesel Screamer HE300VG Turbo Dodge 6.7L Cummins 2013–2018 — 1045771,turbocharger,Brand New,P2,turbo-supercharger,yes,derived,unconfirmed,turbocharger,0,2,yes,yes,900,original text kept; sections added from the listing's own statements,0,package contents; specifications,batch-1
3847,BD Diesel Exhaust Manifold Kit - Ford 6.7L Power Stroke F-250 / F-350 Pick-up 2011–2014 & F-350 / F-450 / F-550 Cab & Chassis 2011–2016 — 1043007,engine,Brand New,P5,,no,,,,0,2,yes,yes,1177,not started,0,,
3848,BD Diesel Exhaust Manifold Driver Side Ford 6.7L Power Stroke F-250 / F-350 / F-450 / F-550 / F-650 / F-750 Super Duty 2011–2019 — 1043006,engine,Brand New,P5,,no,,,,0,4,yes,yes,1238,not started,0,,
3849,BD Diesel Flexplate Chevy Duramax Allison 2001–2019 — 1041260,transmission,Brand New,P5,,no,,,,0,4,yes,yes,1081,not started,0,,
3850,BD Diesel Flexplate Ford 6.0L Power Stroke 5R110 2003–2007 — 1041242,transmission,Brand New,P5,,no,,,,0,2,yes,yes,890,not started,0,,
3851,BD Diesel Flexplate Ford 6.4L Power Stroke 5R110 2008–2010 — 1041240,transmission,Brand New,P5,,no,,,,0,2,yes,yes,890,not started,0,,
3852,BD Diesel HI5 12-Bolt Flexplate Dodge 5.9L Cummins 47RH/47RH/48RE 1994–2007 — 1041212,transmission,Brand New,P5,,no,,,,0,2,yes,yes,890,not started,0,,
3853,BD Diesel Flexplate Dodge 5.9L Cummins 47RH/47RE/48RE 1994–2007 — 1041210,transmission,Brand New,P5,,no,,,,0,2,yes,yes,878,not started,0,,
3854,BD Diesel Exhaust Brake 4-inch Exhaust Remote Mount Vacuum Controlled Ford 7.3L Power Stroke 1994–1997 — 1037144,engine,Brand New,P5,,no,,,,0,2,yes,yes,1258,not started,0,,
3855,BD Diesel Exhaust Brake Truck/Van Remote Mount Vacuum Controlled Ford 7.3L Power Stroke 1994–1997 — 1037143,engine,Brand New,P5,,no,,,,0,2,yes,yes,1253,not started,0,,
3856,BD Diesel Exhaust Brake w/APPS Remote Mount Vacuum Controlled 60psi 4-INCH Exhuast Dodge 24-VALVE 5.9L Cummins 1998.5-2002 — 1037136,engine,Brand New,P5,,no,,,,0,2,yes,yes,1328,not started,0,,
3857,BD Diesel Exhaust Brake No APPS Remote Mount Vacuum Controlled 60psi 4inch Exhaust Dodge 12-valve 5.9L Cummins 1989–1998 — 1037135,engine,Brand New,P5,,no,,,,0,2,yes,yes,1341,not started,0,,
3858,BD Diesel High Idle Kit Duramax 2500 HD/3500 HD 2008–2019 & 4500 HD/5500 HD/6500 HD 2019 — 1036627,electronics,Brand New,P5,,no,,,,0,4,yes,yes,931,not started,0,,
3859,BD Diesel High Idle Kit Dodge/RAM 5.9L-6.7L Cummins / Chevy-GMC Duramax — 1036622,electronics,Brand New,P5,,no,,,,0,2,yes,yes,856,not started,0,,
3860,BD Diesel High Idle Kit Dodge 5.9L Cummins 2005–2006 — 1036621,electronics,Brand New,P5,,no,,,,0,2,yes,yes,771,not started,0,,
3861,BD Diesel High Idle Kit Dodge 5.9L Cummins 24-valve & CR w/ Bell Rank mounted APPS 1998.5-2004 — 1036620,electronics,Brand New,P5,,no,,,,0,2,yes,yes,894,not started,0,,
3862,BD Diesel High Idle Control Ford 6.7L Power Stroke F-Series SuperDuty F-250 / F-350 / F-450 / F-550 / F-600 2017–2022 — 1036612,electronics,Brand New,P5,,no,,,,0,2,yes,yes,926,not started,0,,
3863,BD Diesel High Idle Switch Ford 6.0L/6.4L/6.7L Power Stroke F-250/F-350/F-450/F-550 2005–2016 & 6.7L/6.8L/7.3L F-650/F-750 2016–2024 — 1036610,electronics,Brand New,P5,,no,,,,0,4,yes,yes,965,not started,0,,
3864,BD Diesel High Idle Control - Automatic Transmission- Ford 6.0L PowerStoke F-Series Pick-Up 2003–2004 — 1036609,electronics,Brand New,P5,,no,,,,0,2,yes,yes,837,not started,0,,
3865,BD Diesel High Idle Control Chevy LBZ Duramax 2006–2007 — 1036606,electronics,Brand New,P5,,no,,,,0,2,yes,yes,922,not started,0,,
3866,BD Diesel High Idle Control - Automatic w/Cruise Control - Chevy LLY Duramax 2004–2006 — 1036605,electronics,Brand New,P5,,no,,,,0,2,yes,yes,893,not started,0,,
3867,BD Diesel High Idle Control Chevy/GMC LB7 Duramax 2001–2004 — 1036600,electronics,Brand New,P5,,no,,,,0,2,yes,yes,849,not started,0,,
3868,BD Diesel Traction Bars Kit Dodge Cummins 2500/3500 w/o OEM Rear Airbags 2003–2018 — 1032130,suspension,Brand New,P3,suspension-kit,yes,derived,unconfirmed,suspension,0,4,yes,yes,1010,original text kept; sections added from the listing's own statements,0,package contents,batch-2
3869,BD Diesel Track Bar Kit Ford Superduty F-250/F-350 4wd 2005–2016 & F-450/F-550 2wd/4wd 2005–2026 — 1032110,suspension,Brand New,P3,suspension-kit,yes,derived,unconfirmed,suspension,0,4,yes,yes,1071,original text kept; sections added from the listing's own statements,0,package contents,batch-2
3870,BD Diesel Control Arm Caster Adjusting Cam Ford 2005–2010 Super Duty F-250/F-350/F-450 Pick-up/Cab-Chassis — 1032100,suspension,Brand New,P5,,no,,,,0,4,yes,yes,1088,not started,0,,
3871,BD Diesel Sway Bar End Link Kit Dodge Cummins 2500/3500 4wd 2000–2009 — 1032050,suspension,Brand New,P3,suspension-kit,yes,derived,unconfirmed,suspension,0,4,yes,yes,991,original text kept; sections added from the listing's own statements,0,package contents,batch-2
3872,BD Diesel Track Bar Kit Dodge/RAM 4wd 2500 2003–2013 / 3500 2003–2012 — 1032013-F,suspension,Brand New,P3,suspension-kit,yes,derived,unconfirmed,suspension,0,4,yes,yes,1003,original text kept; sections added from the listing's own statements,0,package contents,batch-2
3873,BD Diesel Track Bar Kit Dodge Cummins 2500/3500 4wd 1994–2002 — 1032011-F,suspension,Brand New,P3,suspension-kit,yes,derived,unconfirmed,suspension,0,4,yes,yes,1012,original text kept; sections added from the listing's own statements,0,package contents,batch-2
3874,BD Diesel Steering Box Stabilizer Bar Dodge Cummins 2500/3500 4wd 1994–2002|1500 1994–2001 — 1032004,suspension,Brand New,P5,,no,,,,0,4,yes,yes,1050,not started,0,,
3875,BD Diesel Steering Box Stabilizer Bar Dodge Cummins 2500/3500 4wd 2003–2025 — 1032003,suspension,Brand New,P5,,no,,,,0,4,yes,yes,1003,not started,0,,
3876,BD Diesel Steering Box Stabilizer Bar Dodge Cummins 2500/3500 2wd 1994–2002|1500 1994–2001 — 1032002,suspension,Brand New,P5,,no,,,,0,4,yes,yes,1050,not started,0,,
3877,BD Diesel TapShifter with Valve Body Dodge Cummins 48RE 2003–2007 — 1031382,transmission,Brand New,P5,,yes,derived,listed,,1,2,yes,yes,996,original text kept; sections added from the listing's own statements,1,specifications,batch-2 (stated only)
3878,BD Diesel TapShifter Ford F-250/F-350 6.4L Power Stroke 2008–2010 — 1031370,transmission,Brand New,P5,,yes,derived,listed,,1,2,yes,yes,1013,original text kept; sections added from the listing's own statements,1,specifications,batch-2 (stated only)
3879,BD Diesel TapShifter/Exhaust Brake Ford F-250/F-350 6.0L Power Stroke 2003–2007 — 1031369,transmission,Brand New,P5,,yes,derived,listed,,1,2,yes,yes,1027,original text kept; sections added from the listing's own statements,1,specifications,batch-2 (stated only)
3880,BD Diesel TapShifter Chevy Duramax Allison 2003–2005 — 1031361,transmission,Brand New,P5,,yes,derived,listed,,1,2,yes,yes,1054,original text kept; sections added from the listing's own statements,1,specifications,batch-2 (stated only)
3881,BD Diesel TapShifter Chevy Duramax Allison 2001–2002 — 1031360,transmission,Brand New,P5,,yes,derived,listed,,1,2,yes,yes,1054,original text kept; sections added from the listing's own statements,1,specifications,batch-2 (stated only)
3882,BD Diesel Transmission Pressure Controller Ford 6.7L Power Stroke 6R140 2011–2019 — 1031320,transmission,Brand New,P5,,no,,,,0,2,yes,yes,916,not started,0,,
3883,"BD Diesel Rocker Switch Kit, Exhaust Brake - 3/4 Manual Lever — 1030910",engine,Brand New,P5,,no,,,,0,2,yes,yes,1370,not started,0,,
3884,"BD Diesel Rocker Switch Kit, Exhaust Brake - 5/8 Manual Lever — 1030900",engine,Brand New,P5,,no,,,,0,2,yes,yes,1333,not started,0,,
3885,BD Diesel Brakeloc Manual Transmission Ford 7.3L Power Stroke 1994–2003 — 1030755,engine,Brand New,P5,,no,,,,0,2,yes,yes,1281,not started,0,,
3886,BD Diesel Brakeloc Automatic Transmission Ford 7.3L Power Stroke 1995–2003 — 1030750,engine,Brand New,P5,,no,,,,0,2,yes,yes,1284,not started,0,,
3887,BD Diesel Transmission Pressure Controller Dodge 6.7L Cummins 68RFE 2007.5-2018 — 1030369,transmission,Brand New,P5,,no,,,,0,2,yes,yes,897,not started,0,,
3888,BD Diesel Electronic PressureLoc Dodge 6.7L Cummins 68RFE 2007.5-2018 — 1030368-V2,transmission,Brand New,P5,,no,,,,0,2,yes,yes,896,not started,0,,
3889,BD Diesel Electronic Pressure Control Dodge Cummins 48RE 2005–2007 — 1030348,transmission,Brand New,P5,,no,,,,0,2,yes,yes,890,not started,0,,
3890,BD Diesel Valve Spring Kit (60lbs) Dodge 2500/3500 12 Valve 5.9L Cummins 1988–1998 — 1030060,engine,Brand New,P5,,no,,,,0,2,yes,yes,1303,not started,0,,
3891,BD Diesel Exhaust Brake (remote) with AIR Compressor Dodge 5.9L Cummins 2003–2005 — 1027338,engine,Brand New,P5,,no,,,,0,2,yes,yes,1206,not started,0,,
3892,BD Diesel Exhaust Brake (remote) with AIR Compressor Dodge 5.9L Cummins 2006–2007 — 1027330,engine,Brand New,P5,,no,,,,0,2,yes,yes,1212,not started,0,,
3893,BD Diesel Exhaust Brake (remote) with AIR Compressor FORD 6.7L Power Stroke 2011–2016 — 1027150,engine,Brand New,P5,,no,,,,0,2,yes,yes,1227,not started,0,,
3894,BD Diesel Exhaust Brake (remote) 4-INCH Exhaust with AIR Compressor FORD 7.3L Power Stroke 1999–2003 — 1027144,engine,Brand New,P5,,no,,,,0,2,yes,yes,1242,not started,0,,
3896,BD Diesel Essential Short Block Engine Dodge/RAM 6.7L Cummins 2013–2018 — DJPSB100022,engine,Refurbished,P1,engine-assembly,yes,derived,unconfirmed,engine,0,2,yes,yes,1008,original text kept; sections added from the listing's own statements,0,package contents; specifications,batch-1
3897,BD Diesel Essential Short Block Engine Dodge/RAM 6.7L Cummins 2007.5-2012 — DJPSB100021,engine,Refurbished,P1,engine-assembly,yes,derived,unconfirmed,engine,0,2,yes,yes,1010,original text kept; sections added from the listing's own statements,0,package contents; specifications,batch-1
3898,BD Diesel Essential Short Block Engine Dodge/RAM 5.9L Cummins 2004.5-2007 — DJPSB100020,engine,Refurbished,P1,engine-assembly,yes,derived,unconfirmed,engine,0,2,yes,yes,998,original text kept; sections added from the listing's own statements,0,package contents; specifications,batch-1
3899,BD Diesel Essential Short Block Engine Dodge/RAM 5.9L Cummins 2003–2004 — DJPSB100019,engine,Refurbished,P1,engine-assembly,yes,derived,unconfirmed,engine,0,2,yes,yes,996,original text kept; sections added from the listing's own statements,0,package contents; specifications,batch-1
3900,BD Diesel Precision Plus Short Block Engine Dodge/RAM 5.9L Cummins 2003–2004 — DJPSB100018,engine,Refurbished,P1,engine-assembly,yes,derived,unconfirmed,engine,0,2,yes,yes,1001,original text kept; sections added from the listing's own statements,0,package contents; specifications,batch-1
3901,BD Diesel Precision Plus Short Block Engine Dodge/RAM 6.7L Cummins 2013–2018 — DJPSB100008,engine,Refurbished,P1,engine-assembly,yes,derived,unconfirmed,engine,0,2,yes,yes,1013,original text kept; sections added from the listing's own statements,0,package contents; specifications,batch-1
3902,BD Diesel Precision Plus Short Block Engine Dodge/RAM 5.9L Cummins 2004.5-2007 — DJPSB100005,engine,Refurbished,P1,engine-assembly,yes,derived,unconfirmed,engine,0,2,yes,yes,1003,original text kept; sections added from the listing's own statements,0,package contents; specifications,batch-1
3903,BD Diesel Precision Plus Short Block Engine Dodge/RAM 6.7L Cummins 2007.5-2012 — DJPSB100004,engine,Refurbished,P1,engine-assembly,yes,derived,unconfirmed,engine,0,2,yes,yes,1015,original text kept; sections added from the listing's own statements,0,package contents; specifications,batch-1
3904,"BD Diesel Proforce Torque Converter Dodge 1994–2007 47RH/47RE/48RE, Low — 1070247LX",engine,Brand New,P5,,no,,,,0,3,yes,yes,372,not started,0,,
3905,"BD Diesel Proforce Torque Converter Dodge 1994–2007 47RH/47RE/48RE, High — 1070247X-HS",engine,Brand New,P5,,no,,,,0,3,yes,yes,382,not started,0,,
3906,"BD Diesel 6.4L Power Stroke Screamer V2S Twin Turbo Kit Ford 2008–2010, W/O Intake System — 1047083",engine,Brand New,P2,turbo-supercharger,yes,derived,unconfirmed,turbocharger,0,3,yes,yes,443,original text kept; sections added from the listing's own statements,0,package contents,batch-1
3907,"BD Diesel 6.4L Power Stroke Screamer V2S Twin Turbo Kit Ford 2008–2010, with Intake System — 1047082",engine,Brand New,P2,turbo-supercharger,yes,derived,unconfirmed,turbocharger,0,3,yes,yes,447,original text kept; sections added from the listing's own statements,0,package contents,batch-1
3908,BD Diesel Screamer Stage 1 GT37 Retrofit Turbo Kit Ford 6.7L Power Stroke F-250/350 2011-14 & F-450/550 2011-16 — 1045824,engine,Brand New,P2,turbo-supercharger,yes,explicit entry,unconfirmed,turbocharger,0,1,yes,yes,435,original text kept; sections added from the listing's own statements,0,package contents; specifications,pilot
3909,BD Diesel Precision Plus Ready Run Engine Dodge RAM 2500/3500 5.9L Cummins 2006–2007 — DJPLB100097,engine,Refurbished,P1,engine-assembly,yes,explicit entry,listed,engine,12,2,yes,yes,1009,original text kept; sections added from the listing's own statements,1,specifications,pilot
3910,BD Diesel Billet Input Shaft Dodge Cummins 68RFE 2007.5-2024 — 1600189,transmission,Brand New,P5,,no,,,,0,2,yes,yes,909,not started,0,,
3911,BD Diesel Billet Intermediate Shaft Dodge Cummins 47RE/47RH/48RE 1994–2007 — 1600117,transmission,Brand New,P5,,no,,,,0,2,yes,yes,923,not started,0,,
3912,BD Diesel Billet Output Shaft Dodge Cummins 47RE/48RE 4wd 1996–2007 — 1600116,transmission,Brand New,P5,,no,,,,0,2,yes,yes,916,not started,0,,
3913,BD Diesel Billet Input Shaft Dodge Cummins 47RE/47RH/48RE 1994–2007 — 1600115,transmission,Brand New,P5,,no,,,,0,2,yes,yes,939,not started,0,,
3914,BD Diesel Big Stack Shaft & Drum Kit - Dodge Cummins 68RFE 2007.5-2024 — 1062036,transmission,Brand New,P5,,no,,,,0,2,yes,yes,942,not started,0,,
3915,BD Diesel Billet Overdrive Reaction Plates Dodge 6.7L Cummins 68RFE 2007.5-2018 — 1062034,transmission,Brand New,P5,,no,,,,0,2,yes,yes,928,not started,0,,
3916,BD Diesel Intercooler Hose & Clamp Kit Ford 6.4L Power Stroke 2008–2010 — 1047037,engine,Brand New,P3,cooling-kit,yes,derived,unconfirmed,cooling,0,2,yes,yes,856,original text kept; sections added from the listing's own statements,0,package contents; specifications,batch-2
3917,BD Diesel Intercooler Hose & Clamp Kit Ford 6.0L Power Stroke 2003–2007 — 1047035,engine,Brand New,P3,cooling-kit,yes,derived,unconfirmed,cooling,0,2,yes,yes,856,original text kept; sections added from the listing's own statements,0,package contents; specifications,batch-2
3918,BD Diesel Intercooler Hose & Clamp Kit w/Intake Pipe Ford 6.0L Power Stroke 2003–2007 — 1047034,engine,Brand New,P3,cooling-kit,yes,derived,unconfirmed,cooling,0,2,yes,yes,870,original text kept; sections added from the listing's own statements,0,package contents; specifications,batch-2
3919,BD Diesel Intake Clamp Kit Ford 7.3L Power Stroke 1999.5-2003 — 1047020,engine,Brand New,P5,,no,,,,0,2,yes,yes,876,not started,0,,
3920,BD Diesel Billet Wheel & Waste Gate Combo Kit w/OEM or Garrett Replacement Turbo Ford 7.3L Power Stroke 1999.5-2003 — 1047002,turbocharger,Brand New,P2,turbo-supercharger,yes,derived,unconfirmed,turbocharger,0,2,yes,yes,945,original text kept; sections added from the listing's own statements,0,package contents; specifications,batch-1
3921,BD Diesel Billet Turbo Compressor Wheel w/OEM or Garrett Replacement Turbo Ford 7.3L Power Stroke 1999.5-2003 — 1047001,turbocharger,Brand New,P2,turbo-supercharger,yes,derived,unconfirmed,turbocharger,0,2,yes,yes,939,original text kept; sections added from the listing's own statements,0,package contents; specifications,batch-1
3922,BD Diesel Intercooler Hose & Clamp Kit Chevy Duramax (Driver's Side) 2006–2010 — 1046277,engine,Brand New,P3,cooling-kit,yes,derived,unconfirmed,cooling,0,2,yes,yes,1043,original text kept; sections added from the listing's own statements,0,package contents; specifications,batch-2
3923,BD Diesel Intercooler Hose & Clamp Kit Chevy LB7 Duramax 2001–2004 — 1046275,engine,Brand New,P3,cooling-kit,yes,derived,unconfirmed,cooling,0,2,yes,yes,905,original text kept; sections added from the listing's own statements,0,package contents; specifications,batch-2
3924,BD Diesel Screamer Turbo Manifold Package RAM 2500/3500 6.7L Cummins 2019–2024 — 1045872,engine,Brand New,P4,,no,,,,0,1,yes,yes,327,not started,0,,
3925,BD Diesel Super B Special SX-E S363 Turbo Kit Dodge 5.9L Cummins 1994–2002 — 1045257,engine,Brand New,P2,turbo-supercharger,yes,derived,unconfirmed,turbocharger,0,1,yes,yes,404,original text kept; sections added from the listing's own statements,0,package contents; specifications,batch-1
3926,BD Diesel Intercooler Hose & Clamp Kit RAM 2500/3500/4500/5500 6.7L Cummins 2013–2018 — 1045218,engine,Brand New,P3,cooling-kit,yes,derived,unconfirmed,cooling,0,2,yes,yes,865,original text kept; sections added from the listing's own statements,0,package contents; specifications,batch-2
3927,BD Diesel Intercooler Hose & Clamp Kit Dodge 5.9L Cummins 2003–2007 — 1045215,engine,Brand New,P3,cooling-kit,yes,derived,unconfirmed,cooling,0,2,yes,yes,835,original text kept; sections added from the listing's own statements,0,package contents; specifications,batch-2
3928,BD Diesel Intercooler Hose & Clamp Kit Dodge 5.9L Cummins 1994–2002 — 1045210,engine,Brand New,P3,cooling-kit,yes,derived,unconfirmed,cooling,0,2,yes,yes,916,original text kept; sections added from the listing's own statements,0,package contents; specifications,batch-2
3929,BD Diesel E-PAS Positive Air Shut-Off LM2/LZ0 Chevy/GM 3.0L Duramax 2019+ — 1036762,engine,Brand New,P5,,no,,,,0,2,yes,yes,1269,not started,0,,
3930,BD Diesel Positive Air Shut-Off (Manual Controlled) Chevy LLY/LBZ/LMM Duramax 2004.5-2010 — 1036712-M,engine,Brand New,P5,,no,,,,0,2,yes,yes,1394,not started,0,,
3931,BD Diesel Positive Air Shut-Off Chevy LLY/LBZ/LMM Duramax 2004.5-2010 — 1036712,engine,Brand New,P5,,no,,,,0,2,yes,yes,1368,not started,0,,
3932,BD Diesel Positive Air Shut-Off (Manual Controlled) Ford 6.0L Power Stroke 2003–2007 — 1036701-M,engine,Brand New,P5,,no,,,,0,2,yes,yes,1229,not started,0,,
3933,BD Diesel Billet Input Shaft Ford Power Stroke E40D/4R100/5R110 1994–2010 — 1600149,transmission,Brand New,P5,,no,,,,0,4,yes,yes,1061,not started,0,,
3934,BD Diesel Big Stack Overdrive Shaft & Reaction Plates Kit Dodge Cummins 68RFE 2007.5-2024 — 1062035,transmission,Brand New,P5,,no,,,,0,2,yes,yes,961,not started,0,,
3935,BD Diesel Intercooler Hose & Clamp Kit Ford 7.3L Power Stroke 1999.5-2003 — 1047030,engine,Brand New,P3,cooling-kit,yes,derived,unconfirmed,cooling,0,2,yes,yes,888,original text kept; sections added from the listing's own statements,0,package contents; specifications,batch-2
3936,BD Diesel Intercooler Hose & Clamp Kit Chevy LLY Duramax 2004.5-2005 — 1046276,engine,Brand New,P3,cooling-kit,yes,derived,unconfirmed,cooling,0,2,yes,yes,907,original text kept; sections added from the listing's own statements,0,package contents; specifications,batch-2
3937,BD Diesel Turbine Housing (16cm) Dodge 5.9L Cummins 1988–1993 — 1045911,turbocharger,Brand New,P5,,no,,,,0,2,yes,yes,856,not started,0,,
3938,BD Diesel Precision Plus Ready Run Engine Dodge RAM 3500/4500/5500 Cab & Chassis 6.7L Cummins 2013–2018 — DJPLB100099,engine,Refurbished,P1,engine-assembly,yes,derived,unconfirmed,engine,0,2,yes,yes,1052,original text kept; sections added from the listing's own statements,0,package contents; specifications,batch-1
3939,"BD Diesel 68RFE Proforce 3D Torque Converter, Low — 1071220LX",engine,Brand New,P5,,no,,,,0,3,yes,yes,373,not started,0,,
3940,"BD Diesel Proforce 3D Torque Converter Dodge 1994–2007 47RH/47RE/48RE, 23 Stock Shaft / Low — 1071217LX",engine,Brand New,P5,,no,,,,0,3,yes,yes,443,not started,0,,
3941,"BD Diesel Proforce 3D Torque Converter Dodge 1994–2007 47RH/47RE/48RE, 23 Stock Shaft / High — 1071217X-HS",engine,Brand New,P5,,no,,,,0,3,yes,yes,453,not started,0,,
3942,BD Diesel Clutch Kit Ford 1999–2003 7.3L DI PS - 475hp/1000tq — SBC1944-6OFEK,engine,Brand New,P5,,no,,,,0,1,yes,yes,381,not started,0,,
3943,BD Diesel Heavy Hauler Ready Run Engine Dodge/RAM 2500/3500 5.9L Cummins 2004–2005 — DJPLB100102,engine,Refurbished,P1,engine-assembly,yes,explicit entry,listed,engine,16,2,yes,yes,1007,original text kept; sections added from the listing's own statements,1,specifications,pilot
3944,BD Diesel Heavy Hauler Ready Run Engine Dodge/RAM 2500/3500 5.9L Cummins 2006–2007 — DJPLB100101,engine,Refurbished,P1,engine-assembly,yes,explicit entry,listed,engine,17,2,yes,yes,1007,original text kept; sections added from the listing's own statements,1,specifications,pilot
3945,BD Diesel Heavy Hauler Ready Run Engine Dodge RAM 2500/3500 6.7L Cummins 2007–2012 — DJPLB100100,engine,Refurbished,P1,engine-assembly,yes,explicit entry,listed,engine,17,2,yes,yes,1007,original text kept; sections added from the listing's own statements,1,specifications,pilot
3946,BD Diesel Heavy Hauler Ready Run Engine Dodge RAM 2500/3500 6.7L Cummins 2013–2018 — DJPLB100098,engine,Refurbished,P1,engine-assembly,yes,explicit entry,listed,engine,17,2,yes,yes,1007,original text kept; sections added from the listing's own statements,1,specifications,pilot
3947,BD Diesel Precision Plus Long Block Engine Dodge/RAM 6.7L Cummins 2021–2024 — DJPLB100086,engine,Refurbished,P1,engine-assembly,yes,explicit entry,listed,engine,5,2,yes,yes,1000,original text kept; sections added from the listing's own statements,0,specifications,pilot
3948,BD Diesel Precision Plus Ready Run Engine Dodge RAM 2500/3500 6.7L Cummins 2013–2018 — DJPLB100094,engine,Refurbished,P1,engine-assembly,yes,explicit entry,listed,engine,14,2,yes,yes,1009,original text kept; sections added from the listing's own statements,1,specifications,pilot
3949,BD Diesel Precision Plus Ready Run Engine Dodge RAM 2500/3500 6.7L Cummins 2007.5-2012 — DJPLB100093,engine,Refurbished,P1,engine-assembly,yes,explicit entry,listed,engine,14,2,yes,yes,1011,original text kept; sections added from the listing's own statements,1,specifications,pilot
3950,BD Diesel Precision Plus Ready Run Engine Dodge RAM 2500/3500 5.9L Cummins 2004.5-2005 — DJPLB100092,engine,Refurbished,P1,engine-assembly,yes,explicit entry,listed,engine,12,2,yes,yes,1011,original text kept; sections added from the listing's own statements,1,specifications,pilot
3951,BD Diesel Street Performance Long Block Engine Dodge/RAM 6.7L Cummins 2019–2020 — DJPLB100081,engine,Refurbished,P1,engine-assembly,yes,derived,unconfirmed,engine,0,2,yes,yes,1004,original text kept; sections added from the listing's own statements,0,package contents; specifications,batch-1
3952,BD Diesel Precision Plus Long Block Engine Dodge/RAM 6.7L Cummins 2019–2020 — DJPLB100080,engine,Refurbished,P1,engine-assembly,yes,explicit entry,listed,engine,5,2,yes,yes,1000,original text kept; sections added from the listing's own statements,0,specifications,pilot
3953,BD Diesel Heavy Hauler Long Block Engine Dodge/RAM 6.7L Cummins 2021–2024 — DJPLB100079,engine,Refurbished,P1,engine-assembly,yes,derived,unconfirmed,engine,0,2,yes,yes,998,original text kept; sections added from the listing's own statements,0,package contents; specifications,batch-1
3954,BD Diesel Essential Long Block Engine Dodge/RAM 6.7L Cummins 2013–2018 — DJPLB100078,engine,Refurbished,P1,engine-assembly,yes,derived,unconfirmed,engine,0,2,yes,yes,1007,original text kept; sections added from the listing's own statements,0,package contents; specifications,batch-1
3955,BD Diesel Essential Long Block Engine Dodge/RAM 6.7L Cummins 2007.5-2012 — DJPLB100077,engine,Refurbished,P1,engine-assembly,yes,derived,unconfirmed,engine,0,2,yes,yes,1038,original text kept; sections added from the listing's own statements,0,package contents; specifications,batch-1
3956,BD Diesel Essential Long Block Engine Dodge/RAM 5.9L Cummins 2004.5-2007 — DJPLB100076,engine,Refurbished,P1,engine-assembly,yes,derived,unconfirmed,engine,0,2,yes,yes,997,original text kept; sections added from the listing's own statements,0,package contents; specifications,batch-1
3957,BD Diesel Heavy Hauler Long Block Engine Dodge/RAM 6.7L Cummins 2019–2020 — DJPLB100075,engine,Refurbished,P1,engine-assembly,yes,derived,unconfirmed,engine,0,2,yes,yes,998,original text kept; sections added from the listing's own statements,0,package contents; specifications,batch-1
3958,BD Diesel Street Performance Long Block Engine Dodge/RAM 6.7L Cummins 2013–2018 — DJPLB100024,engine,Refurbished,P1,engine-assembly,yes,derived,unconfirmed,engine,0,2,yes,yes,1016,original text kept; sections added from the listing's own statements,0,package contents; specifications,batch-1
3959,BD Diesel Heavy Hauler Long Block Engine Dodge/RAM 6.7L Cummins 2013–2018 — DJPLB100023,engine,Refurbished,P1,engine-assembly,yes,derived,unconfirmed,engine,0,2,yes,yes,1010,original text kept; sections added from the listing's own statements,0,package contents; specifications,batch-1
3960,BD Diesel Precision Plus Long Block Engine Dodge/RAM 6.7L Cummins 2013–2018 — DJPLB100022,engine,Refurbished,P1,engine-assembly,yes,explicit entry,listed,engine,4,2,yes,yes,1012,original text kept; sections added from the listing's own statements,0,specifications,pilot
3961,BD Diesel Street Performance Long Block Engine Dodge/RAM 6.7L Cummins 2007.5-2012 — DJPLB100020,engine,Refurbished,P1,engine-assembly,yes,derived,unconfirmed,engine,0,2,yes,yes,1047,original text kept; sections added from the listing's own statements,0,package contents; specifications,batch-1
3962,BD Diesel Heavy Hauler Long Block Engine Dodge 6.7L Cummins 2007.5-2012 — DJPLB100019,engine,Refurbished,P1,engine-assembly,yes,derived,unconfirmed,engine,0,2,yes,yes,1037,original text kept; sections added from the listing's own statements,0,package contents; specifications,batch-1
3963,BD Diesel Precision Plus Long Block Engine Dodge/RAM 6.7L Cummins 2007.5-2012 — DJPLB100018,engine,Refurbished,P1,engine-assembly,yes,derived,unconfirmed,engine,0,2,yes,yes,1043,original text kept; sections added from the listing's own statements,0,package contents; specifications,batch-1
3964,BD Diesel Street Performance Long Block Engine Dodge/RAM 5.9L Cummins 2004.5-2007 — DJPLB100016,engine,Refurbished,P1,engine-assembly,yes,derived,unconfirmed,engine,0,2,yes,yes,1006,original text kept; sections added from the listing's own statements,0,package contents; specifications,batch-1
3965,BD Diesel Heavy Hauler Long Block Engine Dodge/RAM 5.9L Cummins 2004.5-2007 — DJPLB100015,engine,Refurbished,P1,engine-assembly,yes,derived,unconfirmed,engine,0,2,yes,yes,1000,original text kept; sections added from the listing's own statements,0,package contents; specifications,batch-1
3966,BD Diesel Precision Plus Long Block Engine Dodge/RAM 5.9L Cummins 2004.5-2007 — DJPLB100014,engine,Refurbished,P1,engine-assembly,yes,derived,unconfirmed,engine,0,2,yes,yes,1002,original text kept; sections added from the listing's own statements,0,package contents; specifications,batch-1
3967,"BD Diesel Performance Cylinder Head (Stage 1) Dodge/RAM 6.7L Cummins 2019–2024, w/o Fire Rings — DJPCH100103",engine,Brand New,P5,,no,,,,0,3,yes,yes,434,not started,0,,
3968,"BD Diesel Performance Cylinder Head (Stage 1) Dodge/RAM 6.7L Cummins 2019–2024, with Fire Rings — DJPCH100206",engine,Brand New,P5,,no,,,,0,3,yes,yes,438,not started,0,,
3969,BD Diesel Reman Cylinder Head Dodge/RAM 6.7L Cummins 2019–2024 — DJPCH100089,engine,Refurbished,P4,,no,,,,0,1,yes,yes,323,not started,0,,
3970,"BD Diesel Performance Cylinder Head (Stage 1) Dodge/RAM 6.7L Cummins 2007–2018, w/o Fire Rings — DJPCH100046",engine,Brand New,P5,,no,,,,0,4,yes,yes,524,not started,0,,
3971,"BD Diesel Performance Cylinder Head (Stage 1) Dodge/RAM 6.7L Cummins 2007–2018, with Fire Rings — DJPCH100205",engine,Brand New,P5,,no,,,,0,4,yes,yes,528,not started,0,,
3972,BD Diesel Reman Cylinder Head Dodge/RAM 6.7L Cummins 2007.5-2018 — DJPCH100039,engine,Refurbished,P5,,no,,,,0,1,yes,yes,385,not started,0,,
3973,"BD Diesel Performance Cylinder Head (Stage 1) Dodge/RAM 5.9L Cummins 2003–2007, w/o Fire Rings — DJPCH100026",engine,Brand New,P5,,no,,,,0,3,yes,yes,434,not started,0,,
3974,"BD Diesel Performance Cylinder Head (Stage 1) Dodge/RAM 5.9L Cummins 2003–2007, with Fire Rings — DJPCH100202",engine,Brand New,P5,,no,,,,0,3,yes,yes,438,not started,0,,
3975,BD Diesel Reman Cylinder Head Dodge/RAM 5.9L Cummins 2003–2007 — DJPCH100008,engine,Refurbished,P4,,no,,,,0,1,yes,yes,323,not started,0,,
3976,BD Diesel E-PAS Positive Air Shut-off RAM 2500/3500/4500/5500 6.7L Cummins 2025+ — 1036766,engine,Brand New,P5,,no,,,,0,2,yes,yes,1184,not started,0,,
3977,BD Diesel E-PAS Positive Air Shut-off Chevy/GMC 2500HD / 3500HD / 4500HD / 5500HD / 6500HD 6.6L L5P 2024+ — 1036765,engine,Brand New,P5,,no,,,,0,2,yes,yes,1331,not started,0,,
3978,BD Diesel E-PAS Positive Air Shut-off Chevy/GMC 2500HD / 3500HD / 4500HD / 5500HD / 6500HD 6.6L L5P 2017–2023 — 1036764,engine,Brand New,P5,,no,,,,0,4,yes,yes,1388,not started,0,,
3979,BD Diesel Injector Line Set Chevy/GM 6.6L Duramax LML 2011–2016 — 1050170,engine,Brand New,P3,fuel-kit,yes,derived,unconfirmed,fuel,0,2,yes,yes,998,original text kept; sections added from the listing's own statements,0,package contents; specifications,batch-2
3980,BD Diesel Injector Line Set Ford 6.7L Power Stroke 2011–2021 — 1050165,engine,Brand New,P3,fuel-kit,yes,derived,unconfirmed,fuel,0,4,yes,yes,993,original text kept; sections added from the listing's own statements,0,package contents,batch-2
3981,BD Diesel Injector Install Kit Dodge 6.7L Cr Cummins 2007–2018 — 1050157,engine,Brand New,P3,fuel-kit,yes,derived,unconfirmed,fuel,0,4,yes,yes,1001,original text kept; sections added from the listing's own statements,0,package contents,batch-2
3982,BD Diesel Injector Install Kit Dodge 5.9L Cr Cummins 2006–2007 — 1050156,engine,Brand New,P3,fuel-kit,yes,derived,unconfirmed,fuel,0,2,yes,yes,911,original text kept; sections added from the listing's own statements,0,package contents; specifications,batch-2
3983,BD Diesel Injector Install Kit Dodge 5.9L Cr Cummins 2003–2005 — 1050155,engine,Brand New,P3,fuel-kit,yes,derived,unconfirmed,fuel,0,2,yes,yes,911,original text kept; sections added from the listing's own statements,0,package contents; specifications,batch-2
3984,BD Diesel Injector Line Set Dodge/RAM 6.7L Cummins Common Rail 2007.5 - 2018 — 1050151,engine,Brand New,P3,fuel-kit,yes,derived,unconfirmed,fuel,0,2,yes,yes,985,original text kept; sections added from the listing's own statements,0,package contents; specifications,batch-2
3985,BD Diesel Injector Line Set Dodge 5.9L Cummins 24 Valve 2003–2007 — 1050150,engine,Brand New,P3,fuel-kit,yes,derived,unconfirmed,fuel,0,2,yes,yes,914,original text kept; sections added from the listing's own statements,0,package contents; specifications,batch-2
3986,BD Diesel Injector Install Kit GMC 6.6L LB7 Duramax 2001–2004 — 1050141,engine,Brand New,P3,fuel-kit,yes,derived,unconfirmed,fuel,0,2,yes,yes,1063,original text kept; sections added from the listing's own statements,0,package contents; specifications,batch-2
3987,BD Diesel Injector Line Set Chevy/GMC LB7 2001–2004 — 1050140,engine,Brand New,P3,fuel-kit,yes,derived,unconfirmed,fuel,0,2,yes,yes,1053,original text kept; sections added from the listing's own statements,0,package contents; specifications,batch-2
3988,BD Diesel He300 Turbo Mounting Kit RAM 6.7L Cummins 2019–2024 — 1045999,turbocharger,Brand New,P2,turbo-supercharger,yes,derived,unconfirmed,turbocharger,0,4,yes,yes,874,original text kept; sections added from the listing's own statements,0,package contents,batch-1
3989,BD Diesel Screamer Turbo Manifold Package RAM 6.7L Cummins 2013–2018 — 1045871,engine,Brand New,P4,,no,,,,0,1,yes,yes,317,not started,0,,
3990,BD Diesel Screamer Turbo Manifold Package Dodge 6.7L Cummins 2007.5-2012 — 1045870,engine,Brand New,P4,,no,,,,0,1,yes,yes,321,not started,0,,
3991,BD Diesel E-PAS Positive Air Shut-Off 3.0L ECO Diesel 2014–2023 - RAM 1500 / Jeep Grand Cherokee-Wrangler-Gladiator — 1036763,engine,Brand New,P5,,no,,,,0,2,yes,yes,1301,not started,0,,
3992,"BD Diesel Iron Horn 5.9L Cummins Turbo Kit, S361SXE/76 0.91 AR — 1045170",engine,Brand New,P2,turbo-supercharger,yes,derived,unconfirmed,turbocharger,0,3,yes,yes,402,original text kept; sections added from the listing's own statements,0,package contents,batch-1
3993,"BD Diesel Iron Horn 5.9L Cummins Turbo Kit, S364SXE/76 1.00 AR — 1045169",engine,Brand New,P2,turbo-supercharger,yes,derived,unconfirmed,turbocharger,0,3,yes,yes,402,original text kept; sections added from the listing's own statements,0,package contents,batch-1
3994,"BD Diesel Iron Horn 5.9L Cummins Turbo Kit, S364SXE/76 0.91 AR — 1045171",engine,Brand New,P2,turbo-supercharger,yes,derived,unconfirmed,turbocharger,0,3,yes,yes,402,original text kept; sections added from the listing's own statements,0,package contents,batch-1
3995,"BD Diesel Iron Horn 5.9L Cummins Turbo Kit, S363SXE/76 0.91 AR — 1045172",engine,Brand New,P2,turbo-supercharger,yes,derived,unconfirmed,turbocharger,0,3,yes,yes,402,original text kept; sections added from the listing's own statements,0,package contents,batch-1
3996,"BD Diesel Iron Horn 5.9L Cummins Turbo Kit, S363SXE/80 0.91 AR — 1045173",engine,Brand New,P2,turbo-supercharger,yes,derived,unconfirmed,turbocharger,0,3,yes,yes,402,original text kept; sections added from the listing's own statements,0,package contents,batch-1
3997,"BD Diesel Iron Horn 5.9L Cummins Turbo Kit, S364SXE/80 0.91 AR — 1045174",engine,Brand New,P2,turbo-supercharger,yes,derived,unconfirmed,turbocharger,0,3,yes,yes,402,original text kept; sections added from the listing's own statements,0,package contents,batch-1
3998,"BD Diesel Iron Horn 5.9L Cummins Turbo Kit, S364SXE/80 1.00 AR — 1045175",engine,Brand New,P2,turbo-supercharger,yes,derived,unconfirmed,turbocharger,0,3,yes,yes,402,original text kept; sections added from the listing's own statements,0,package contents,batch-1
3999,"BD Diesel Iron Horn 5.9L Cummins Turbo Kit, S366SXE/80 0.91 AR — 1045176",engine,Brand New,P2,turbo-supercharger,yes,derived,unconfirmed,turbocharger,0,3,yes,yes,402,original text kept; sections added from the listing's own statements,0,package contents,batch-1
4000,"BD Diesel Iron Horn 5.9L Cummins Turbo Kit, S366SXE/80 1.00 AR — 1045177",engine,Brand New,P2,turbo-supercharger,yes,derived,unconfirmed,turbocharger,0,3,yes,yes,402,original text kept; sections added from the listing's own statements,0,package contents,batch-1
4001,"BD Diesel Iron Horn 5.9L Cummins Turbo Kit, S369SXE/80 0.91 AR — 1045178",engine,Brand New,P2,turbo-supercharger,yes,derived,unconfirmed,turbocharger,0,3,yes,yes,402,original text kept; sections added from the listing's own statements,0,package contents,batch-1
4002,"BD Diesel Iron Horn 5.9L Cummins Turbo Kit, S369SXE/80 1.00 AR — 1045179",engine,Brand New,P2,turbo-supercharger,yes,derived,unconfirmed,turbocharger,0,3,yes,yes,402,original text kept; sections added from the listing's own statements,0,package contents,batch-1
4003,"BD Diesel Exhaust Elbow, Turbo Cast - Dodge 6.7L Cummins 2007.5-2012 — 1045101",turbocharger,Brand New,P2,turbo-supercharger,yes,derived,unconfirmed,turbocharger,0,2,yes,yes,851,original text kept; sections added from the listing's own statements,0,package contents; specifications,batch-1
4004,BD Diesel Turbo T3/T4 Mounting Kit Dodge 5.9L Cummins HX / HY / S300 / S400 1994–2007 — 1045984,turbocharger,Brand New,P2,turbo-supercharger,yes,derived,unconfirmed,turbocharger,0,2,yes,yes,868,original text kept; sections added from the listing's own statements,0,package contents; specifications,batch-1
4005,BD Diesel E-PAS Positive Air Shut-Off Ford F-250 / F-350 / F-450 / F-550 / F-600 Super Duty 6.7L Power Stroke 2020+ — 1036757,engine,Brand New,P5,,no,,,,0,2,yes,yes,1297,not started,0,,
4006,BD Diesel Howler VGT Turbo Kit Dodge 5.9L Cummins 2003–2007 — 1047140,engine,Brand New,P2,turbo-supercharger,yes,derived,unconfirmed,turbocharger,0,1,yes,yes,308,original text kept; sections added from the listing's own statements,0,package contents; specifications,batch-1
4007,BD Diesel Howler Stock VGT Turbo Kit Dodge 5.9L Cummins 2003–2007 — 1047139,engine,Brand New,P2,turbo-supercharger,yes,derived,unconfirmed,turbocharger,0,1,yes,yes,314,original text kept; sections added from the listing's own statements,0,package contents; specifications,batch-1
4008,BD Diesel Exchange Twin Turbo Assembly Ford 6.4L Power Stroke 2008–2010 — 179514-B,engine,Refurbished,P2,turbo-supercharger,yes,derived,unconfirmed,turbocharger,0,1,yes,yes,340,original text kept; sections added from the listing's own statements,0,package contents; specifications,batch-1
4009,BD Diesel Shift Kit - Chevy Allison 1000 6-speed 2006–2008 — 1604721,transmission,Brand New,P5,,no,,,,0,2,yes,yes,1022,not started,0,,
4010,BD Diesel Shift Kit Chevy Allison 1000 5-speed 2001–2005 — 1604720,transmission,Brand New,P5,,no,,,,0,2,yes,yes,1017,not started,0,,
4011,BD Diesel On/Off Lockup Kit Ford Power Stroke 4R100 1999–2003 — 1600411,transmission,Brand New,P5,,no,,,,0,2,yes,yes,933,not started,0,,
4012,BD Diesel Tugger Shift Kit Ford Power Stroke 4R100 1999–2003 — 1600410,transmission,Brand New,P5,,no,,,,0,2,yes,yes,932,not started,0,,
4013,BD Diesel Bypass Tube Eliminator Kit Ford Power Stroke 4R100 1999–2003 — 1600036,transmission,Brand New,P5,,no,,,,0,2,yes,yes,966,not started,0,,
4014,BD Diesel Spring Fuel Pressure Control BLUE Ford 6.0L Power Stroke 2003–2007 — 1500388,engine,Brand New,P5,,no,,,,0,2,yes,yes,917,not started,0,,
4015,BD Diesel Remote Fuel Filter Replacement Cartridge — 1500063,engine,Brand New,P5,,no,,,,0,2,yes,yes,1029,not started,0,,
4016,BD Diesel Trans Pressure Guage Adapter Kit 68RFE — 1061529,transmission,Brand New,P5,,no,,,,0,2,yes,yes,920,not started,0,,
4017,BD Diesel Pressure Transducer Adapter Diesel/Gas Dodge Diesel/Gas 47RE/48RE/46RE/44RE/42RE 2000–2007 — 1060604,transmission,Brand New,P5,,no,,,,0,4,yes,yes,991,not started,0,,
4018,BD Diesel One Way Clutch/Sprag - Dodge 6.7L Cummins 68RFE 2007.5-2018 — 1060603,transmission,Brand New,P5,,no,,,,0,2,yes,yes,918,not started,0,,
4019,BD Diesel Fuel Distribution Block - Dodge 6.7L Cummins 2010–2022 — 1050371,engine,Brand New,P5,,no,,,,0,2,yes,yes,895,not started,0,,
4020,BD Diesel Fuel Distribution Block - Dodge 5.9L/6.7L Cummins 2003–2009 — 1050370,engine,Brand New,P5,,no,,,,0,2,yes,yes,869,not started,0,,
4021,BD Diesel Flow-MaX Add-On Pre Water Separator Filter Kit — 1050340-WSP,engine,Brand New,P5,,no,,,,0,2,yes,yes,1045,not started,0,,
4022,BD Diesel Flow-MaX Add-On Post Fine Particle Fuel Filter Kit — 1050340-PFF,engine,Brand New,P3,fuel-kit,yes,derived,unconfirmed,fuel,0,2,yes,yes,1049,original text kept; sections added from the listing's own statements,0,package contents; specifications,batch-2
4023,BD Diesel Flow-MaX Retrofit Kit OEM Intank Pump Conversions 1998.5-2004 — 1050302,engine,Brand New,P3,fuel-kit,yes,derived,unconfirmed,fuel,0,2,yes,yes,943,original text kept; sections added from the listing's own statements,0,package contents; specifications,batch-2
4024,BD Diesel Lift Pump OEM Replacement Dodge 5.9L Cummins 2003–2004.5 — 1050231,engine,Brand New,P5,,no,,,,0,2,yes,yes,860,not started,0,,
4025,"BD Diesel Lift Pump Kit, OEM Replacement Dodge 24-Valve Cummins 1998–2002 — 1050224",engine,Brand New,P3,fuel-kit,yes,derived,unconfirmed,fuel,0,2,yes,yes,919,original text kept; sections added from the listing's own statements,0,package contents; specifications,batch-2
4026,BD Diesel Super B Single SX S358 Turbo Kit w/FMW Billet Wheel Dodge 5.9L Cummins 1994–2002 — 1045220,engine,Brand New,P2,turbo-supercharger,yes,derived,unconfirmed,turbocharger,0,1,yes,yes,420,original text kept; sections added from the listing's own statements,0,package contents; specifications,batch-1
4027,BD Diesel Intercooler Hose & Clamp Kit Dodge 6.7L Cummins 2010–2012 — 1045217,engine,Brand New,P3,cooling-kit,yes,derived,unconfirmed,cooling,0,2,yes,yes,835,original text kept; sections added from the listing's own statements,0,package contents; specifications,batch-2
4028,BD Diesel Intercooler Hose & Clamp Kit Dodge 6.7L Cummins 2007.5-2009 — 1045216,engine,Brand New,P3,cooling-kit,yes,derived,unconfirmed,cooling,0,2,yes,yes,837,original text kept; sections added from the listing's own statements,0,package contents; specifications,batch-2
4029,BD Diesel HX35 Boost Elbow Dodge 5.9L Cummins 1994–2002 — 1040310,turbocharger,Brand New,P5,,no,,,,0,2,yes,yes,919,not started,0,,
4030,BD Diesel E-PAS Positive Air Shut-Off Chevy 2.8L Duramax Canyon/Colorado 2016–2023 — 1036760,engine,Brand New,P5,,no,,,,0,2,yes,yes,1193,not started,0,,
4031,BD Diesel E-PAS Positive Air Shut-Off LML Chevy LML Duramax Pick-Up 2011–2016 / LML Cab & Chassis 2013–2016 — 1036759,engine,Brand New,P5,,no,,,,0,2,yes,yes,1276,not started,0,,
4032,BD Diesel E-PAS Positive Air Shut-Off Chevy LMM / LGH Duramax Pick-Up 2008–2010 / LMM-LGH Van 2008–2015 / LGH Cab & Chassis Duramax 2011–2012 — 1036758,engine,Brand New,P5,,no,,,,0,4,yes,yes,1451,not started,0,,
4033,BD Diesel E-PAS Positive Air Shut-Off Ford F-150 3.0L Power Stroke 2018–2021 — 1036756,engine,Brand New,P5,,no,,,,0,4,yes,yes,1183,not started,0,,
4034,BD Diesel E-PAS Positive Air Shut-Off Ford F-250/F-350/F-450/F-550 6.7L Power Stroke 2011–2019 — 1036755,engine,Brand New,P5,,no,,,,0,4,yes,yes,1288,not started,0,,
4035,BD Diesel E-PAS Positive Air Shut-Off Ford 6.4L Power Stroke 2008–2010 — 1036754,engine,Brand New,P5,,no,,,,0,2,yes,yes,1179,not started,0,,
4036,BD Diesel E-PAS Positive Air Shut-Off Dodge 6.7L Cummins Pick-up / Cab & Chassis 2019–2024 — 1036753,engine,Brand New,P5,,no,,,,0,2,yes,yes,1194,not started,0,,
4037,BD Diesel E-PAS Positive Air Shut-Off Dodge 6.7L Cummins Pick-Up 2010–2018 / Cab & Chassis 2011–2018 — 1036751,engine,Brand New,P5,,no,,,,0,4,yes,yes,1282,not started,0,,
4038,BD Diesel E-PAS Positive Air Shut-Off Dodge 6.7L Cummins Pick-Up 2007–2009 / Cab & Chassis 2007–2010 — 1036750,engine,Brand New,P5,,no,,,,0,2,yes,yes,1247,not started,0,,
4039,BD Diesel Positive Air Shut-Off (Manual Controlled) Dodge 5.9L Cummins 2003–2007 — 1036720-M,engine,Brand New,P5,,no,,,,0,2,yes,yes,1178,not started,0,,
4040,BD Diesel Positive Air Shut-Off Dodge 5.9L Cummins 2003–2007 — 1036720,engine,Brand New,P5,,no,,,,0,2,yes,yes,1152,not started,0,,
4041,BD Diesel Positive Air Shut-Off (Manual Controlled) Chevy Duramax 2011–2016 — 1036713-M,engine,Brand New,P5,,no,,,,0,4,yes,yes,1289,not started,0,,
4042,BD Diesel Positive Air Shut-Off Chevy Duramax 2011–2016 — 1036713,engine,Brand New,P5,,no,,,,0,2,yes,yes,1233,not started,0,,
4043,BD Diesel Positive Air Shut-Off (Manual Controlled) Ford 6.7L Power Stroke 2011–2014 — 1036703-M,engine,Brand New,P5,,no,,,,0,2,yes,yes,1199,not started,0,,
4044,BD Diesel Positive Air Shut-Off Ford 6.7L Power Stroke 2011–2014 — 1036703,engine,Brand New,P5,,no,,,,0,4,yes,yes,1198,not started,0,,
4045,BD Diesel Positive Air Shut-Off Ford Power Stroke 2003–2007 — 1036701,engine,Brand New,P5,,no,,,,0,2,yes,yes,1198,not started,0,,
4046,BD Diesel Transmission Geartrain Dodge 48RE 6-pin 2003–2007 — 1030342,transmission,Brand New,P1,transmission,yes,derived,unconfirmed,transmission,0,2,yes,yes,914,original text kept; sections added from the listing's own statements,0,package contents; specifications,batch-1
4048,"BD Diesel Towmaster Transmission & Converter Package Allison 1000 Chevrolet Silverado/ GMC Sierra 6.6L Duramax 2017–2019, 2WD — 1064782SS",transmission,Refurbished,P1,transmission,yes,derived,unconfirmed,transmission,0,7,yes,yes,1207,original text kept; sections added from the listing's own statements,0,package contents,batch-1
4049,"BD Diesel Roadmaster Transmission & Converter Package Allison 1000 Chevrolet Silverado & GMC Sierra 2500HD/3500HD 6.6L LML Duramax 2011–2016, 2WD — 1064882SS",transmission,Refurbished,P1,transmission,yes,derived,unconfirmed,transmission,0,7,yes,yes,1259,original text kept; sections added from the listing's own statements,0,package contents,batch-1
4050,"BD Diesel Roadmaster Transmission & Converter Package Allison 1000 Chevrolet Silverado & GMC Sierra 2500HD/3500HD 6.6L LBZ Duramax 2006–2007, 2WD — 1064862SS",transmission,Refurbished,P1,transmission,yes,explicit entry,listed,transmission,4,7,yes,yes,1330,original text kept; sections added from the listing's own statements,1,,pilot
4051,"BD Diesel Roadmaster Transmission & Converter Package Allison 1000 Chevrolet Silverado & GMC Sierra 2500HD/3500HD 6.6L LB7 Duramax 2001–2004, 2WD — 1064852SS",transmission,Refurbished,P1,transmission,yes,explicit entry,listed,transmission,5,7,yes,yes,1253,original text kept; sections added from the listing's own statements,1,,pilot
4052,"BD Diesel Roadmaster Transmission & Converter Package Allison 1000 Chevrolet Silverado / GMC Sierra 6.6L L5P Duramax 2017–2019, 2WD — 1064792SS",transmission,Refurbished,P1,transmission,yes,derived,unconfirmed,transmission,0,7,yes,yes,1245,original text kept; sections added from the listing's own statements,0,package contents,batch-1
4053,BD Diesel Billet Bridges Dodge/RAM 2500–5500 5.9L/6.7L Cummins 1998–2018 — DJPCNC100098,engine,Brand New,P5,,no,,,,0,5,yes,yes,928,not started,0,,
4054,"BD Diesel Torquemaster Transmission & Converter Package Aisin AS69RC RAM 3500/4500/5500 6.7L 2019–2024, 2WD Right Hand PTO — 1065022PTOSM",transmission,Refurbished,P1,transmission,yes,derived,unconfirmed,transmission,0,7,yes,yes,1133,original text kept; sections added from the listing's own statements,0,package contents,batch-1
4055,"BD Diesel Torquemaster Transmission & Converter Package Aisin AS69RC RAM 3500/4500/5500 6.7L 2019–2024, 2WD — 1065022SM",transmission,Refurbished,P1,transmission,yes,derived,unconfirmed,transmission,0,7,yes,yes,1079,original text kept; sections added from the listing's own statements,0,package contents,batch-1
4056,"BD Diesel Torquemaster Transmission & Converter Package Aisin AS69RC RAM 3500/4500/5500 6.7L 2019–2024, 4WD Right Hand PTO — 1065024PTOSM",transmission,Refurbished,P1,transmission,yes,derived,unconfirmed,transmission,0,7,yes,yes,1133,original text kept; sections added from the listing's own statements,0,package contents,batch-1
4057,"BD Diesel Torquemaster Transmission & Converter Package Aisin AS69RC RAM 3500/4500/5500 6.7L 2019–2024, 2WD Left Hand PTO — 1065052SM",transmission,Refurbished,P1,transmission,yes,derived,unconfirmed,transmission,0,7,yes,yes,1121,original text kept; sections added from the listing's own statements,0,package contents,batch-1
4058,"BD Diesel Towmaster Transmission & Converter Package Aisin AS69RC RAM 3500/4500/5500 6.7L 2019–2024, 2WD Right Hand PTO — 1065012PTOSS",transmission,Refurbished,P1,transmission,yes,derived,unconfirmed,transmission,0,7,yes,yes,1169,original text kept; sections added from the listing's own statements,0,package contents,batch-1
4059,"BD Diesel Towmaster Transmission & Converter Package Aisin AS69RC RAM 3500/4500/5500 6.7L 2019–2024, 2WD — 1065012SS",transmission,Refurbished,P1,transmission,yes,derived,unconfirmed,transmission,0,7,yes,yes,1115,original text kept; sections added from the listing's own statements,0,package contents,batch-1
4060,"BD Diesel Towmaster Transmission & Converter Package Aisin AS69RC RAM 3500/4500/5500 6.7L 2019–2024, 4WD Right Hand PTO — 1065014PTOSS",transmission,Refurbished,P1,transmission,yes,derived,unconfirmed,transmission,0,7,yes,yes,1169,original text kept; sections added from the listing's own statements,0,package contents,batch-1
4061,"BD Diesel Towmaster Transmission & Converter Package Aisin AS69RC RAM 3500/4500/5500 6.7L 2019–2024, 2WD Left Hand PTO — 1065042SS",transmission,Refurbished,P1,transmission,yes,derived,unconfirmed,transmission,0,7,yes,yes,1157,original text kept; sections added from the listing's own statements,0,package contents,batch-1
4062,"BD Diesel Billet Breather Cover Dodge/RAM 2500/3500 Pickup & 2500/3500/4500/5500 Cab & Chassis 6.7L Cummins 2007.5-2024, Natural — DJPCNC100360",engine,Brand New,P5,,no,,,,0,5,yes,yes,966,not started,0,,
4063,"BD Diesel Billet Breather Cover Dodge/RAM 2500/3500 Pickup & 2500/3500/4500/5500 Cab & Chassis 6.7L Cummins 2007.5-2024, Black Powder Coated — DJPCNC100373",engine,Brand New,P5,,no,,,,0,5,yes,yes,1002,not started,0,,
4064,"BD Diesel Roadmaster Transmission & Converter Package Aisin AS69RC RAM 3500/4500/5500 6.7L 2019–2024, 2WD Right Hand PTO — 1065002PTOSS",transmission,Refurbished,P1,transmission,yes,derived,unconfirmed,transmission,0,7,yes,yes,1202,original text kept; sections added from the listing's own statements,0,package contents,batch-1
4065,"BD Diesel Roadmaster Transmission & Converter Package Aisin AS69RC RAM 3500/4500/5500 6.7L 2019–2024, 2WD — 1065002SS",transmission,Refurbished,P1,transmission,yes,derived,unconfirmed,transmission,0,7,yes,yes,1148,original text kept; sections added from the listing's own statements,0,package contents,batch-1
4066,"BD Diesel Roadmaster Transmission & Converter Package Aisin AS69RC RAM 3500/4500/5500 6.7L 2019–2024, 4WD Right Hand PTO — 1065004PTOSS",transmission,Refurbished,P1,transmission,yes,derived,unconfirmed,transmission,0,7,yes,yes,1202,original text kept; sections added from the listing's own statements,0,package contents,batch-1
4067,"BD Diesel Roadmaster Transmission & Converter Package Aisin AS69RC RAM 3500/4500/5500 6.7L 2019–2024, 2WD Left Hand PTO — 1065032SS",transmission,Refurbished,P1,transmission,yes,derived,unconfirmed,transmission,0,7,yes,yes,1190,original text kept; sections added from the listing's own statements,0,package contents,batch-1
4068,"BD Diesel Torquemaster Transmission & Converter Package Aisin AS69RC RAM 3500/4500/5500 6.7L 2013–2018, 2WD Right Hand PTO — 1064362SM",transmission,Refurbished,P1,transmission,yes,derived,unconfirmed,transmission,0,7,yes,yes,1124,original text kept; sections added from the listing's own statements,0,package contents,batch-1
4069,"BD Diesel Torquemaster Transmission & Converter Package Aisin AS69RC RAM 3500/4500/5500 6.7L 2013–2018, 2WD Left Hand PTO — 1064392SM",transmission,Refurbished,P1,transmission,yes,derived,unconfirmed,transmission,0,7,yes,yes,1121,original text kept; sections added from the listing's own statements,0,package contents,batch-1
4070,"BD Diesel Roadmaster Transmission & Converter Package 66RFE RAM 2500/3500 5.7L/6.4L HEMI 2012–2018, 2WD — 1064912SS",transmission,Refurbished,P1,transmission,yes,derived,unconfirmed,transmission,0,7,yes,yes,1146,original text kept; sections added from the listing's own statements,0,package contents,batch-1
4071,"BD Diesel Roadmaster Transmission & Converter Package 10r80 Ford Transit 3.5L 2020–2024, 2WD — 1064682SS",transmission,Refurbished,P1,transmission,yes,derived,unconfirmed,transmission,0,7,yes,yes,1165,original text kept; sections added from the listing's own statements,0,package contents,batch-1
4072,"BD Diesel Roadmaster Transmission & Converter Package Aisin AS69RC RAM 3500/4500/5500 6.7L 2013–2018, 2WD Right Hand PTO — 1064352SS",transmission,Refurbished,P1,transmission,yes,derived,unconfirmed,transmission,0,7,yes,yes,1193,original text kept; sections added from the listing's own statements,0,package contents,batch-1
4073,"BD Diesel Roadmaster Transmission & Converter Package Aisin AS69RC RAM 3500/4500/5500 6.7L 2013–2018, 2WD Left Hand PTO — 1064372SS",transmission,Refurbished,P1,transmission,yes,derived,unconfirmed,transmission,0,7,yes,yes,1190,original text kept; sections added from the listing's own statements,0,package contents,batch-1
4074,BD Diesel Screamer Turbochargers Ford F-250/F-350/F-450 6.7L Power Stroke 2020–2022 — 1045850,turbocharger,Refurbished,P5,,no,,,,0,4,yes,yes,1027,not started,0,,
4075,Garrett GT3788VA Turbo Exchange with Position Sensor Chevy LML Duramax 2011–2016 — 848212-9002S,turbocharger,Refurbished,P5,,no,,,,0,4,yes,yes,1089,not started,0,,
4076,Garrett GT3788VA Turbo Exchange with Vane Position Sensor Chevy LLY/LBZ/LMM Duramax 2004–2010 (LLY requires sensor adapter) — 848212-9001S,turbocharger,Refurbished,P5,,no,,,,0,6,yes,yes,1386,not started,0,,
4077,Garrett 6.0L Power Stroke Turbo Stock Exchange - Ford 2005.5-2007 — 743250-5025,turbocharger,Refurbished,P2,turbo-supercharger,yes,derived,unconfirmed,turbocharger,0,3,yes,yes,851,original text kept; sections added from the listing's own statements,0,package contents,batch-1
4078,Garrett 6.0L Power Stroke Turbo Stock Exchange - Ford 2004–2005 — 743250-5024,turbocharger,Refurbished,P2,turbo-supercharger,yes,derived,unconfirmed,turbocharger,0,3,yes,yes,878,original text kept; sections added from the listing's own statements,0,package contents,batch-1
4079,Garrett 6.0L Power Stroke Turbo Stock Exchange - Ford 2003 — 725390-5006,turbocharger,Refurbished,P2,turbo-supercharger,yes,derived,unconfirmed,turbocharger,0,3,yes,yes,814,original text kept; sections added from the listing's own statements,0,package contents,batch-1
4080,"BD Diesel BD-Built Duramax LMM CR Injector 60hp-90hp Chevy 2007.5-2010 6.6L, 33% (60hp) — 1716615",engine,Refurbished,P5,,no,,,,0,7,yes,yes,1396,not started,0,,
4081,"BD Diesel BD-Built Duramax LMM CR Injector 60hp-90hp Chevy 2007.5-2010 6.6L, 43% (90hp) — 1716616",engine,Refurbished,P5,,no,,,,0,7,yes,yes,1396,not started,0,,
4082,"BD Diesel BD-Built Duramax LLY CR Injector 60hp-90hp Chevy 2004.5-2006 6.6L, 33% (60hp) — 1716605",engine,Refurbished,P5,,no,,,,0,7,yes,yes,1351,not started,0,,
4083,"BD Diesel BD-Built Duramax LLY CR Injector 60hp-90hp Chevy 2004.5-2006 6.6L, 43% (90hp) — 1716606",engine,Refurbished,P5,,no,,,,0,7,yes,yes,1351,not started,0,,
4084,"BD Diesel BD-Built Duramax LB7 CR Injector 60hp-90hp Chevy 2001–2004 6.6L, 33% (60hp) — 1716600",engine,Refurbished,P5,,no,,,,0,7,yes,yes,1349,not started,0,,
4085,"BD Diesel BD-Built Duramax LB7 CR Injector 60hp-90hp Chevy 2001–2004 6.6L, 43% (90hp) — 1716601",engine,Refurbished,P5,,no,,,,0,7,yes,yes,1349,not started,0,,
4086,"BD Diesel BD-Built Performance Injector 6.7L Cummins CR 60hp-120hp Dodge 2007.5-2018, 33% (60hp) — 1715870",engine,Refurbished,P5,,no,,,,0,7,yes,yes,1289,not started,0,,
4087,"BD Diesel BD-Built Performance Injector 6.7L Cummins CR 60hp-120hp Dodge 2007.5-2018, 43% (90hp) — 1715871",engine,Refurbished,P5,,no,,,,0,7,yes,yes,1289,not started,0,,
4088,"BD Diesel BD-Built Performance Injector 6.7L Cummins CR 60hp-120hp Dodge 2007.5-2018, 53% (120hp) — 1715872",engine,Refurbished,P5,,no,,,,0,7,yes,yes,1292,not started,0,,
4089,"BD Diesel BD-Built Performance Injector 5.9L Cummins CR 60hp-120hp Dodge 2004.5-2007, 33% (60hp) / Standard — 1715865",engine,Refurbished,P5,,no,,,,0,7,yes,yes,1322,not started,0,,
4090,"BD Diesel BD-Built Performance Injector 5.9L Cummins CR 60hp-120hp Dodge 2004.5-2007, 43% (90hp) / Standard — 1715866",engine,Refurbished,P5,,no,,,,0,7,yes,yes,1322,not started,0,,
4091,"BD Diesel BD-Built Performance Injector 5.9L Cummins CR 60hp-120hp Dodge 2004.5-2007, 53% (120hp) / Standard — 1715867",engine,Refurbished,P5,,no,,,,0,7,yes,yes,1325,not started,0,,
4092,"BD Diesel BD-Built Performance Injector 5.9L Cummins CR 60hp-120hp Dodge 2004.5-2007, 33% (60hp) / Premium — 1725865",engine,Refurbished,P5,,no,,,,0,7,yes,yes,1319,not started,0,,
4093,"BD Diesel BD-Built Performance Injector 5.9L Cummins CR 60hp-120hp Dodge 2003–2004, 33% (60hp) / Standard — 1715860",engine,Refurbished,P5,,no,,,,0,7,yes,yes,1320,not started,0,,
4094,"BD Diesel BD-Built Performance Injector 5.9L Cummins CR 60hp-120hp Dodge 2003–2004, 43% (90hp) / Standard — 1715861",engine,Refurbished,P5,,no,,,,0,7,yes,yes,1320,not started,0,,
4095,"BD Diesel BD-Built Performance Injector 5.9L Cummins CR 60hp-120hp Dodge 2003–2004, 53% (120hp) / Standard — 1715862",engine,Refurbished,P5,,no,,,,0,7,yes,yes,1323,not started,0,,
4096,"BD Diesel BD-Built Performance Injector 5.9L Cummins CR 60hp-120hp Dodge 2003–2004, 33% (60hp) / Premium — 1725860",engine,Refurbished,P5,,no,,,,0,7,yes,yes,1317,not started,0,,
4097,"BD Diesel BD-Built 6.7L Cummins Injector Stock/StockPlus (0986435621) RAM 2013–2018 Pick-Up, Stock Plus up to 30HP / Standard — 1714542",engine,Refurbished,P5,,no,,,,0,7,yes,yes,1362,not started,0,,
4098,"BD Diesel BD-Built 6.7L Cummins Injector Stock/StockPlus (0986435621) RAM 2013–2018 Pick-Up, Stock Plus up to 30HP / Premium — 1724542",engine,Refurbished,P5,,no,,,,0,7,yes,yes,1359,not started,0,,
4099,"BD Diesel BD-Built 6.7L Cummins Injector Stock/StockPlus (0986435621) RAM 2013–2018 Pick-Up, Stock / Premium — 1725542",engine,Refurbished,P5,,no,,,,0,7,yes,yes,1311,not started,0,,
4100,"BD Diesel BD-Built Duramax LBZ Injector Stock/StockPlus (0986435521) Chevy/GMC 2006–2007, StockPlus 5-15 HP / Standard — 1714521",engine,Refurbished,P5,,no,,,,0,7,yes,yes,1522,not started,0,,
4101,"BD Diesel BD-Built Duramax LBZ Injector Stock/StockPlus (0986435521) Chevy/GMC 2006–2007, StockPlus 5-15 HP / Premium — 1724521",engine,Refurbished,P5,,no,,,,0,7,yes,yes,1519,not started,0,,
4102,"BD Diesel BD-Built Duramax LBZ Injector Stock/StockPlus (0986435521) Chevy/GMC 2006–2007, Stock / Premium — 1725521",engine,Refurbished,P5,,no,,,,0,7,yes,yes,1483,not started,0,,
4103,"BD Diesel BD-Built 6.7L Cummins Injector Stock/StockPlus (0986435518) Dodge/RAM 2007.5-2012 Pick-Up, StockPlus 5-15 HP / Standard — 1714518",engine,Refurbished,P5,,no,,,,0,7,yes,yes,1399,not started,0,,
4104,"BD Diesel BD-Built 6.7L Cummins Injector Stock/StockPlus (0986435518) Dodge/RAM 2007.5-2012 Pick-Up, StockPlus 5-15 HP / Premium — 1724518",engine,Refurbished,P5,,no,,,,0,7,yes,yes,1396,not started,0,,
4105,"BD Diesel BD-Built 6.7L Cummins Injector Stock/StockPlus (0986435518) Dodge/RAM 2007.5-2012 Pick-Up, Stock / Premium — 1725518",engine,Refurbished,P5,,no,,,,0,7,yes,yes,1360,not started,0,,
4106,BD Diesel Return Spring Bracket for Bosch P7100 Mechanical Inline Injection Pump Dodge 5.9L Cummins 1994–1998 — 1500068,engine,Brand New,P5,,no,,,,0,3,yes,yes,894,not started,0,,
4107,BD Diesel Oil Drain Dodge/RAM 6.7L Cummins 2007.5-2018 — 1453104,turbocharger,Brand New,P5,,no,,,,0,3,yes,yes,761,not started,0,,
4108,"BD Diesel Roadmaster 6L80 Transmission & Converter Package Chevy/GMC 1500 2014–2021, 2WD — 1064842SS",transmission,Refurbished,P1,transmission,yes,derived,unconfirmed,transmission,0,8,yes,yes,1239,original text kept; sections added from the listing's own statements,0,package contents,batch-1
4109,"BD Diesel Roadmaster Transmission & Converter Package 10r80 Ford F-150 2.7L/3.5L EcoBoost & Raptor 2017, 2WD — 1064692SS",transmission,Refurbished,P1,transmission,yes,derived,unconfirmed,transmission,0,7,yes,yes,1131,original text kept; sections added from the listing's own statements,0,package contents,batch-1
4110,"BD Diesel Roadmaster Transmission & Converter Package 10r80 Ford Expedition / Lincoln Navigator 3.5L EcoBoost 2018–2021, 2WD — 1064662SS",transmission,Refurbished,P1,transmission,yes,derived,unconfirmed,transmission,0,7,yes,yes,1184,original text kept; sections added from the listing's own statements,0,package contents,batch-1
4111,"BD Diesel Roadmaster Ford 10r80 Transmission & Converter Package F-150 2.7L/3.5L V6 2018–2020, 2WD — 1064612SS",transmission,Refurbished,P1,transmission,yes,derived,unconfirmed,transmission,0,7,yes,yes,1126,original text kept; sections added from the listing's own statements,0,package contents,batch-1
4112,"BD Diesel Roadmaster Transmission & Converter Package 10r80 Ford F-150 3.0L Power Stroke Diesel 2018–2020, 2WD — 1064602SS",transmission,Refurbished,P1,transmission,yes,derived,unconfirmed,transmission,0,7,yes,yes,1132,original text kept; sections added from the listing's own statements,0,package contents,batch-1
4113,"BD Diesel Roadmaster Transmission & Converter Package 10r80 Ford F-150 3.0L Power Stroke Diesel 2021, 2WD — 1064572SS",transmission,Refurbished,P1,transmission,yes,derived,unconfirmed,transmission,0,7,yes,yes,1122,original text kept; sections added from the listing's own statements,0,package contents,batch-1
4114,"BD Diesel TowMaster Ford 4R100 Transmission & Converter Package - 1999–2003, 2WD — 1064442SM",transmission,Refurbished,P1,transmission,yes,derived,unconfirmed,transmission,0,7,yes,yes,1102,original text kept; sections added from the listing's own statements,0,package contents,batch-1
4115,"BD Diesel TowMaster Ford E4OD Transmission - 1995–1997, 2WD — 1064422F",transmission,Refurbished,P1,transmission,yes,derived,unconfirmed,transmission,0,7,yes,yes,1019,original text kept; sections added from the listing's own statements,0,package contents,batch-1
4116,"BD Diesel Roadmaster 68RFE Transmission & Converter Package RAM 6.7L Cummins 2019–2024, 2WD — 1064302SS",transmission,Refurbished,P1,transmission,yes,derived,unconfirmed,transmission,0,7,yes,yes,1128,original text kept; sections added from the listing's own statements,0,package contents,batch-1
4117,"BD Diesel TowMaster Dodge 68RFE Transmission & Converter Package 2019–2024, 2WD — 1064292SS",transmission,Refurbished,P1,transmission,yes,derived,unconfirmed,transmission,0,7,yes,yes,1084,original text kept; sections added from the listing's own statements,0,package contents,batch-1
4118,"BD Diesel TorqueMaster Transmission Dodge 68RFE 2019–2024 with Billet Input Shaft, 2WD — 1064292B",transmission,Refurbished,P1,transmission,yes,explicit entry,listed,transmission,11,7,yes,yes,976,original text kept; sections added from the listing's own statements,5,,pilot
4119,"BD Diesel Towmaster RAM 6.7L Cummins 68RFE Transmission 2019–2024, 2WD — 1064292",transmission,Refurbished,P1,transmission,yes,explicit entry,listed,transmission,11,7,yes,yes,996,original text kept; sections added from the listing's own statements,5,,pilot
4120,"BD Diesel TowMaster Dodge 48RE Transmission & Converter Package 2005–2007 w/TVV Stepper Motor with TapShifter, 2WD — 1064232SST",transmission,Refurbished,P1,transmission,yes,derived,unconfirmed,transmission,0,7,yes,yes,1122,original text kept; sections added from the listing's own statements,0,package contents,batch-1
4121,"BD Diesel TowMaster Dodge 48RE Transmission & Converter Package 2005–2007 w/TVV Stepper Motor, 2WD — 1064232SS",transmission,Refurbished,P1,transmission,yes,derived,unconfirmed,transmission,0,7,yes,yes,1103,original text kept; sections added from the listing's own statements,0,package contents,batch-1
4122,"BD Diesel TowMaster Dodge 48RE Transmission 2005–2007 w/TVV Stepper Motor, 2WD — 1064232F",transmission,Refurbished,P1,transmission,yes,explicit entry,listed,transmission,9,7,yes,yes,1007,original text kept; sections added from the listing's own statements,4,,pilot
4123,"BD Diesel TorqueMaster Transmission & Converter Package Dodge 48RE 2005–2007 w/TVV Stepper Motor with Auxiliary Filter & Billet Input, 2WD — 1064232BM",transmission,Refurbished,P5,,no,,,,0,7,yes,yes,1104,not started,0,,
4124,"BD Diesel Roadmaster Dodge 68RFE Transmission & Converter Package 6.7L Cummins 2007.5-2018, 2WD — 1064222SS",transmission,Refurbished,P1,transmission,yes,derived,unconfirmed,transmission,0,7,yes,yes,1132,original text kept; sections added from the listing's own statements,0,package contents,batch-1
4125,"BD Diesel RoadMaster Dodge 68RFE Transmission 2007.5-2018, 2WD — 1064222",transmission,Refurbished,P1,transmission,yes,explicit entry,listed,transmission,5,7,yes,yes,1020,original text kept; sections added from the listing's own statements,3,,pilot
4126,"BD Diesel TowMaster Dodge 48RE Transmission & Converter Package - 2003–2004 with TapShifter, 2WD — 1064192SST",transmission,Refurbished,P1,transmission,yes,derived,unconfirmed,transmission,0,7,yes,yes,1104,original text kept; sections added from the listing's own statements,0,package contents,batch-1
4127,"BD Diesel TowMaster Transmission & Converter Package Dodge 48RE 2003–2004, 2WD — 1064192SS",transmission,Refurbished,P1,transmission,yes,explicit entry,listed,transmission,10,7,yes,yes,1083,original text kept; sections added from the listing's own statements,4,,pilot
4128,"BD Diesel TorqueMaster Transmission & Converter Package Dodge 48RE 2003–2004 with Auxiliary Filter & Billet Input, 2WD — 1064192BM",transmission,Refurbished,P5,,no,,,,0,7,yes,yes,1084,not started,0,,
4129,"BD Diesel TowMaster Transmission & Converter Package Dodge 47RE 2000–2002, 2WD — 1064182SS",transmission,Refurbished,P1,transmission,yes,explicit entry,listed,transmission,10,7,yes,yes,1083,original text kept; sections added from the listing's own statements,3,,pilot
4130,"BD Diesel TowMaster Dodge 47RE Transmission 2000–2002, 2WD — 1064182F",transmission,Refurbished,P1,transmission,yes,explicit entry,listed,transmission,10,7,yes,yes,987,original text kept; sections added from the listing's own statements,4,,pilot
4131,"BD Diesel TorqueMaster Transmission & Converter Package Dodge 47RE 1996–1998 12-valve with Auxiliary Filter & Billet Input, 2WD — 1064162BM",transmission,Refurbished,P5,,no,,,,0,7,yes,yes,1093,not started,0,,
4132,"BD Diesel TowMaster Transmission & Converter Package Dodge 47RH 1994–1995, 2WD — 1064152SS",transmission,Refurbished,P1,transmission,yes,derived,unconfirmed,transmission,0,7,yes,yes,1083,original text kept; sections added from the listing's own statements,0,package contents,batch-1
4133,"BD Diesel Roadmaster Dodge 48RE Transmission & Converter Package 2003–2004, 2WD — 1064142SS",transmission,Refurbished,P1,transmission,yes,derived,unconfirmed,transmission,0,7,yes,yes,1116,original text kept; sections added from the listing's own statements,0,package contents,batch-1
4134,BD Diesel Transmission Filter Kit Ford Power Stroke 5R110 2008–2010 — 1064018,transmission,Brand New,P5,,no,,,,0,3,yes,yes,798,not started,0,,
4135,BD Diesel Inline Trans Filter Kit Dodge Cummins 47RH/47RE/48RE 1994–2007 — 1064017,transmission,Brand New,P5,,no,,,,0,3,yes,yes,786,not started,0,,
4136,BD Diesel Inline Trans Filter Kit Ford Power Stroke 4R100 1999–2003 — 1064013,transmission,Brand New,P5,,no,,,,0,3,yes,yes,798,not started,0,,
4137,BD Diesel Inline Trans Filter Kit Ford Power Stroke E4OD 1994–1997 — 1064012,transmission,Brand New,P5,,no,,,,0,3,yes,yes,811,not started,0,,
4138,BD Diesel 58-volt Fuel Injection Control Module (ficm) Ford 6.0L Power Stroke 2003–2007 — 1059700-A,electronics,Refurbished,P5,,no,,,,0,2,yes,yes,1199,not started,0,,
4139,BD Diesel Banjo Bolt Upgrade Kit Dodge Cummins 2000–2002 — 1050220,engine,Brand New,P5,,no,,,,0,3,yes,yes,892,not started,0,,
4140,BD Diesel Banjo Bolt Upgrade Kit Dodge Cummins 1999 — 1050215,engine,Brand New,P5,,no,,,,0,3,yes,yes,882,not started,0,,
4141,BD Diesel Patriot Fuel Plug Cap RAM 6.7L Cummins 2013–2018 / RAM 3.0L EcoDiesel 2014–2018 — 1050073,engine,Brand New,P5,,no,,,,0,3,yes,yes,876,not started,0,,
4142,BD Diesel GTP38 Non-EBV Turbo Pedestal Upgrade Ford 7.3L Power Stroke — 1047512,turbocharger,Brand New,P2,turbo-supercharger,yes,derived,unconfirmed,turbocharger,0,3,yes,yes,799,original text kept; sections added from the listing's own statements,0,package contents,batch-1
4143,BD Diesel Screamer HX35 Turbo Dodge 5.9L 24 Valve Cummins 2500/3500 1999–2002 — 1045758,turbocharger,Brand New,P5,,no,,,,0,3,yes,yes,842,not started,0,,
4144,"BD Diesel Iron Horn Turbo Manifold Package Dodge/RAM 6.7L Cummins 2007–2018, S364SXE/80 0.91 AR — 1045294",turbocharger,Brand New,P5,,no,,,,0,5,yes,yes,861,not started,0,,
4145,"BD Diesel Iron Horn Turbo Manifold Package Dodge/RAM 6.7L Cummins 2007–2018, S363SXE/76 0.91 AR — 1045292",turbocharger,Brand New,P5,,no,,,,0,5,yes,yes,861,not started,0,,
4146,"BD Diesel Iron Horn Turbo Manifold Package Dodge/RAM 6.7L Cummins 2007–2018, S363SXE/80 0.91 AR — 1045293",turbocharger,Brand New,P5,,no,,,,0,5,yes,yes,861,not started,0,,
4147,"BD Diesel Iron Horn Turbo Manifold Package Dodge/RAM 6.7L Cummins 2007–2018, S364SXE/80 1.00 AR — 1045295",turbocharger,Brand New,P5,,no,,,,0,5,yes,yes,861,not started,0,,
4148,"BD Diesel Iron Horn Turbo Manifold Package Dodge/RAM 6.7L Cummins 2007–2018, S366SXE/80 0.91 AR — 1045296",turbocharger,Brand New,P5,,no,,,,0,5,yes,yes,861,not started,0,,
4149,"BD Diesel Iron Horn Turbo Manifold Package Dodge/RAM 6.7L Cummins 2007–2018, S366SXE/80 1.00 AR — 1045297",turbocharger,Brand New,P5,,no,,,,0,5,yes,yes,861,not started,0,,
4150,"BD Diesel Iron Horn Turbo Manifold Package Dodge/RAM 6.7L Cummins 2007–2018, S369SXE/80 0.91 AR — 1045298",turbocharger,Brand New,P5,,no,,,,0,5,yes,yes,861,not started,0,,
4151,"BD Diesel Iron Horn Turbo Manifold Package Dodge/RAM 6.7L Cummins 2007–2018, S369SXE/80 1.00 AR — 1045299",turbocharger,Brand New,P5,,no,,,,0,5,yes,yes,861,not started,0,,
4152,BD Diesel Super B Killer SX-E S361 Turbo Kit Dodge 5.9L Cummins 1994–2002 — 1045265,turbocharger,Brand New,P2,turbo-supercharger,yes,derived,unconfirmed,turbocharger,0,3,yes,yes,867,original text kept; sections added from the listing's own statements,0,package contents,batch-1
4153,BD Diesel Super B 600 SX-E S364.5 Turbo Kit Dodge 5.9L Cummins 1994–2002 — 1045250,turbocharger,Brand New,P2,turbo-supercharger,yes,derived,unconfirmed,turbocharger,0,3,yes,yes,866,original text kept; sections added from the listing's own statements,0,package contents,batch-1
4154,BD Diesel Up-Pipes Kit Ford 7.3L Power Stroke 1999.5-2003 F-250 / F-350 / Excursion / E-350 — 1043900,turbocharger,Brand New,P5,,no,,,,0,3,yes,yes,814,not started,0,,
4155,BD Diesel Killer Grid Heater Upgrade Kit Dodge/RAM 6.7L Cummins 2500/3500 Pick-up 3500/4500/5500 Cab & Chassis 2007–2024 — 1041520,turbocharger,Brand New,P5,,no,,,,0,5,yes,yes,898,not started,0,,
4156,BD Diesel Killer Dowel Pin (KDP) Dodge 24-valve 5.9L Cummins 1998–2002 — 1040183,engine,Brand New,P5,,no,,,,0,3,yes,yes,863,not started,0,,
4157,BD Diesel Killer Dowel Pin (KDP) Dodge 12-valve 5.9L Cummins 1994–1998 — 1040182,engine,Brand New,P5,,no,,,,0,3,yes,yes,887,not started,0,,
4158,BD Diesel VE Pump Fuel Pin & Spring Kit Dodge 5.9L Cummins 1989–1993 — 1040178,engine,Brand New,P3,fuel-kit,yes,derived,unconfirmed,fuel,0,3,yes,yes,862,original text kept; sections added from the listing's own statements,0,package contents,batch-2
4159,BD Diesel End Links (pair) Chevy/GM Duramax 2500 HD / 3500HD Silverado/sierra 2001–2019 — 1032126,suspension,Brand New,P3,suspension-kit,yes,derived,unconfirmed,suspension,0,5,yes,yes,925,original text kept; sections added from the listing's own statements,0,package contents,batch-2
4160,BD Diesel Short Shift - 5-spd NV 4500 24-valve Diesel & HEMI Dodge Cummins 1998.5-2003 — 1031056,transmission,Brand New,P5,,no,,,,0,3,yes,yes,827,not started,0,,
4161,BD Diesel Short Shift - 6-speed NV 5600 - Dodge 2003–2005 — 1031055,transmission,Brand New,P5,,no,,,,0,3,yes,yes,781,not started,0,,
4162,BD Diesel Short Shift Kit - 6-speed NV 5600 Dodge Cummins 1999–2002 — 1031050,transmission,Brand New,P5,,no,,,,0,3,yes,yes,785,not started,0,,
4163,BD Diesel 2 Low UnLoc Chevy 2014-up - 2015–2019 2500–3500 4wd / 2014–2019 1500 4wd / 2015–2020 SUV 4wd — 1030711,electronics,Brand New,P5,,yes,derived,listed,,1,1,yes,yes,1814,original text kept; sections added from the listing's own statements,0,specifications,batch-2 (stated only)
4164,BD Diesel 2 Low UnLoc Dodge 4wd - 1500 2009–2024 / 2500 2014–2024 / 3500 2013–2024 / 4500–5500 2019–2024 — 1030705,electronics,Brand New,P5,,yes,derived,listed,,1,1,yes,yes,1731,original text kept; sections added from the listing's own statements,0,specifications,batch-2 (stated only)
4165,BD Diesel 2 Low UnLoc Dodge 1994–2002 CAD Front Axle - 1994–2002 2500–3500 4wd / 1994–2001 1500 4wd — 1030703,electronics,Brand New,P2,transfer-case-differential,yes,derived,unconfirmed,drivetrain,0,1,yes,yes,1420,original text kept; sections added from the listing's own statements,0,package contents; specifications,batch-1
4166,BD Diesel AutoLoc Ford 7.3L Power Stroke 1990–2003 / Dodge 5.9L Cummins 1994–2005 / Chevy 6.5L Duramax 1992–2000 — 1030390,transmission,Brand New,P5,,no,,,,0,5,yes,yes,1019,not started,0,,
4167,BD Diesel PROTECT68 Gasket Plate KIT Dodge 6.7L Cummins 68RFE 2019–2024 — 1030375,transmission,Brand New,P5,,no,,,,0,3,yes,yes,781,not started,0,,
4168,BD Diesel Protect68 Gasket Plate Kit Dodge 6.7L Cummins 68RFE 2007.5-2018 — 1030373,transmission,Brand New,P5,,no,,,,0,3,yes,yes,806,not started,0,,
4169,BD Diesel Protect68 Pressure Control Kit Dodge 6.7L Cummins 68RFE 2007.5-2018 — 1030362,transmission,Brand New,P5,,no,,,,0,3,yes,yes,810,not started,0,,
4170,"BD Diesel BD-Built Duramax LBZ CR Injector 60hp-90hp Chevy 2006–2007 6.6L, 33% (60hp) — 1716610",engine,Refurbished,P5,,no,,,,0,7,yes,yes,1453,not started,0,,
4171,"BD Diesel BD-Built Duramax LBZ CR Injector 60hp-90hp Chevy 2006–2007 6.6L, 43% (90hp) — 1716611",engine,Refurbished,P5,,no,,,,0,7,yes,yes,1453,not started,0,,
4172,"BD Diesel TorqueMaster Dodge 68RFE Transmission & Converter Package 2019–2024 with Billet Input Shaft, 2WD — 1064292BM",transmission,Refurbished,P1,transmission,yes,derived,unconfirmed,transmission,0,7,yes,yes,1072,original text kept; sections added from the listing's own statements,0,package contents,batch-1
4173,"BD Diesel TowMaster Dodge 48RE Transmission 2003–2004, 2WD — 1064192F",transmission,Refurbished,P1,transmission,yes,explicit entry,listed,transmission,9,7,yes,yes,987,original text kept; sections added from the listing's own statements,4,,pilot
4174,BD Diesel Exhaust Manifold & Up-pipe Kit Ford F-250/F-350/F-450/F-550 Super Duty 6.4L Power Stroke 2008–2010 — 1041484,turbocharger,Brand New,P5,,no,,,,0,3,yes,yes,867,not started,0,,
4175,BD Diesel P7100 AFC Spring Kit Dodge 12-valve 5.9L Cummins 1994–1998 — 1040181,engine,Brand New,P5,,no,,,,0,3,yes,yes,853,not started,0,,
4176,"BD Diesel Roadmaster 5R110 Transmission & Converter Package Ford 6.4L Power Stroke F-250/F-350 2008–2010, 4WD/2WD Flange — 1064654SM",transmission,Refurbished,P5,,yes,explicit entry,listed,transmission,8,7,yes,yes,1196,original text kept; sections added from the listing's own statements,1,,pilot
4177,"BD Diesel Roadmaster 5R110 Transmission & Converter Package Ford 6.0L Power Stroke F-250/F-350 2005–2007, 4WD/2WD Flange — 1064644SM",transmission,Refurbished,P5,,no,,,,0,7,yes,yes,1327,not started,0,,
4178,"BD Diesel Roadmaster 5R110 Transmission & Converter Package Ford 6.0L Power Stroke F-250/F-350 2003–2004, 4WD/2WD Flange — 1064634SM",transmission,Refurbished,P5,,no,,,,0,7,yes,yes,1303,not started,0,,
4179,"BD Diesel Roadmaster Ford 10r80 Transmission & Converter Package F-150 5.0L V8 2018–2020, 2WD — 1064622SS",transmission,Refurbished,P1,transmission,yes,derived,unconfirmed,transmission,0,7,yes,yes,1115,original text kept; sections added from the listing's own statements,0,package contents,batch-1
4180,BD Diesel VP44 Injection Pump - Dodge 2000–2002 24-valve 245hp HO 6-speed Manual — 1050031,engine,Refurbished,P5,,no,,,,0,4,yes,yes,1141,not started,0,,
4181,BD Diesel VP44 Injection Pump - Dodge 1998.5-2002 Auto / 1998.5-2002 5-speed — 1050030,engine,Refurbished,P5,,no,,,,0,4,yes,yes,1108,not started,0,,
4182,"BD Diesel Roadmaster Transmission & Converter Package 47RE Dodge RAM 2500/3500 5.9L Cummins 2000–2002, 2WD — 1064992SS",transmission,Refurbished,P1,transmission,yes,derived,unconfirmed,transmission,0,7,yes,yes,1143,original text kept; sections added from the listing's own statements,0,package contents,batch-1
4183,"BD Diesel Roadmaster Transmission & Converter Package 47RE Dodge RAM 2500/3500 5.9L Cummins 1998.5-1999, 2WD — 1064982SS",transmission,Refurbished,P1,transmission,yes,derived,unconfirmed,transmission,0,7,yes,yes,1145,original text kept; sections added from the listing's own statements,0,package contents,batch-1
4184,"BD Diesel Roadmaster Transmission & Converter Package 47RE Dodge RAM 2500/3500 5.9L Cummins 1996–1998, 2WD — 1064972SS",transmission,Refurbished,P1,transmission,yes,derived,unconfirmed,transmission,0,7,yes,yes,1143,original text kept; sections added from the listing's own statements,0,package contents,batch-1
4185,"BD Diesel Towmaster Transmission & Converter Package Aisin AS69RC RAM 3500/4500/5500 6.7L 2013–2018, 2WD Right Hand PTO — 1064272SS",transmission,Refurbished,P1,transmission,yes,derived,unconfirmed,transmission,0,7,yes,yes,1160,original text kept; sections added from the listing's own statements,0,package contents,batch-1
4186,"BD Diesel Towmaster Transmission & Converter Package Aisin AS69RC RAM 3500/4500/5500 6.7L 2013–2018, 2WD Left Hand PTO — 1064382SS",transmission,Refurbished,P1,transmission,yes,derived,unconfirmed,transmission,0,7,yes,yes,1157,original text kept; sections added from the listing's own statements,0,package contents,batch-1
4187,BD Diesel Billet Valve Cover Dodge Cummins 2003–2005 — DJPCNC100071,engine,Brand New,P5,,no,,,,0,3,yes,yes,817,not started,0,,
4188,"BD Diesel Billet Valve Cover Dodge/RAM 5.9L/6.7L Cummins 2006–2024, Natural — DJPCNC100068",engine,Brand New,P5,,no,,,,0,6,yes,yes,971,not started,0,,
4189,"BD Diesel Billet Valve Cover Dodge/RAM 5.9L/6.7L Cummins 2006–2024, Black Powder Coated — DJPCNC100075",engine,Brand New,P5,,no,,,,0,6,yes,yes,1007,not started,0,,
4190,"BD Diesel Roadmaster Transmission & Converter Package E4OD Ford F-250/F-350 7.3L Power Stroke 1995–1997, 2WD — 1064072SS",transmission,Refurbished,P1,transmission,yes,derived,unconfirmed,transmission,0,7,yes,yes,1176,original text kept; sections added from the listing's own statements,0,package contents,batch-1
4191,BD Diesel Electronic Exhaust Brake 5.0-inch RAM 2500/3500 6.7L Cummins 2013–2024 — 1027349,engine,Brand New,P5,,no,,,,0,3,yes,yes,831,not started,0,,
4192,BD Diesel Electronic Exhaust Brake 4.0in RAM 2500/3500 6.7L Cummins 2013–2024 — 1027348,engine,Brand New,P5,,no,,,,0,3,yes,yes,828,not started,0,,
4193,"BD Diesel Roadmaster Dodge 48RE Transmission & Converter Package 2005–2007, 2WD — 1064202SS",transmission,Refurbished,P1,transmission,yes,derived,unconfirmed,transmission,0,7,yes,yes,1116,original text kept; sections added from the listing's own statements,0,package contents,batch-1
4194,"BD Diesel TorqueMaster Transmission & Converter Package Dodge 68RFE 2007.5-2018 with Billet Input Shaft, 2WD — 1064262BM",transmission,Refurbished,P1,transmission,yes,derived,unconfirmed,transmission,0,7,yes,yes,1074,original text kept; sections added from the listing's own statements,0,package contents,batch-1
4195,"BD Diesel TowMaster Dodge 68RFE Transmission & Converter Package - 2007.5-2018, 2WD — 1064262SS",transmission,Refurbished,P1,transmission,yes,derived,unconfirmed,transmission,0,7,yes,yes,1088,original text kept; sections added from the listing's own statements,0,package contents,batch-1
4196,Bosch Common Rail Supply Connector Tube Dodge/RAM 5.9L Cummins 2003–2007 — F00RJ01572,electronics,Brand New,P4,,no,,,,0,1,yes,yes,337,not started,0,,
4197,Accelerator Pedal Position Sensor (APPS) - Dodge 1998–2004 5.9L — AP63458,electronics,Brand New,P5,,no,,,,0,1,yes,yes,573,not started,0,,
4198,"BD Diesel BD-Built 6.7L Cummins Injector Stock (0986435573) RAM 2013–2018 Cab & Chassis, Standard — 1715589",engine,Refurbished,P5,,no,,,,0,7,yes,yes,1292,not started,0,,
4199,"BD Diesel BD-Built 6.7L Cummins Injector Stock (0986435573) RAM 2013–2018 Cab & Chassis, Premium — 1725589",engine,Refurbished,P5,,no,,,,0,7,yes,yes,1289,not started,0,,
4200,"BD Diesel BD-Built 6.7L Cummins Injector Stock (0986435574) Dodge/RAM 2010.5-2012 Cab & Chassis w/SCR, Standard — 1715588",engine,Refurbished,P5,,no,,,,0,7,yes,yes,1306,not started,0,,
4201,"BD Diesel BD-Built 6.7L Cummins Injector Stock (0986435574) Dodge/RAM 2010.5-2012 Cab & Chassis w/SCR, Premium — 1725588",engine,Refurbished,P5,,no,,,,0,7,yes,yes,1303,not started,0,,
4202,"BD Diesel BD-Built 6.7L Cummins Injector Stock (0986435519) Dodge/RAM 2007.5-2010 Cab & Chassis w/o SCR, Standard — 1715571",engine,Refurbished,P5,,no,,,,0,7,yes,yes,1334,not started,0,,
4203,"BD Diesel BD-Built 6.7L Cummins Injector Stock (0986435519) Dodge/RAM 2007.5-2010 Cab & Chassis w/o SCR, Premium — 1725571",engine,Refurbished,P5,,no,,,,0,7,yes,yes,1331,not started,0,,
4204,"BD Diesel BD-Built Duramax LMM Injector Stock/StockPlus (0986435520) Chevy/GMC 2007–2010, Stock / Standard — 1715520",engine,Refurbished,P5,,no,,,,0,7,yes,yes,1427,not started,0,,
4205,"BD Diesel BD-Built Duramax LMM Injector Stock/StockPlus (0986435520) Chevy/GMC 2007–2010, StockPlus 5-15 HP / Standard — 1714520",engine,Refurbished,P5,,no,,,,0,7,yes,yes,1463,not started,0,,
4206,"BD Diesel BD-Built Duramax LMM Injector Stock/StockPlus (0986435520) Chevy/GMC 2007–2010, StockPlus 5-15 HP / Premium — 1724520",engine,Refurbished,P5,,no,,,,0,7,yes,yes,1460,not started,0,,
4207,"BD Diesel BD-Built Duramax LMM Injector Stock/StockPlus (0986435520) Chevy/GMC 2007–2010, Stock / Premium — 1725520",engine,Refurbished,P5,,no,,,,0,7,yes,yes,1424,not started,0,,
4208,"BD Diesel BD-Built 5.9L Cummins Injector Stock/StockPlus (0986435505) Dodge 2004.5-2007, Stock / Standard — 1715505",engine,Refurbished,P5,,no,,,,0,7,yes,yes,1310,not started,0,,
4209,"BD Diesel BD-Built 5.9L Cummins Injector Stock/StockPlus (0986435505) Dodge 2004.5-2007, StockPlus 5-15 HP / Standard — 1714505",engine,Refurbished,P5,,no,,,,0,7,yes,yes,1346,not started,0,,
4210,"BD Diesel BD-Built 5.9L Cummins Injector Stock/StockPlus (0986435505) Dodge 2004.5-2007, StockPlus 5-15 HP / Premium — 1724505",engine,Refurbished,P5,,no,,,,0,7,yes,yes,1343,not started,0,,
4211,"BD Diesel BD-Built 5.9L Cummins Injector Stock/StockPlus (0986435505) Dodge 2004.5-2007, Stock / Premium — 1725505",engine,Refurbished,P5,,no,,,,0,7,yes,yes,1307,not started,0,,
4212,"BD Diesel BD-Built Duramax LLY Injector Stock/StockPlus (0986435504) Chevy/GMC 2004.5-2006, Stock / Standard — 1715504",engine,Refurbished,P5,,no,,,,0,7,yes,yes,1401,not started,0,,
4213,"BD Diesel BD-Built Duramax LLY Injector Stock/StockPlus (0986435504) Chevy/GMC 2004.5-2006, StockPlus 5-15 HP / Standard — 1714504",engine,Refurbished,P5,,no,,,,0,7,yes,yes,1437,not started,0,,
4214,"BD Diesel BD-Built Duramax LLY Injector Stock/StockPlus (0986435504) Chevy/GMC 2004.5-2006, StockPlus 5-15 HP / Premium — 1724504",engine,Refurbished,P5,,no,,,,0,7,yes,yes,1434,not started,0,,
4215,"BD Diesel BD-Built Duramax LLY Injector Stock/StockPlus (0986435504) Chevy/GMC 2004.5-2006, Stock / Premium — 1725504",engine,Refurbished,P5,,no,,,,0,7,yes,yes,1398,not started,0,,
4216,"BD Diesel BD-Built 5.9L Cummins Injector Stock/StockPlus (0986435503) Dodge 2003–2004, Stock / Standard — 1715503",engine,Refurbished,P5,,no,,,,0,7,yes,yes,1308,not started,0,,
4217,"BD Diesel BD-Built 5.9L Cummins Injector Stock/StockPlus (0986435503) Dodge 2003–2004, StockPlus 5-15 HP / Standard — 1714503",engine,Refurbished,P5,,no,,,,0,7,yes,yes,1344,not started,0,,
4218,"BD Diesel BD-Built 5.9L Cummins Injector Stock/StockPlus (0986435503) Dodge 2003–2004, StockPlus 5-15 HP / Premium — 1724503",engine,Refurbished,P5,,no,,,,0,7,yes,yes,1341,not started,0,,
4219,"BD Diesel BD-Built 5.9L Cummins Injector Stock/StockPlus (0986435503) Dodge 2003–2004, Stock / Premium — 1725503",engine,Refurbished,P5,,no,,,,0,7,yes,yes,1305,not started,0,,
4220,"BD Diesel BD-Built Duramax LB7 Injector Stock/StockPlus (0986435502) Chevy/GMC 2001–2004, Stock / Standard — 1715502",engine,Refurbished,P5,,no,,,,0,7,yes,yes,1382,not started,0,,
4221,"BD Diesel BD-Built Duramax LB7 Injector Stock/StockPlus (0986435502) Chevy/GMC 2001–2004, StockPlus 5-15 HP / Standard — 1714502",engine,Refurbished,P5,,no,,,,0,7,yes,yes,1418,not started,0,,
4222,"BD Diesel BD-Built Duramax LB7 Injector Stock/StockPlus (0986435502) Chevy/GMC 2001–2004, StockPlus 5-15 HP / Premium — 1724502",engine,Refurbished,P5,,no,,,,0,7,yes,yes,1415,not started,0,,
4223,"BD Diesel BD-Built Duramax LB7 Injector Stock/StockPlus (0986435502) Chevy/GMC 2001–2004, Stock / Premium — 1725502",engine,Refurbished,P5,,no,,,,0,7,yes,yes,1379,not started,0,,
4224,BD Diesel 2 Low UnLoc Chevy 2001–2014 2001–2014 2500–3500 4wd / 2001–2013 1500 4wd — 1030710,electronics,Brand New,P5,,yes,derived,listed,,1,1,yes,yes,1709,original text kept; sections added from the listing's own statements,0,specifications,batch-2 (stated only)
4225,"BD Diesel TowMaster Ford E4OD Transmission & Converter Package - 1995–1997, 2WD — 1064422SM",transmission,Refurbished,P1,transmission,yes,derived,unconfirmed,transmission,0,7,yes,yes,1115,original text kept; sections added from the listing's own statements,0,package contents,batch-1
4226,"BD Diesel Roadmaster RAM 68RFE Transmission RAM 6.7L Cummins 2019–2024, 2WD — 1064302",transmission,Refurbished,P1,transmission,yes,derived,unconfirmed,transmission,0,7,yes,yes,1033,original text kept; sections added from the listing's own statements,0,package contents,batch-1
4227,"BD Diesel Venom CP3 Conversion Kit with Standard Pump - Chevy/GMC Duramax 6.6L 2011–2016 2500/3500, Kit w/stock CP3 Pump — 1050496",engine,Brand New,P3,fuel-kit,yes,derived,unconfirmed,fuel,0,5,yes,yes,1042,original text kept; sections added from the listing's own statements,0,package contents,batch-2
4228,BD Diesel Injector Connector W/pigtail Chevy/GM Duramax L5P 2017–2022 (4-pack) — 1050458,electronics,Brand New,P5,,yes,derived,listed,,1,1,yes,yes,933,original text kept; sections added from the listing's own statements,0,specifications,batch-2 (stated only)
4229,BD Diesel Injector Connector W/pigtail Chevy/GM Duramax L5P 2017–2022 (single) — 1050457,electronics,Brand New,P5,,yes,derived,listed,,1,1,yes,yes,933,original text kept; sections added from the listing's own statements,0,specifications,batch-2 (stated only)
4230,"BD Diesel PMD (Grey) Extension Cable 72-inch - Chevy/GMC 6.5L 1994–2000, Grey / 72 inches — 1036533",electronics,Brand New,P5,,no,,,,0,1,yes,yes,646,not started,0,,
4231,"BD Diesel PMD (Black) Extension Cable 40-inch - Chevy/GMC 6.5L 1994–2000, Black / 40 inches — 1036530",electronics,Brand New,P5,,no,,,,0,1,yes,yes,649,not started,0,,
4232,BD Diesel Electronic Exhaust Brake 5.0in RAM 2500/3500 6.7L Cummins 2007.5-2012 — 1027347,engine,Brand New,P5,,no,,,,0,3,yes,yes,830,not started,0,,
4233,BD Diesel Passenger Side Up-pipe Chevy/GMC LB7 Duramax 2001–2004 — 1043803,turbocharger,Brand New,P5,,no,,,,0,3,yes,yes,841,not started,0,,
4234,BD Diesel Injection Pump Stock Exchange CP3 Chevy LBZ/LMM Duramax 2006–2010 — 1050112,engine,Refurbished,P5,,no,,,,0,4,yes,yes,1251,not started,0,,
4235,Bosch 6.7L Cummins Common Rail Supply Connector Tube - Cummins 6.7L Dodge 2007–2018 — F00RC00647,electronics,Brand New,P5,,no,,,,0,1,yes,yes,509,not started,0,,
4236,BD Diesel Cold Side Intercooler Pipe Kit Ford 6.7L Power Stroke 2011–2016 — 1047038,turbocharger,Brand New,P3,cooling-kit,yes,derived,unconfirmed,cooling,0,3,yes,yes,836,original text kept; sections added from the listing's own statements,0,package contents,batch-2
4237,BD Diesel Duramax CP4 Pump - Chevy 2011–2016 6.6L LGM/LML — 0986437421,engine,Refurbished,P5,,no,,,,0,4,yes,yes,1130,not started,0,,
4238,BD Diesel Venom Lift Pump Replacement Filter Dual-Pack - Fuel & Water Separator — 1050341,engine,Brand New,P5,,no,,,,0,2,yes,yes,1004,not started,0,,
4239,BD Diesel Venom Fuel Lift Pump with Filter & Separator Chevy 6.6L Duramax 2001–2010 — 1050322,engine,Brand New,P5,,no,,,,0,5,yes,yes,1087,not started,0,,
4240,BD Diesel Threaded Filter Adapter Dodge 6.7L Cummins 68RFE 2007.5-2024 — 1030374,transmission,Brand New,P5,,no,,,,0,3,yes,yes,842,not started,0,,
4241,"BD Diesel Injector, Stock - DI Code AE #8-Cylinder (1833640C1) Ford 7.3L Power Stroke 1999.5-2003 — UP7003-PP",engine,Refurbished,P5,,no,,,,0,6,yes,yes,1265,not started,0,,
4242,"BD Diesel Injector, Stock -DI Code AD Cylinders 1-7 (1831489C1) Ford 7.3L Power Stroke 1999.5-2003 — UP7002-PP",engine,Refurbished,P5,,no,,,,0,6,yes,yes,1266,not started,0,,
4243,BD Diesel Injector - DI Code AB (1825125C1) Ford 7.3L Power Stroke 1996–1998.5 — UP7000-PP,engine,Refurbished,P5,,no,,,,0,7,yes,yes,1285,not started,0,,
4244,BD Diesel Injector - DI Code AA (1821836C2) Ford 7.3L Power Stroke 1994–1997 — UP6999-PP,engine,Refurbished,P5,,no,,,,0,6,yes,yes,1258,not started,0,,
4245,BD Diesel Replacement Filter Cartridge - Coolant Filter - Ford 6.0L Power Stroke 2003–2007 — P554685,electronics,Brand New,P5,,no,,,,0,1,yes,yes,579,not started,0,,
4246,BD Diesel Bully Dog Unlock Cable - Dodge 2013-up — BUL42214,electronics,Brand New,P4,,no,,,,0,1,yes,yes,349,not started,0,,
4247,High Pressure Oil Pump Ford 6.0L DI 2003–2004 Bostech — BOSHPOP-123X,engine,Refurbished,P5,,no,,,,0,2,yes,yes,1009,not started,0,,
4248,High Pressure Oil Pump Ford 6.0L DI 2004.5-2008 Bostech — BOSHPOP-122X,engine,Refurbished,P5,,no,,,,0,2,yes,yes,1011,not started,0,,
4249,High Press Oil Pump Ford 7.3L DI 1999.5-2003 Bostech — BOSHPOP-008X,engine,Refurbished,P5,,no,,,,0,2,yes,yes,1008,not started,0,,
4250,"Injector, Stock - Ford 6.4L Power Stroke 2008–2010 — AP64900",electronics,Refurbished,P5,,no,,,,0,2,yes,yes,990,not started,0,,
4251,Stock Fuel Injector Ford 6.0L Power Stroke 2004–2007 (after 09/21/2003) — AP60901,electronics,Refurbished,P5,,no,,,,0,2,yes,yes,1671,not started,0,,
4252,Stock Fuel Injector Ford 6.0L Power Stroke 2003–2004 (up to 09/21/2003) — AP60900,electronics,Refurbished,P5,,no,,,,0,2,yes,yes,1585,not started,0,,
4253,Injector Seal Kit Ford 6.0L 2003–2008 — AP0002,electronics,Brand New,P3,fuel-kit,yes,derived,unconfirmed,fuel,0,1,yes,yes,426,original text kept; sections added from the listing's own statements,0,package contents; specifications,batch-2
4254,Exchange Turbo - Ford 2011–2014 6.7L Pick-up — 851824-5001,turbocharger,Refurbished,P2,turbo-supercharger,yes,derived,unconfirmed,turbocharger,0,3,yes,yes,794,original text kept; sections added from the listing's own statements,0,package contents,batch-1
4255,"Vane Control Valve Solenoid, Garrett VGT - Ford 2003–2007 6.0L Power Stroke – GM 2004–2016 6.6L Duramax (OE# 5C3Z6F089BA) — 792593-0001",turbocharger,Brand New,P5,,no,,,,0,4,yes,yes,1109,not started,0,,
4256,"Vane Position Sensor, Garrett GT37 - Chevy Duramax 6.6L 2004.5-2016 (LLY Require Adapter Cable 771864–0001) — 763527-0712",turbocharger,Brand New,P5,,yes,derived,stated,,0,2,yes,yes,1160,original text kept; sections added from the listing's own statements,1,specifications,batch-2 (stated only)
4257,BD Diesel Dodge Valve Body Transducer 1996–1999 47RE — 56041403AA,transmission,Brand New,P5,,no,,,,0,2,yes,yes,817,not started,0,,
4258,BD Diesel CCV Replacement Filter Element — 1302171,engine,Brand New,P5,,no,,,,0,3,yes,yes,811,not started,0,,
4259,BD Diesel Cool Down Timer Kit v2.0 — 1081160,electronics,Brand New,P5,,no,,,,0,1,yes,yes,1514,not started,0,,
4260,BD Diesel Low Fuel Pressure Light & Alarm Kit Dodge 24-valve 5.9L Cummins 1998–2007 — 1081130,electronics,Brand New,P3,fuel-kit,yes,derived,unconfirmed,fuel,0,1,yes,yes,899,original text kept; sections added from the listing's own statements,0,package contents; specifications,batch-2
4261,BD Diesel HI5 Torque Converter Rebuild Kit Dodge Cummins 47RE/48RE 1994–2007 — 1071269,transmission,Brand New,P5,,no,,,,0,2,yes,yes,712,not started,0,,
4262,BD Diesel High Power Injection Pump P7100 400hp 3200rpm Dodge Cummins 5-speed Manual Transmission 1996–1998 — 1052913,engine,Refurbished,P5,,no,,,,0,3,yes,yes,1055,not started,0,,
4263,BD Diesel High Power Injection Pump P7100 400hp 3200rpm Dodge Cummins Automatic Transmission 1996–1998 — 1052911,engine,Refurbished,P5,,no,,,,0,3,yes,yes,1050,not started,0,,
4264,BD Diesel High Power Injection Pump P7100 300hp 3000rpm Dodge Cummins 5-speed Manual Transmission 1996–1998 — 1051913,engine,Refurbished,P5,,no,,,,0,3,yes,yes,1055,not started,0,,
4265,BD Diesel High Power Injection Pump P7100 300hp 3000rpm Dodge Cummins Automatic Transmission 1996–1998 — 1051911,engine,Refurbished,P5,,no,,,,0,3,yes,yes,1050,not started,0,,
4266,BD Diesel High Power Injection Pump P7100 300hp 3000rpm Dodge Cummins Automatic Transmission 1994–1995 — 1051854,engine,Refurbished,P5,,no,,,,0,3,yes,yes,1050,not started,0,,
4267,BD Diesel High Power Injection Pump P7100 300hp 3000rpm Dodge Cummins 5-speed Manual Transmission 1994–1995 — 1051841,engine,Refurbished,P5,,no,,,,0,3,yes,yes,1055,not started,0,,
4268,BD Diesel P7100 Stock Exchange injection Pump Dodge Cummins 5-speed Manual Transmission 1996–1998 — 1050913,engine,Refurbished,P5,,no,,,,0,4,yes,yes,1082,not started,0,,
4269,BD Diesel P7100 Stock Exchange injection Pump Dodge Cummins Automatic Transmission 1996–1998 — 1050911,engine,Refurbished,P5,,no,,,,0,4,yes,yes,1077,not started,0,,
4270,BD Diesel P7100 Stock Exchange injection Pump Dodge Cummins Automatic Transmission 1994–1995 — 1050854,engine,Refurbished,P5,,no,,,,0,4,yes,yes,1077,not started,0,,
4271,BD Diesel P7100 Stock Exchange injection Pump Dodge Cummins 5-speed Manual Transmission 1994–1995 — 1050841,engine,Refurbished,P5,,no,,,,0,4,yes,yes,1082,not started,0,,
4272,BD Diesel R900 12mm Duramax Stroker CP3 Injection Pump 6.6L Chevy Duramax 2001–2010 — 1050651,engine,Refurbished,P5,,no,,,,0,6,yes,yes,1277,not started,0,,
4273,BD Diesel R900 12mm Stroker CP3 Injection Pump Dodge 5.9L/6.7L Cummins 2003–2018 — 1050551,engine,Refurbished,P5,,no,,,,0,6,yes,yes,1118,not started,0,,
4274,BD Diesel Stealth Cover for High Performance VP44 Injection Pump Dodge 24-valve 5.9L 1998.5-2002 — 1050201,engine,Brand New,P5,,no,,,,0,3,yes,yes,932,not started,0,,
4275,BD Diesel High Performance VP44 Injection Pump Dodge 24-valve 5.9L Cummins 1998.5-2002 — 1050127HP,engine,Refurbished,P5,,no,,,,0,3,yes,yes,1087,not started,0,,
4276,BD Diesel Injection Pump Stock Exchange CP3 Chevy LLY 6.6L Duramax 2004.5-2005 — 1050111,engine,Refurbished,P5,,no,,,,0,4,yes,yes,1128,not started,0,,
4277,BD Diesel Injection Pump Stock Exchange CP3 Chevy LB7 6.6L Duramax 2001–2004 — 1050110,engine,Refurbished,P5,,no,,,,0,4,yes,yes,1126,not started,0,,
4278,BD Diesel CP3 Injection Pump Stock Exchange Dodge 6.7L Cummins 2007.5-2018 — 1050106,engine,Refurbished,P5,,no,,,,0,4,yes,yes,1053,not started,0,,
4279,BD Diesel CP3 Injection Pump Stock Exchange Dodge 5.9L Cummins 2003–2007 — 1050105,engine,Refurbished,P5,,no,,,,0,4,yes,yes,1051,not started,0,,
4280,BD Diesel T3 Mount Turbo Pedestal Chevy Duramax 2001–2007 — 1046203,turbocharger,Brand New,P5,,no,,,,0,3,yes,yes,956,not started,0,,
4281,"BD Diesel Down Pipe Kit, 4in HX40/Super B Dodge 5.9L Cummins 1994–2002 — 1045223",turbocharger,Brand New,P5,,no,,,,0,3,yes,yes,864,not started,0,,
4282,BD Diesel Up-pipes Kit Chevy/GMC LB7 Duramax 2001–2004 — 1043800,turbocharger,Brand New,P5,,no,,,,0,3,yes,yes,831,not started,0,,
4283,BD Diesel Intercooler Intake Pipe Dodge 6.7L Cummins 2007–2009 — 1042595,turbocharger,Brand New,P5,,no,,,,0,3,yes,yes,772,not started,0,,
4284,BD Diesel Intercooler Intake Pipe Dodge 5.9L Cummins 2003–2007 — 1042590,turbocharger,Brand New,P5,,no,,,,0,3,yes,yes,772,not started,0,,
4285,"BD Diesel P7100 Fuel Control Plate Dodge 1994–1998 12-valve, #12 — 1040195",engine,Brand New,P5,,no,,,,0,5,yes,yes,877,not started,0,,
4286,"BD Diesel P7100 Fuel Control Plate Dodge 1994–1998 12-valve, #6 — 1040192",engine,Brand New,P5,,no,,,,0,5,yes,yes,874,not started,0,,
4287,"BD Diesel P7100 Fuel Control Plate Dodge 1994–1998 12-valve, #8 — 1040193",engine,Brand New,P5,,no,,,,0,5,yes,yes,874,not started,0,,
4288,"BD Diesel P7100 Fuel Control Plate Dodge 1994–1998 12-valve, #11 — 1040194",engine,Brand New,P5,,no,,,,0,5,yes,yes,877,not started,0,,
4289,"BD Diesel P7100 Fuel Control Plate Dodge 1994–1998 12-valve, #5 — 1040196",engine,Brand New,P5,,no,,,,0,5,yes,yes,874,not started,0,,
4290,"BD Diesel P7100 Fuel Control Plate Dodge 1994–1998 12-valve, #10 — 1040197",engine,Brand New,P5,,no,,,,0,5,yes,yes,877,not started,0,,
4291,BD Diesel P7100 Governor Spring Kit 3000rpm Dodge 12-valve Cummins 1994–1998 — 1040187,engine,Brand New,P5,,no,,,,0,3,yes,yes,861,not started,0,,
4292,BD Diesel P7100 Delivery Valve Kit Dodge 12-valve Cummins 1994–1998 — 1040186,engine,Brand New,P5,,no,,,,0,3,yes,yes,852,not started,0,,
4293,BD Diesel P7100 Governor Spring Kit 4000rpm Dodge 12-valve Cummins 1994–1998 — 1040185,engine,Brand New,P5,,no,,,,0,3,yes,yes,861,not started,0,,
4294,BD Diesel Killer Frost Plug Plate Dodge 5.9L/6.7L Cummins 2003–2018 — 1040023,engine,Brand New,P5,,no,,,,0,5,yes,yes,874,not started,0,,
4295,BD Diesel Killer Frost Plug Plate Dodge 5.9L Cummins 1989–2002 — 1040022,engine,Brand New,P5,,no,,,,0,5,yes,yes,936,not started,0,,
4296,BD Diesel Crank Case Vent Filter Kit - Ford 7.3L Power Stroke 1999–2003 — 1032170,engine,Brand New,P5,,no,,,,0,3,yes,yes,836,not started,0,,
4297,BD Diesel Coolant Filter Kit Ford 6.0L Power Stroke 2003–2007 — 1032121,engine,Brand New,P5,,no,,,,0,3,yes,yes,893,not started,0,,
4298,BD Diesel LockOut Overdrive Disable Dodge Cummins 2005 — 1031350,transmission,Brand New,P5,,no,,,,0,3,yes,yes,758,not started,0,,
4299,BD Diesel Torq/UnLoc Kit Dodge 5.9L Cummins 1994–2004 /Chevy 6.5L Duramax 1992–2000 — 1030398,transmission,Brand New,P5,,no,,,,0,5,yes,yes,1011,not started,0,,
4300,BD Diesel TorqLoc Ford Power Stroke 7.3L 1990–2003/ Dodge Cummins 5.9L 1994–2005/ Chevy Duramax 6.5L 1992–2000 — 1030395,transmission,Brand New,P5,,no,,,,0,5,yes,yes,1017,not started,0,,
4301,BD Diesel Pressure Enhancer Ford 6.7L Power Stroke 6R140 2011–2019 — 1030385,transmission,Brand New,P5,,no,,,,0,5,yes,yes,884,not started,0,,
4302,Bosch 6.7L Cummins CR Fuel Rail Dodge 2007.5-2012 — 0445226044,electronics,Brand New,P5,,no,,,,0,1,yes,yes,361,not started,0,,
4303,Bosch 5.9L Cummins CR Fuel Rail Dodge 2003–2007 — 0445226014,electronics,Brand New,P5,,no,,,,0,1,yes,yes,359,not started,0,,
2117,1994.5–1997 Ford 7.3L Power Stroke OBS TP38 Turbocharger — Remanufactured,turbocharger,Refurbished,P2,turbo-supercharger,yes,derived,unconfirmed,turbocharger,0,8,yes,yes,1222,original text kept; sections added from the listing's own statements,0,package contents,batch-1
2118,1996–1997 Ford 7.3L Power Stroke OBS High-Pressure Oil Pump (HPOP) — HP005X,engine,Refurbished,P5,,no,,,,0,8,yes,yes,1439,not started,0,,
2119,1994.5–1997 Ford 7.3L Power Stroke OBS Injector Set of 8 — AA Single-Shot Super Kit,engine,Refurbished,P3,fuel-kit,yes,derived,partial,fuel,4,9,yes,yes,1591,original text kept; sections added from the listing's own statements,0,remaining contents not confirmed,batch-2
2120,1994.5–1997 Ford 7.3L Power Stroke OBS Glow Plug Set of 8 — Motorcraft ZD-30,engine,Brand New,P5,,no,,,,0,8,yes,yes,994,not started,0,,
2121,1994.5–1997 Ford 7.3L Power Stroke OBS Camshaft Position Sensor (CPS) — Motorcraft,electronics,Brand New,P5,,no,,,,0,7,yes,yes,1144,not started,0,,
2122,1994.5–1997 Ford 7.3L Power Stroke OBS Injection Control Pressure (ICP) Sensor — Ford OE,electronics,Brand New,P5,,no,,,,0,7,yes,yes,1032,not started,0,,
2123,1994.5–1997 Ford 7.3L Power Stroke OBS Injection Pressure Regulator (IPR) Valve — Alliant AP63402,engine,Brand New,P5,,no,,,,0,7,yes,yes,955,not started,0,,
2124,1994.5–1997 Ford 7.3L Power Stroke OBS Glow Plug Relay — Alliant AP63405,electronics,Brand New,P5,,no,,,,0,7,yes,yes,925,not started,0,,
2125,1994.5–1997 Ford 7.3L Power Stroke OBS Under Valve Cover Harness Kit,electronics,Brand New,P5,,yes,derived,partial,,2,5,yes,yes,997,original text kept; sections added from the listing's own statements,0,remaining contents not confirmed,batch-2 (stated only)
2126,1994.5–1997 Ford 7.3L Power Stroke OBS Exhaust Back Pressure (EBP) Sensor — Alliant AP63403,electronics,Brand New,P5,,no,,,,0,7,yes,yes,994,not started,0,,
2127,1994.5–1997 Ford 7.3L Power Stroke OBS Engine Oil Temperature (EOT) Sensor — Alliant AP63436,electronics,Brand New,P5,,no,,,,0,7,yes,yes,952,not started,0,,
2128,1994.5–1997 Ford 7.3L Power Stroke OBS Engine Oil Pressure Sensor — Alliant AP63435,electronics,Brand New,P5,,no,,,,0,7,yes,yes,914,not started,0,,
2129,1994–1995 Ford 7.3L Power Stroke OBS High-Pressure Oil Pump (HPOP) — HP004X,engine,Refurbished,P5,,no,,,,0,6,yes,yes,1148,not started,0,,
2130,1994.5–1997 Ford 7.3L Power Stroke OBS Oil Cooler Kit with Gaskets,engine,Brand New,P3,cooling-kit,yes,derived,partial,cooling,2,6,yes,yes,1063,original text kept; sections added from the listing's own statements,0,remaining contents not confirmed,batch-2
2131,1994.5–1997 Ford 7.3L Power Stroke OBS Low-Pressure Oil Pump Kit with Seal,engine,Brand New,P3,fuel-kit,yes,derived,partial,fuel,2,6,yes,yes,925,original text kept; sections added from the listing's own statements,0,remaining contents not confirmed,batch-2
2132,1996–1997 Ford 7.3L Power Stroke OBS Water Pump,engine,Refurbished,P5,,no,,,,0,6,yes,yes,893,not started,0,,
2133,1994.5–1997 Ford 7.3L Power Stroke OBS Radiator,engine,Brand New,P5,,no,,,,0,6,yes,yes,928,not started,0,,
2134,1994.5–1997 Ford 7.3L Power Stroke OBS Regulated Return Fuel System Kit — Driven Diesel,engine,Brand New,P3,fuel-kit,yes,derived,unconfirmed,fuel,0,8,yes,yes,1196,original text kept; sections added from the listing's own statements,0,package contents,batch-2
2135,1994.5–1997 Ford 7.3L Power Stroke OBS HPOP Seal Kit,engine,Brand New,P5,,no,,,,0,6,yes,yes,862,not started,0,,
2140,1996–1997 Ford 7.3L Power Stroke OBS ZF S5-47 5-Speed Manual Transmission 4x4 — Remanufactured,transmission,Refurbished,P1,transmission,yes,derived,unconfirmed,transmission,0,11,yes,yes,1512,original text kept; sections added from the listing's own statements,1,package contents,batch-1
2137,1995–1997 Ford 7.3L Power Stroke OBS E4OD Transmission & Torque Converter Package — BD Diesel,transmission,Refurbished,P1,transmission,yes,derived,partial,transmission,2,9,yes,yes,1224,original text kept; sections added from the listing's own statements,0,remaining contents not confirmed,batch-1
2138,1994.5–1997 Ford 7.3L Power Stroke OBS Starter (3-Bolt),engine,Brand New,P5,,no,,,,0,7,yes,yes,1033,not started,0,,
2139,1994.5–1997 Ford 7.3L Power Stroke OBS Gear Reduction Starter,engine,Brand New,P5,,no,,,,0,7,yes,yes,1012,not started,0,,
2115,"Toyota 1UZ-FE Non-VVT-i Complete Swap Package — Engine, Transmission, ECU & Harness",engine,Used — Inspected & Tested,P1,engine-assembly,yes,explicit entry,listed,engine,4,14,yes,yes,7600,original text kept; sections added from the listing's own statements,1,,pilot
2114,Ford 7.3L Godzilla Supercharged Engine Package,engine,Brand New,P1,engine-assembly,yes,explicit entry,partial,engine,4,9,no,no,3292,original text kept; sections added from the listing's own statements,0,remaining contents not confirmed; fitment,pilot
2113,Cardone Remanufactured Power Steering Pump,aftermarket,Refurbished,P5,,no,,,,0,1,yes,no,578,not started,0,,
2102,Saginaw P-Series Power Steering Pump (Canned Ham),engine,Brand New,P5,,no,,,,0,5,yes,yes,803,not started,0,,
2103,GM Type II (TC/CB Series) Power Steering Pump,engine,Brand New,P5,,no,,,,0,5,yes,yes,834,not started,0,,
2104,CBR/CBX Racing Series Power Steering Pump,engine,Brand New,P5,,no,,,,0,5,yes,yes,812,not started,0,,
2105,Turn One Power Steering Pump,engine,Brand New,P5,,no,,,,0,5,yes,no,764,not started,0,,
2106,Borgeson Universal Power Steering Pump,engine,Brand New,P5,,no,,,,0,5,yes,no,761,not started,0,,
2107,UniSteer Performance Power Steering Pump,engine,Brand New,P5,,no,,,,0,5,yes,no,751,not started,0,,
2108,PSC Motorsports Power Steering Pump,engine,Brand New,P5,,no,,,,0,4,yes,no,768,not started,0,,
2109,Tuff Stuff Performance Power Steering Pump (Chrome),engine,Brand New,P5,,no,,,,0,5,yes,no,740,not started,0,,
2110,ACDelco GM Original Equipment Power Steering Pump,engine,Brand New,P5,,no,,,,0,5,yes,yes,696,not started,0,,
2111,Motorcraft Power Steering Pump,engine,Brand New,P5,,no,,,,0,4,yes,yes,656,not started,0,,
2112,Delphi Power Steering Pump,engine,Brand New,P5,,no,,,,0,4,yes,yes,602,not started,0,,
2101,Universal Power Steering Pump,engine,Brand New,P5,,no,,,,0,4,yes,no,676,not started,0,,
2099,1947 Chrysler External Sun Visor (Fulton Style),aftermarket,Used,P5,,no,,,,0,1,yes,no,542,not started,0,,
2100,Hino FD500 Complete Gearbox (Casting 33111-2271),aftermarket,Refurbished,P1,transmission,yes,derived,unconfirmed,transmission,0,1,yes,yes,566,original text kept; sections added from the listing's own statements,0,package contents; specifications,batch-1
2098,Jaguar XF X260 Bonnet (Corris Grey),aftermarket,Used,P5,,no,,,,0,1,yes,no,563,not started,0,,
2097,"20"" BMW M5 (F90) Wheels / Rims Set - Gloss Black (New)",wheels-tires,Brand New,P5,,yes,derived,stated,,0,5,yes,yes,1083,original text kept; sections added from the listing's own statements,2,,batch-2 (stated only)
2089,Ottocast Mini Tube T4 Wireless CarPlay Adapter,electronics,Brand New,P5,,no,,,,0,6,no,no,982,not started,0,,
2091,Wilwood Big Brake Kit - Nissan Skyline R32/R33/R34 (RB26DETT),brakes,Brand New,P3,brake-kit,yes,derived,unconfirmed,brakes,0,4,yes,no,1057,original text kept; sections added from the listing's own statements,0,package contents,batch-2
2092,Wilwood Rear Big Brake Kit - BMW E9x 3-Series (N54/S55),brakes,Brand New,P3,brake-kit,yes,derived,unconfirmed,brakes,0,5,yes,no,998,original text kept; sections added from the listing's own statements,0,package contents,batch-2
2093,CEIKA Big Brake Kit - Toyota Supra MK4 (2JZ-GTE),brakes,Brand New,P3,brake-kit,yes,derived,unconfirmed,brakes,0,4,yes,no,1000,original text kept; sections added from the listing's own statements,0,package contents,batch-2
2094,Volk Racing TE37 Wheel Set - Toyota Supra MK4 (A80),wheels-tires,Brand New,P5,,no,,,,0,5,yes,no,935,not started,0,,
2095,Method Race Wheels MR301 The Standard - Toyota Hilux / Ford Ranger,wheels-tires,Brand New,P5,,no,,,,0,5,yes,no,1036,not started,0,,
2096,Fuel Off-Road D611 Stroke Wheel Set - Toyota Hilux / Ford Ranger,wheels-tires,Brand New,P3,fuel-kit,yes,derived,unconfirmed,fuel,0,5,yes,no,970,original text kept; sections added from the listing's own statements,0,package contents,batch-2
2086,Volkswagen Caddy Maxi Load Area Liner,interior,Brand New,P4,,no,,,,0,1,yes,no,226,not started,0,,
2085,Volkswagen Caddy Maxi Side Steps / Running Boards,body-parts,Brand New,P4,,no,,,,0,1,yes,no,277,not started,0,,
2084,Volkswagen Caddy Maxi Aluminium Roof Rack,4x4-accessories,Brand New,P4,,no,,,,0,1,yes,no,307,not started,0,,
2080,BMW 2000 NK Front & Rear Window Seals (Rubber),body-parts,Brand New,P4,,no,,,,0,1,yes,no,281,not started,0,,
2079,Original Behr A/C System (Classic BMW),aftermarket,Used,P5,,no,,,,0,1,yes,yes,435,not started,0,,
2078,BMW 1972 Automatic Transmission (ZF 3HP),transmission,Used,P1,transmission,yes,explicit entry,partial,transmission,1,1,yes,yes,492,original text kept; sections added from the listing's own statements,0,remaining contents not confirmed; specifications,pilot
2082,Volkswagen RCD 330 CarPlay & Android Auto Head Unit,electronics,Brand New,P5,,no,,,,0,1,yes,yes,448,not started,0,,
2083,Forge Motorsport Induction Kit for VW Golf Mk5 R32,engine,Brand New,P5,,no,,,,0,0,yes,yes,441,not started,0,,
161,Ford F-150 Interior Upgrade Kit,interior,Brand New,P5,,no,,,,0,5,yes,no,1055,not started,0,,
162,Ford Mustang S550 Katzkin Leather Seat Kit,interior,Brand New,P5,,no,,,,0,5,yes,no,1120,not started,0,,
163,Ford Ranger Interior Upgrade Kit,interior,Brand New,P5,,no,,,,0,5,yes,no,1056,not started,0,,
164,Honda Civic FK8 Interior Upgrade Kit,interior,Brand New,P5,,no,,,,0,5,yes,no,1083,not started,0,,
165,Honda Civic FK8 Type R Interior Upgrade Kit,interior,Brand New,P5,,no,,,,0,5,yes,no,1101,not started,0,,
166,Nissan 350Z MOMO MOD 07 Steering Wheel,interior,Brand New,P5,,no,,,,0,5,yes,no,1084,not started,0,,
167,Nissan 370Z Interior Upgrade Kit,interior,Brand New,P5,,no,,,,0,5,yes,no,1043,not started,0,,
168,Subaru WRX STI Interior Performance Kit,interior,Brand New,P5,,no,,,,0,5,yes,no,1086,not started,0,,
169,Toyota GR Supra A90 Interior Upgrade Kit,interior,Brand New,P5,,no,,,,0,5,yes,no,1077,not started,0,,
170,Toyota Hilux Interior Upgrade Kit,interior,Brand New,P5,,no,,,,0,5,yes,no,1052,not started,0,,
171,Toyota Tacoma Dashboard Cover Kit,interior,Brand New,P5,,no,,,,0,5,yes,no,1067,not started,0,,
172,Volkswagen Golf GTI MK7 Interior Upgrade Kit,interior,Brand New,P5,,no,,,,0,5,yes,no,1094,not started,0,,
150,BMW G20 Widebody Aero Kit,body-parts,Brand New,P5,,no,,,,0,5,yes,no,1040,not started,0,,
151,BMW G20 3 Series Widebody Aero Kit,body-parts,Brand New,P5,,no,,,,0,5,yes,no,1085,not started,0,,
152,Carbon Fiber Hood,body-parts,Brand New,P5,,no,,,,0,6,yes,no,1030,not started,0,,
153,Ford F-150 Off-Road Body Kit,body-parts,Brand New,P5,,no,,,,0,5,yes,no,1028,not started,0,,
154,Ford Mustang S550 Widebody Kit,body-parts,Brand New,P5,,no,,,,0,5,yes,no,1063,not started,0,,
155,Ford Ranger Off-Road Body Kit,body-parts,Brand New,P5,,no,,,,0,5,yes,no,1022,not started,0,,
156,Honda Civic FK8 Widebody Aero Kit,body-parts,Brand New,P5,,no,,,,0,5,yes,no,1057,not started,0,,
157,Honda Civic FK8 Type R Widebody Aero Kit,body-parts,Brand New,P5,,no,,,,0,5,yes,no,1074,not started,0,,
158,Nissan 370Z Widebody Aero Kit,body-parts,Brand New,P5,,no,,,,0,5,yes,no,1029,not started,0,,
159,Subaru WRX STI Widebody Aero Kit,body-parts,Brand New,P5,,no,,,,0,5,yes,no,1063,not started,0,,
160,Toyota GR Supra A90 Widebody Aero Kit,body-parts,Brand New,P5,,no,,,,0,5,yes,no,1066,not started,0,,
135,AlphaRex NOVA LED Headlights,lighting,Brand New,P5,,no,,,,3,6,yes,yes,925,not started,0,,
136,Baja Designs OnX6 LED Light Bar,lighting,Brand New,P5,,no,,,,3,6,yes,yes,932,not started,0,,
137,Baja Designs Squadron Pro,lighting,Brand New,P5,,no,,,,3,6,yes,yes,933,not started,0,,
138,Diode Dynamics SS3 Fog Lights,lighting,Brand New,P5,,no,,,,3,6,yes,yes,893,not started,0,,
139,Govee RGB Interior Lights,lighting,Brand New,P5,,no,,,,3,6,yes,yes,922,not started,0,,
140,LED Side Marker Lights,lighting,Brand New,P5,,no,,,,3,6,yes,yes,848,not started,0,,
141,Morimoto XB LED Headlights,lighting,Brand New,P5,,no,,,,3,6,yes,yes,905,not started,0,,
142,Morimoto XB LED Tail Lights,lighting,Brand New,P5,,no,,,,3,6,yes,yes,928,not started,0,,
143,OPT7 Aura Underglow Kit,lighting,Brand New,P5,,no,,,,3,6,yes,yes,883,not started,0,,
144,Oracle Halo Headlights,lighting,Brand New,P5,,no,,,,3,6,yes,yes,917,not started,0,,
145,Osram Night Breaker Laser,lighting,Brand New,P5,,no,,,,2,6,yes,yes,927,not started,0,,
146,Philips Ultinon Pro9000,lighting,Brand New,P5,,no,,,,2,6,yes,yes,905,not started,0,,
147,Rigid Industries E-Series Light Bar,lighting,Brand New,P5,,no,,,,3,6,yes,yes,994,not started,0,,
148,Sequential LED Turn Signal Kit,lighting,Brand New,P5,,no,,,,3,6,yes,yes,923,not started,0,,
149,XK Glow Rock Lights,lighting,Brand New,P5,,no,,,,3,6,yes,yes,859,not started,0,,
121,AEM Wideband AFR Gauge,electronics,Brand New,P5,,no,,,,4,6,yes,yes,878,not started,0,,
122,COBB Accessport,electronics,Brand New,P5,,no,,,,4,6,yes,yes,906,not started,0,,
123,Dash Camera,electronics,Brand New,P5,,no,,,,4,6,yes,yes,851,not started,0,,
124,Digital Dash Display,electronics,Brand New,P5,,no,,,,4,6,yes,yes,937,not started,0,,
125,Electronic Boost Controller,electronics,Brand New,P5,,no,,,,4,6,yes,yes,887,not started,0,,
126,Flex Fuel Sensor Kit,electronics,Brand New,P3,fuel-kit,yes,derived,partial,fuel,4,6,yes,yes,900,original text kept; sections added from the listing's own statements,0,remaining contents not confirmed,batch-2
127,Haltech Elite ECU,electronics,Brand New,P5,,no,,,,4,6,yes,yes,941,not started,0,,
128,Haltech Nexus ECU,electronics,Brand New,P5,,no,,,,4,6,yes,yes,899,not started,0,,
129,HP Tuners MPVI3,electronics,Brand New,P5,,no,,,,4,6,yes,yes,907,not started,0,,
130,MSD Ignition System,electronics,Brand New,P5,,no,,,,4,6,yes,yes,986,not started,0,,
131,Performance Data Logger,electronics,Brand New,P5,,no,,,,4,6,yes,yes,932,not started,0,,
132,Professional OBD2 Scan Tool,electronics,Brand New,P5,,no,,,,4,6,yes,yes,901,not started,0,,
133,Shift Light Kit,electronics,Brand New,P5,,no,,,,4,6,yes,yes,895,not started,0,,
134,TPMS Kit,electronics,Brand New,P5,,no,,,,4,6,yes,yes,913,not started,0,,
95,Audi RS3 Hybrid Turbo,turbocharger,Brand New,P2,turbo-supercharger,yes,derived,partial,turbocharger,3,6,yes,yes,942,original text kept; sections added from the listing's own statements,0,remaining contents not confirmed,batch-1
96,BMW B58 Hybrid Turbo,turbocharger,Brand New,P2,turbo-supercharger,yes,derived,partial,turbocharger,3,6,yes,yes,916,original text kept; sections added from the listing's own statements,0,remaining contents not confirmed,batch-1
97,BMW N54 Hybrid Turbo Kit,turbocharger,Brand New,P2,turbo-supercharger,yes,derived,partial,turbocharger,4,6,yes,yes,935,original text kept; sections added from the listing's own statements,0,remaining contents not confirmed,batch-1
98,BorgWarner EFR 7163,turbocharger,Brand New,P5,,no,,,,3,6,yes,yes,979,not started,0,,
99,BorgWarner EFR 7670,turbocharger,Brand New,P5,,no,,,,3,6,yes,yes,941,not started,0,,
100,Front Mount Intercooler Kit,turbocharger,Brand New,P3,cooling-kit,yes,derived,partial,cooling,4,6,yes,yes,964,original text kept; sections added from the listing's own statements,0,remaining contents not confirmed,batch-2
101,Garrett GTX3076R Gen II,turbocharger,Brand New,P5,,no,,,,3,6,yes,yes,929,not started,0,,
102,Garrett GTX3582R Gen II,turbocharger,Brand New,P5,,no,,,,3,6,yes,yes,940,not started,0,,
103,Precision 6266,turbocharger,Brand New,P5,,no,,,,3,6,yes,yes,859,not started,0,,
104,Precision 6466,turbocharger,Brand New,P5,,no,,,,3,6,yes,yes,857,not started,0,,
105,Precision 6870,turbocharger,Brand New,P5,,no,,,,3,6,yes,yes,904,not started,0,,
106,Universal T4 Turbo Kit,turbocharger,Brand New,P2,turbo-supercharger,yes,derived,partial,turbocharger,5,6,yes,yes,957,original text kept; sections added from the listing's own statements,0,remaining contents not confirmed,batch-1
80,Audi DQ500 DSG Transmission,transmission,Brand New,P1,transmission,yes,derived,partial,transmission,3,5,yes,yes,899,original text kept; sections added from the listing's own statements,0,remaining contents not confirmed,batch-1
81,ZF 8HP70 Automatic Transmission for BMW 340i (F30),transmission,Brand New,P1,transmission,yes,derived,partial,transmission,3,5,yes,yes,835,original text kept; sections added from the listing's own statements,0,remaining contents not confirmed,batch-1
82,ZF 8HP90 Automatic Transmission for RAM 1500 TRX,transmission,Brand New,P1,transmission,yes,derived,partial,transmission,3,5,yes,yes,830,original text kept; sections added from the listing's own statements,0,remaining contents not confirmed,batch-1
83,Ford Performance 10R80 Automatic Transmission for Mustang GT,transmission,Brand New,P1,transmission,yes,derived,partial,transmission,3,5,yes,yes,844,original text kept; sections added from the listing's own statements,0,remaining contents not confirmed,batch-1
84,GM 4L80E Transmission,transmission,Brand New,P1,transmission,yes,derived,partial,transmission,2,5,yes,yes,826,original text kept; sections added from the listing's own statements,0,remaining contents not confirmed,batch-1
85,GM 6L80 Transmission,transmission,Brand New,P1,transmission,yes,derived,partial,transmission,3,5,yes,yes,825,original text kept; sections added from the listing's own statements,0,remaining contents not confirmed,batch-1
86,Mercedes 722.9 Transmission,transmission,Brand New,P1,transmission,yes,derived,partial,transmission,3,5,yes,yes,857,original text kept; sections added from the listing's own statements,0,remaining contents not confirmed,batch-1
87,Nissan CD009 6-Speed Manual Transmission for Nissan 350Z,transmission,Brand New,P1,transmission,yes,derived,partial,transmission,1,5,yes,yes,844,original text kept; sections added from the listing's own statements,0,remaining contents not confirmed,batch-1
88,Toyota R154 Transmission,transmission,Brand New,P1,transmission,yes,derived,partial,transmission,1,5,yes,yes,807,original text kept; sections added from the listing's own statements,0,remaining contents not confirmed,batch-1
89,Toyota V160 Transmission,transmission,Brand New,P1,transmission,yes,derived,partial,transmission,1,5,yes,yes,845,original text kept; sections added from the listing's own statements,0,remaining contents not confirmed,batch-1
90,Transmission Cooler Kit,transmission,Brand New,P3,cooling-kit,yes,derived,partial,cooling,3,5,yes,no,876,original text kept; sections added from the listing's own statements,0,remaining contents not confirmed,batch-2
91,Transmission Rebuild Kit,transmission,Brand New,P5,,yes,derived,partial,,3,5,yes,no,936,original text kept; sections added from the listing's own statements,0,remaining contents not confirmed,batch-2 (stated only)
92,Tremec Magnum 6-Speed Transmission for Ford Mustang S550,transmission,Brand New,P1,transmission,yes,derived,partial,transmission,1,5,yes,yes,853,original text kept; sections added from the listing's own statements,0,remaining contents not confirmed,batch-1
93,Tremec TR-6060 6-Speed Transmission for Chevrolet Camaro SS,transmission,Brand New,P1,transmission,yes,derived,partial,transmission,1,5,yes,yes,855,original text kept; sections added from the listing's own statements,0,remaining contents not confirmed,batch-1
94,ZF 8HP Swap Package,transmission,Brand New,P1,engine-assembly,yes,derived,partial,engine,4,5,yes,yes,900,original text kept; sections added from the listing's own statements,0,remaining contents not confirmed,batch-1
74,ATE OEM Euro Brake Kit,brakes,Brand New,P3,brake-kit,yes,derived,partial,brakes,3,6,yes,yes,1008,original text kept; sections added from the listing's own statements,0,remaining contents not confirmed,batch-2
75,Brembo GT Big Brake Kit,brakes,Brand New,P3,brake-kit,yes,derived,partial,brakes,5,6,yes,yes,1058,original text kept; sections added from the listing's own statements,0,remaining contents not confirmed,batch-2
76,Brembo OEM Brake Kit,brakes,Brand New,P3,brake-kit,yes,derived,partial,brakes,3,6,yes,yes,964,original text kept; sections added from the listing's own statements,0,remaining contents not confirmed,batch-2
77,EBC Performance Brake Kit,brakes,Brand New,P3,brake-kit,yes,derived,partial,brakes,3,6,yes,yes,958,original text kept; sections added from the listing's own statements,0,remaining contents not confirmed,batch-2
78,EBC Brake Rotors & Pads Kit,brakes,Brand New,P3,brake-kit,yes,derived,partial,brakes,3,6,yes,yes,923,original text kept; sections added from the listing's own statements,0,remaining contents not confirmed,batch-2
79,Wilwood Big Brake Kit,brakes,Brand New,P3,brake-kit,yes,derived,partial,brakes,5,6,yes,yes,987,original text kept; sections added from the listing's own statements,0,remaining contents not confirmed,batch-2
59,HKS Blow-off Valves,engine,Brand New,P5,,no,,,,3,7,yes,yes,1115,not started,0,,
60,Turbosmart Blow-off Valves,engine,Brand New,P5,,no,,,,3,7,yes,yes,1041,not started,0,,
61,BorgWarner EFR Series,engine,Brand New,P5,,no,,,,4,7,yes,yes,1087,not started,0,,
62,Complete Turbo Kit (New),engine,Brand New,P2,turbo-supercharger,yes,derived,partial,turbocharger,6,7,yes,yes,1113,original text kept; sections added from the listing's own statements,1,remaining contents not confirmed,batch-1
63,Exhaust Systems Catback,engine,Brand New,P5,,no,,,,4,7,yes,yes,980,not started,0,,
64,Exhaust Systems Downpipe,engine,Brand New,P5,,no,,,,3,7,yes,yes,927,not started,0,,
65,Garrett GTX3076R Turbo Kit,engine,Brand New,P2,turbo-supercharger,yes,derived,partial,turbocharger,5,7,yes,yes,1023,original text kept; sections added from the listing's own statements,0,remaining contents not confirmed,batch-1
66,Garrett GTX3582R Kit,engine,Brand New,P5,,no,,,,5,7,yes,yes,1041,not started,0,,
67,Hybrid Turbo Audi Kits,engine,Brand New,P2,turbo-supercharger,yes,derived,partial,turbocharger,3,7,yes,yes,1016,original text kept; sections added from the listing's own statements,0,remaining contents not confirmed,batch-1
68,Hybrid Turbo BMW,engine,Brand New,P2,turbo-supercharger,yes,derived,partial,turbocharger,3,7,yes,yes,1012,original text kept; sections added from the listing's own statements,0,remaining contents not confirmed,batch-1
69,Intake Systems,engine,Brand New,P5,,no,,,,3,6,yes,yes,869,not started,0,,
70,Intercoolers (Front Mount Kits),engine,Brand New,P5,,no,,,,4,7,yes,yes,1010,not started,0,,
71,Precision 6266 Turbo,engine,Brand New,P2,turbo-supercharger,yes,derived,partial,turbocharger,3,7,yes,yes,976,original text kept; sections added from the listing's own statements,0,remaining contents not confirmed,batch-1
72,External Wastegates,engine,Brand New,P5,,no,,,,3,7,yes,yes,978,not started,0,,
73,Internal Wastegates,engine,Brand New,P5,,no,,,,2,7,yes,yes,914,not started,0,,
54,Audi 2.0 TFSI EA888 Turbo Engine,engine,Brand New,P1,engine-assembly,yes,derived,partial,engine,5,9,yes,yes,876,original text kept; sections added from the listing's own statements,0,remaining contents not confirmed,batch-1
55,Audi 4.0 TFSI V8 Biturbo Engine,engine,Used,P1,engine-assembly,yes,derived,partial,engine,5,9,yes,yes,812,original text kept; sections added from the listing's own statements,0,remaining contents not confirmed,batch-1
56,Mercedes-Benz M113 V8 Engine,engine,Brand New,P1,engine-assembly,yes,derived,partial,engine,5,9,yes,yes,815,original text kept; sections added from the listing's own statements,0,remaining contents not confirmed,batch-1
57,Mercedes-AMG M157 Biturbo V8 Engine,engine,Brand New,P1,engine-assembly,yes,derived,partial,engine,5,9,yes,yes,782,original text kept; sections added from the listing's own statements,0,remaining contents not confirmed,batch-1
58,Volkswagen VR6 Engine,engine,Brand New,P1,engine-assembly,yes,derived,partial,engine,5,9,yes,yes,826,original text kept; sections added from the listing's own statements,0,remaining contents not confirmed,batch-1
53,BMW N63 V8 Twin Turbo Engine,engine,Brand New,P1,engine-assembly,yes,derived,partial,engine,5,9,yes,yes,891,original text kept; sections added from the listing's own statements,0,remaining contents not confirmed,batch-1
47,Dodge Hellcat 6.2L Supercharged HEMI V8,engine,Brand New,P5,,no,,,,5,8,yes,yes,930,not started,0,,
48,Ford Coyote 5.0L V8 Engine,engine,Brand New,P1,engine-assembly,yes,derived,partial,engine,5,8,yes,yes,806,original text kept; sections added from the listing's own statements,0,remaining contents not confirmed,batch-1
49,Chevrolet LS3 V8 Engine,engine,Brand New,P1,engine-assembly,yes,derived,partial,engine,5,8,yes,yes,818,original text kept; sections added from the listing's own statements,0,remaining contents not confirmed,batch-1
50,Chevrolet LS7 V8 Engine,engine,Brand New,P1,engine-assembly,yes,derived,partial,engine,5,8,yes,yes,789,original text kept; sections added from the listing's own statements,0,remaining contents not confirmed,batch-1
51,Chevrolet LT1 Corvette V8 Engine,engine,Brand New,P1,engine-assembly,yes,derived,partial,engine,5,8,yes,yes,766,original text kept; sections added from the listing's own statements,0,remaining contents not confirmed,batch-1
52,Chevrolet LT4 Supercharged Corvette V8,engine,Brand New,P5,,no,,,,5,8,yes,yes,819,not started,0,,
46,Mazda 13B Rotary Engine (Twin Rotor),engine,Brand New,P5,,no,,,,5,9,yes,yes,999,not started,0,,
44,BMW M57 Diesel Inline-6 Engine,engine,Brand New,P1,engine-assembly,yes,derived,partial,engine,5,10,yes,yes,980,original text kept; sections added from the listing's own statements,0,remaining contents not confirmed,batch-1
45,Honda B18C Type R Engine,engine,Brand New,P1,engine-assembly,yes,derived,partial,engine,4,10,yes,yes,1057,original text kept; sections added from the listing's own statements,0,remaining contents not confirmed,batch-1
42,Honda K20 Performance Engine,engine,Brand New,P1,engine-assembly,yes,derived,partial,engine,4,9,yes,yes,1100,original text kept; sections added from the listing's own statements,0,remaining contents not confirmed,batch-1
43,Honda K24 Performance Engine,engine,Brand New,P1,engine-assembly,yes,derived,partial,engine,4,9,yes,yes,1003,original text kept; sections added from the listing's own statements,0,remaining contents not confirmed,batch-1
40,BMW S58 (M Performance Engine),engine,Brand New,P5,,no,,,,5,9,yes,yes,1072,not started,0,,
41,Nissan SR20DET Turbo Engine,engine,Brand New,P1,engine-assembly,yes,derived,partial,engine,5,9,yes,yes,1040,original text kept; sections added from the listing's own statements,0,remaining contents not confirmed,batch-1
38,BMW S55 (M3/M4) Twin Turbo Engine,engine,Brand New,P1,engine-assembly,yes,derived,partial,engine,5,9,yes,yes,1102,original text kept; sections added from the listing's own statements,0,remaining contents not confirmed,batch-1
39,Nissan RB26DETT Skyline GTR Engine,engine,Brand New,P1,engine-assembly,yes,derived,partial,engine,5,8,yes,yes,1029,original text kept; sections added from the listing's own statements,0,remaining contents not confirmed,batch-1
36,Toyota 1UZ-FE V8 Engine,engine,Brand New,P1,engine-assembly,yes,derived,partial,engine,5,8,yes,yes,1090,original text kept; sections added from the listing's own statements,0,remaining contents not confirmed,batch-1
37,BMW N55 Turbo Engine,engine,Brand New,P1,engine-assembly,yes,derived,partial,engine,5,8,yes,yes,1018,original text kept; sections added from the listing's own statements,0,remaining contents not confirmed,batch-1
34,Toyota 2JZ-GTE (Supra),engine,Brand New,P5,,no,,,,5,8,yes,yes,987,not started,0,,
35,Toyota 1JZ-GTE,engine,Brand New,P5,,no,,,,5,8,yes,yes,914,not started,0,,
33,BMW B58 TwinPower Turbo 3.0-Liter Engine,engine,Brand New,P1,engine-assembly,yes,derived,partial,engine,5,0,yes,yes,1019,original text kept; sections added from the listing's own statements,0,remaining contents not confirmed; specifications,batch-1
1,BMW N54 Twin Turbo Engine,engine,Brand New,P1,engine-assembly,yes,derived,partial,engine,5,8,yes,yes,1135,original text kept; sections added from the listing's own statements,0,remaining contents not confirmed,batch-1
2,Garrett GTX3076R Turbocharger (Gen I),turbocharger,Brand New,P2,turbo-supercharger,yes,derived,partial,turbocharger,3,1,yes,yes,319,original text kept; sections added from the listing's own statements,0,remaining contents not confirmed; specifications,batch-1
2077,Porsche Cayenne 2004 LED Headlights (Left & Right),lighting,Brand New,P5,,no,,,,0,0,yes,no,535,not started,0,,
2076,Nissan Elgrand E51 White Front Bumper,bumper,Brand New,P5,,no,,,,0,0,yes,no,452,not started,0,,
2026,ARB Ascent Canopy,canopy,Brand New,P4,,no,,,,0,0,yes,no,334,not started,0,,
2027,ARB Classic Canopy,canopy,Brand New,P4,,no,,,,0,0,yes,no,322,not started,0,,
2028,ARB Commercial Canopy,canopy,Brand New,P4,,no,,,,0,0,yes,no,341,not started,0,,
2029,ARB Pinnacle Canopy,canopy,Brand New,P4,,no,,,,0,0,yes,no,334,not started,0,,
2030,RSI SmartCap EVO Adventure,canopy,Brand New,P4,,no,,,,0,0,yes,no,338,not started,0,,
2031,RSI SmartCap EVO Sport,canopy,Brand New,P4,,no,,,,0,0,yes,no,343,not started,0,,
2032,RSI SmartCap EVO Commercial,canopy,Brand New,P4,,no,,,,0,0,yes,no,340,not started,0,,
2033,Alu-Cab Explorer Canopy,canopy,Brand New,P4,,no,,,,0,0,yes,no,337,not started,0,,
2034,Alu-Cab Canopy Camper,canopy,Brand New,P4,,no,,,,0,0,yes,no,334,not started,0,,
2035,Aeroklas Premium Canopy,canopy,Brand New,P4,,no,,,,0,0,yes,no,337,not started,0,,
2036,Aeroklas Stylish Canopy,canopy,Brand New,P4,,no,,,,0,0,yes,no,342,not started,0,,
2037,Aeroklas Commercial Canopy,canopy,Brand New,P4,,no,,,,0,0,yes,no,343,not started,0,,
2038,EGR Premium Canopy,canopy,Brand New,P4,,no,,,,0,0,yes,no,326,not started,0,,
2039,EGR Fleet Canopy,canopy,Brand New,P4,,no,,,,0,0,yes,no,317,not started,0,,
2040,EGR Commercial Canopy,canopy,Brand New,P4,,no,,,,0,0,yes,no,332,not started,0,,
2041,Carryboy S560 Canopy,canopy,Brand New,P4,,no,,,,0,0,yes,no,326,not started,0,,
2042,Carryboy S6 Canopy,canopy,Brand New,P4,,no,,,,0,0,yes,no,321,not started,0,,
2043,Carryboy Workman Canopy,canopy,Brand New,P4,,no,,,,0,0,yes,no,341,not started,0,,
2044,Carryboy G3 Canopy,canopy,Brand New,P4,,no,,,,0,0,yes,no,327,not started,0,,
2045,Flexiglass Premium Canopy,canopy,Brand New,P4,,no,,,,0,0,yes,no,341,not started,0,,
2046,Flexiglass Tradesman Canopy,canopy,Brand New,P4,,no,,,,0,0,yes,no,346,not started,0,,
2047,Flexiglass Sports Canopy,canopy,Brand New,P4,,no,,,,0,0,yes,no,339,not started,0,,
2048,Norweld Aluminium Canopy,canopy,Brand New,P4,,no,,,,0,0,yes,no,343,not started,0,,
2049,Norweld Deluxe Canopy,canopy,Brand New,P4,,no,,,,0,0,yes,no,333,not started,0,,
2050,Boss Aluminium Canopy,canopy,Brand New,P4,,no,,,,0,0,yes,no,328,not started,0,,
2051,Boss Premium Canopy,canopy,Brand New,P4,,no,,,,0,0,yes,no,323,not started,0,,
2052,MRT Aluminium Canopy,canopy,Brand New,P4,,no,,,,0,0,yes,no,331,not started,0,,
2053,HSP Premium Canopy,canopy,Brand New,P4,,no,,,,0,0,yes,no,326,not started,0,,
2054,HSP Roll R Cover Canopy,canopy,Brand New,P4,,no,,,,0,0,yes,no,332,not started,0,,
2055,Razorback Aluminium Canopy,canopy,Brand New,P4,,no,,,,0,0,yes,no,346,not started,0,,
2056,TJM Premium Canopy,canopy,Brand New,P4,,no,,,,0,0,yes,no,327,not started,0,,
2057,TJM Touring Canopy,canopy,Brand New,P4,,no,,,,0,0,yes,no,331,not started,0,,
2058,Mountain Top Adventure Canopy,canopy,Brand New,P4,,no,,,,0,0,yes,no,349,not started,0,,
2059,Truck Covers USA Hard Canopy,canopy,Brand New,P5,,no,,,,0,0,yes,no,358,not started,0,,
2060,LEER 100XR Canopy,canopy,Brand New,P4,,no,,,,0,0,yes,no,325,not started,0,,
2061,LEER 100XL Canopy,canopy,Brand New,P4,,no,,,,0,0,yes,no,327,not started,0,,
2062,LEER 180 Canopy,canopy,Brand New,P4,,no,,,,0,0,yes,no,325,not started,0,,
2063,SnugTop Rebel Canopy,canopy,Brand New,P4,,no,,,,0,0,yes,no,326,not started,0,,
2064,SnugTop Hi-Liner Canopy,canopy,Brand New,P4,,no,,,,0,0,yes,no,348,not started,0,,
2065,A.R.E. CX Classic Canopy,canopy,Brand New,P4,,no,,,,0,0,yes,no,345,not started,0,,
2066,A.R.E. MX Series Canopy,canopy,Brand New,P4,,no,,,,0,0,yes,no,334,not started,0,,
2067,A.R.E. Z2 Series Canopy,canopy,Brand New,P4,,no,,,,0,0,yes,no,332,not started,0,,
2068,Century Ultra Canopy,canopy,Brand New,P4,,no,,,,0,0,yes,no,336,not started,0,,
2069,Century High-C Sport Canopy,canopy,Brand New,P5,,no,,,,0,0,yes,no,350,not started,0,,
2070,Jason Trek Canopy,canopy,Brand New,P4,,no,,,,0,0,yes,no,340,not started,0,,
2071,Jason Commercial Canopy,canopy,Brand New,P4,,no,,,,0,0,yes,no,344,not started,0,,
2072,Ranch Icon Canopy,canopy,Brand New,P4,,no,,,,0,0,yes,no,329,not started,0,,
2073,Ranch Sierra Canopy,canopy,Brand New,P4,,no,,,,0,0,yes,no,335,not started,0,,
2074,SmartCap EVO Defender Canopy,canopy,Brand New,P4,,no,,,,0,0,yes,no,348,not started,0,,
2075,Front Runner Canopy System,canopy,Brand New,P5,,no,,,,0,0,yes,no,359,not started,0,,
1830,Rhino-Rack Pioneer Platform for Toyota Hilux (2015+),4x4-accessories,Brand New,P5,,no,,,,0,0,yes,no,1401,not started,0,,
1831,Rhino-Rack Pioneer Platform for Ford Ranger (2022+),4x4-accessories,Brand New,P5,,no,,,,0,0,yes,no,1404,not started,0,,
1832,Rhino-Rack Pioneer Platform for Toyota LandCruiser 300,4x4-accessories,Brand New,P5,,no,,,,0,0,yes,no,1410,not started,0,,
1833,Rhino-Rack Pioneer Platform for Toyota Prado 150,4x4-accessories,Brand New,P5,,no,,,,0,0,yes,no,1410,not started,0,,
1834,Rhino-Rack Pioneer Platform for Isuzu D-Max (2021+),4x4-accessories,Brand New,P5,,no,,,,0,0,yes,no,1398,not started,0,,
1835,ARB BASE Rack for Toyota Hilux,4x4-accessories,Brand New,P5,,no,,,,0,0,yes,no,1373,not started,0,,
1836,ARB BASE Rack for Ford Ranger,4x4-accessories,Brand New,P5,,no,,,,0,0,yes,no,1376,not started,0,,
1837,ARB BASE Rack for Toyota LandCruiser 300,4x4-accessories,Brand New,P5,,no,,,,0,0,yes,no,1396,not started,0,,
1838,ARB BASE Rack for Nissan Patrol Y62,4x4-accessories,Brand New,P5,,no,,,,0,0,yes,no,1379,not started,0,,
1839,Yakima LockNLoad Platform for Ford Ranger,4x4-accessories,Brand New,P4,,no,,,,0,0,yes,no,310,not started,0,,
1840,Yakima LockNLoad Platform for Toyota Hilux,4x4-accessories,Brand New,P4,,no,,,,0,0,yes,no,297,not started,0,,
1841,Front Runner Slimsport Roof Rack for Ford Ranger,4x4-accessories,Brand New,P5,,no,,,,0,0,yes,no,1004,not started,0,,
1842,Front Runner Slimline II Roof Rack for Toyota LandCruiser 300,4x4-accessories,Brand New,P5,,yes,derived,listed,,1,0,yes,no,408,original text kept; sections added from the listing's own statements,0,specifications,batch-2 (stated only)
1843,Rola Titan Tray MKIII for Toyota Hilux,4x4-accessories,Brand New,P5,,yes,derived,listed,,1,0,yes,no,837,original text kept; sections added from the listing's own statements,0,specifications,batch-2 (stated only)
1844,Rola Titan Tray MKIII for Ford Ranger,4x4-accessories,Brand New,P5,,no,,,,0,0,yes,no,872,not started,0,,
1987,ARB Summit Front Bumper for Toyota LandCruiser 300,bumper,Brand New,P5,,no,,,,0,0,yes,no,413,not started,0,,
1988,ARB Summit Front Bumper for Nissan Patrol Y62,bumper,Brand New,P5,,no,,,,0,0,yes,no,391,not started,0,,
1989,Ironman Raid Front Bumper for Isuzu D-Max,bumper,Brand New,P5,,no,,,,0,0,yes,no,809,not started,0,,
1990,Ironman Raid Front Bumper for Mitsubishi Triton,bumper,Brand New,P5,,no,,,,0,0,yes,no,820,not started,0,,
1991,Ironman Raid Front Bumper for Nissan Navara,bumper,Brand New,P5,,no,,,,0,0,yes,no,389,not started,0,,
1992,TJM Outback Front Bumper for Toyota LandCruiser 300,bumper,Brand New,P5,,no,,,,0,0,yes,no,415,not started,0,,
1993,TJM Outback Front Bumper for Toyota Prado 150,bumper,Brand New,P5,,no,,,,0,0,yes,no,409,not started,0,,
1994,TJM Outback Front Bumper for Nissan Patrol Y62,bumper,Brand New,P5,,no,,,,0,0,yes,no,393,not started,0,,
1995,ADD Stealth Fighter Front Bumper for Ford F-150,bumper,Brand New,P5,,no,,,,0,0,yes,no,398,not started,0,,
1996,ADD Stealth Fighter Front Bumper for Toyota Tacoma,bumper,Brand New,P5,,no,,,,0,0,yes,no,403,not started,0,,
1997,ADD HoneyBadger Front Bumper for Ford Raptor,bumper,Brand New,P5,,no,,,,0,0,yes,no,389,not started,0,,
1998,ADD Rock Fighter Front Bumper for Jeep Gladiator,bumper,Brand New,P5,,no,,,,0,0,yes,no,397,not started,0,,
1999,ADD Pro Bolt-On Front Bumper for Chevrolet Silverado,bumper,Brand New,P5,,no,,,,0,0,yes,no,412,not started,0,,
2000,DV8 Front Bumper for Jeep Wrangler JL,bumper,Brand New,P5,,no,,,,0,0,yes,no,380,not started,0,,
2001,DV8 Front Bumper for Ford Bronco,bumper,Brand New,P5,,no,,,,0,0,yes,no,365,not started,0,,
2002,DV8 Rear Bumper for Jeep Gladiator,bumper,Brand New,P5,,no,,,,0,0,yes,no,369,not started,0,,
2003,DV8 Front Bumper for Toyota Tacoma,bumper,Brand New,P5,,no,,,,0,0,yes,no,371,not started,0,,
2004,DV8 Front Bumper for Ford Ranger,bumper,Brand New,P5,,no,,,,0,0,yes,no,373,not started,0,,
2005,Fab Fours Matrix Front Bumper for Ford F-150,bumper,Brand New,P5,,no,,,,0,0,yes,no,392,not started,0,,
2006,Fab Fours Premium Front Bumper for Toyota Tacoma,bumper,Brand New,P5,,no,,,,0,0,yes,no,399,not started,0,,
2007,Fab Fours Black Steel Front Bumper for RAM 1500,bumper,Brand New,P5,,no,,,,0,0,yes,no,389,not started,0,,
2008,Fab Fours Front Bumper for Chevrolet Silverado,bumper,Brand New,P5,,no,,,,0,0,yes,no,400,not started,0,,
2009,Fab Fours Front Bumper for GMC Sierra,bumper,Brand New,P5,,no,,,,0,0,yes,no,373,not started,0,,
2010,Rough Country Front Bumper for Ford F-150,bumper,Brand New,P5,,no,,,,0,0,yes,no,386,not started,0,,
2011,Rough Country Front Bumper for Jeep Wrangler JL,bumper,Brand New,P5,,no,,,,0,0,yes,no,394,not started,0,,
2012,Rough Country Front Bumper for Toyota Tacoma,bumper,Brand New,P5,,no,,,,0,0,yes,no,391,not started,0,,
2013,Rough Country Rear Bumper for Ford Ranger,bumper,Brand New,P5,,no,,,,0,0,yes,no,377,not started,0,,
2014,Rough Country Rear Bumper for Chevrolet Silverado,bumper,Brand New,P5,,no,,,,0,0,yes,no,406,not started,0,,
2015,Duraflex GT Concept Front Bumper for Toyota GR Supra A90,bumper,Brand New,P5,,no,,,,0,0,yes,no,415,not started,0,,
2016,Duraflex Front Bumper for Honda Civic FK8 Type R,bumper,Brand New,P5,,no,,,,0,0,yes,no,402,not started,0,,
2017,Duraflex Front Bumper for Nissan 370Z,bumper,Brand New,P5,,no,,,,0,0,yes,no,369,not started,0,,
2018,Duraflex Front Bumper for Subaru WRX STI,bumper,Brand New,P5,,no,,,,0,0,yes,no,381,not started,0,,
2019,Duraflex Front Bumper for Ford Mustang S550,bumper,Brand New,P5,,no,,,,0,0,yes,no,387,not started,0,,
2020,Liberty Walk Front Bumper for Nissan GT-R R35,bumper,Brand New,P5,,no,,,,0,0,yes,no,389,not started,0,,
2021,Liberty Walk Front Bumper for Toyota GR Supra A90,bumper,Brand New,P5,,no,,,,0,0,yes,no,401,not started,0,,
2022,Liberty Walk Rear Bumper for Lamborghini Huracán,bumper,Brand New,P5,,no,,,,0,0,yes,no,399,not started,0,,
2023,Rocket Bunny Front Bumper for Toyota GR86,bumper,Brand New,P5,,no,,,,0,0,yes,no,390,not started,0,,
2024,Rocket Bunny Front Bumper for Nissan 350Z,bumper,Brand New,P5,,no,,,,0,0,yes,no,377,not started,0,,
2025,Rocket Bunny Rear Bumper for Mazda MX-5 ND,bumper,Brand New,P5,,no,,,,0,0,yes,no,381,not started,0,,
1945,ZF 8HP90 8-Speed Automatic Transmission — Dodge Challenger / Charger SRT Hellcat,transmission,Brand New,P1,transmission,yes,derived,unconfirmed,transmission,0,1,yes,yes,712,original text kept; sections added from the listing's own statements,0,package contents; specifications,batch-1
1946,Toyota 35000-WAA10 8-Speed Automatic Transmission — GR Supra (2020–2025),transmission,Brand New,P1,transmission,yes,derived,unconfirmed,transmission,0,1,yes,yes,537,original text kept; sections added from the listing's own statements,0,package contents; specifications,batch-1
1947,Tremec TKX 5-Speed Manual Transmission — Ford Mustang Conversions,transmission,Brand New,P1,transmission,yes,derived,unconfirmed,transmission,0,1,yes,no,866,original text kept; sections added from the listing's own statements,0,package contents; specifications,batch-1
1948,Tremec T56 Magnum XL 6-Speed Manual Transmission Kit (700 lb-ft),transmission,Brand New,P1,transmission,yes,derived,listed,transmission,1,1,yes,no,992,original text kept; sections added from the listing's own statements,0,specifications,batch-1
1949,Getrag 6-Speed Manual Transmission,transmission,Not yet confirmed,P1,transmission,yes,derived,unconfirmed,transmission,0,0,no,no,35,original text kept; sections added from the listing's own statements,0,package contents; fitment; specifications,batch-1
1950,"BMW 23007501757 Getrag S6S420G 6-Speed Manual Transmission, Remanufactured — M5 (E39)",transmission,Refurbished,P1,transmission,yes,derived,unconfirmed,transmission,0,1,yes,yes,535,original text kept; sections added from the listing's own statements,0,package contents; specifications,batch-1
1951,Ford MT82 6-Speed Manual Transmission — Mustang GT 5.0L (2011–2017),transmission,Brand New,P1,transmission,yes,derived,unconfirmed,transmission,0,1,yes,no,698,original text kept; sections added from the listing's own statements,0,package contents; specifications,batch-1
1952,Toyota 33030-35A22 6-Speed Manual Transmission (RA60) — Tacoma (2005–2016),transmission,Brand New,P1,transmission,yes,derived,unconfirmed,transmission,0,1,yes,yes,589,original text kept; sections added from the listing's own statements,0,package contents; specifications,batch-1
1953,Toyota 35000-0K130 AC60F 6-Speed Automatic Transmission — Hilux 2.8L Diesel (2016+),transmission,Brand New,P1,transmission,yes,derived,unconfirmed,transmission,0,1,yes,yes,812,original text kept; sections added from the listing's own statements,0,package contents; specifications,batch-1
1954,Toyota 35000-0W010 6-Speed Automatic Transmission (Aisin AB60F / TB-68LS) — Land Cruiser (2008–2016),transmission,Brand New,P1,transmission,yes,derived,unconfirmed,transmission,0,1,yes,yes,828,original text kept; sections added from the listing's own statements,0,package contents; specifications,batch-1
1955,"Aisin AWR6B45 6-Speed Automatic Transmission for Isuzu D-Max / MU-X (2012–2020, 3.0L Diesel)",transmission,Not yet confirmed,P1,transmission,yes,derived,unconfirmed,transmission,0,1,yes,no,310,original text kept; sections added from the listing's own statements,0,package contents; specifications,batch-1
1956,"Allison 1000 Automatic Transmission, Remanufactured — Chevrolet Silverado 2500HD / 3500HD 6.6L Duramax (2001–2019)",transmission,Refurbished,P1,transmission,yes,derived,unconfirmed,transmission,0,1,yes,no,890,original text kept; sections added from the listing's own statements,0,package contents; specifications,batch-1
1957,"Allison 1000 Automatic Transmission, Remanufactured — GMC Sierra 2500HD / 3500HD 6.6L Duramax (2001–2019)",transmission,Refurbished,P1,transmission,yes,derived,unconfirmed,transmission,0,1,yes,no,869,original text kept; sections added from the listing's own statements,0,package contents; specifications,batch-1
1958,"GM / Allison 10L1000 10-Speed Automatic Transmission, Remanufactured — Silverado / Sierra 2500HD–3500HD 6.6L L5P (2020–2023)",transmission,Refurbished,P1,transmission,yes,derived,unconfirmed,transmission,0,1,yes,no,763,original text kept; sections added from the listing's own statements,0,package contents; specifications,batch-1
1959,Nissan 32010-JK41A 6-Speed Manual Transmission,transmission,Brand New,P1,transmission,yes,derived,unconfirmed,transmission,0,1,yes,yes,619,original text kept; sections added from the listing's own statements,0,package contents; specifications,batch-1
1961,Toyota SU003-10764 6-Speed Manual Transmission (TL701V8ACA) — GR86 (2022–2024),transmission,Brand New,P1,transmission,yes,derived,unconfirmed,transmission,0,1,yes,yes,642,original text kept; sections added from the listing's own statements,0,package contents; specifications,batch-1
1962,Toyota A750F 5-Speed Automatic Transmission (35000-60D90) — Land Cruiser Prado 150 4.0L (2009–2015),transmission,Brand New,P1,transmission,yes,derived,unconfirmed,transmission,0,1,yes,yes,862,original text kept; sections added from the listing's own statements,0,package contents; specifications,batch-1
1963,Toyota 35000-0K130 AC60F 6-Speed Automatic Transmission — Hilux Revo 2.8L Diesel (2016+),transmission,Brand New,P1,transmission,yes,derived,unconfirmed,transmission,0,1,yes,yes,831,original text kept; sections added from the listing's own statements,0,package contents; specifications,batch-1
1964,Ford MT82-D4 6-Speed Manual Transmission — Mustang GT 5.0L (2018–2023),transmission,Brand New,P1,transmission,yes,derived,unconfirmed,transmission,0,1,yes,no,689,original text kept; sections added from the listing's own statements,0,package contents; specifications,batch-1
1965,Ford 10R80 10-Speed Automatic Transmission — Ranger 2.3L EcoBoost (2019–2023),transmission,Brand New,P1,transmission,yes,derived,unconfirmed,transmission,0,1,yes,no,547,original text kept; sections added from the listing's own statements,0,package contents; specifications,batch-1
1966,GM 10L80 10-Speed Automatic Transmission — Chevrolet Camaro SS 6.2L LT1 (2019–2022),transmission,Brand New,P1,transmission,yes,derived,unconfirmed,transmission,0,1,yes,no,626,original text kept; sections added from the listing's own statements,0,package contents; specifications,batch-1
1967,"GM 8L90 8-Speed Automatic Transmission, Remanufactured — Chevrolet Corvette C7 (2015–2019)",transmission,Refurbished,P1,transmission,yes,derived,unconfirmed,transmission,0,1,yes,no,670,original text kept; sections added from the listing's own statements,0,package contents; specifications,batch-1
1970,Sonnax Smart-Tech Overrun Clutch Valve Kit 34200-40K — GM 4L80-E / 4L85-E,transmission,Brand New,P5,,no,,,,0,1,yes,yes,697,not started,0,,
1971,TransGo SHIFT KIT SK 6L80 — GM 6L45 / 6L50 / 6L80 / 6L90,transmission,Brand New,P5,,no,,,,0,1,yes,yes,706,not started,0,,
1972,TransGo SHIFT KIT SK 10RL80-G1 — Ford 10R60/10R80/10R100 and GM 10L80/10L90,transmission,Brand New,P5,,no,,,,0,1,yes,yes,879,not started,0,,
1973,Sonnax Zip Kit ZF8-ZIP — ZF 8HP45 / 8HP55 / 8HP70 and Chrysler 845RE,transmission,Brand New,P5,,no,,,,0,1,yes,yes,623,not started,0,,
1974,Xtreme Clutch Twin Plate Clutch Kit for Nissan 350Z (VQ35DE),transmission,Not yet confirmed,P4,,no,,,,0,1,yes,no,247,not started,0,,
1975,"XClutch Twin Sprung Clutch Kit for Toyota GR Supra (B58, 2023+ Manual)",transmission,Not yet confirmed,P4,,no,,,,0,1,yes,no,324,not started,0,,
1976,Xtreme Clutch Heavy Duty Sprung Organic Clutch Kit KSU24002-1A — Subaru WRX STI 6-Speed (EJ25),transmission,Brand New,P5,,no,,,,0,1,yes,yes,741,not started,0,,
1977,"Exedy Hyper Single EVO Clutch and Flywheel Kit TH08SDX — Toyota 86 / GR86, Subaru BRZ",transmission,Brand New,P5,,yes,derived,listed,,1,1,yes,yes,816,original text kept; sections added from the listing's own statements,1,specifications,batch-2 (stated only)
1978,Exedy Stage 1 Heavy Duty Organic Clutch Kit 05803AHD — Mitsubishi Lancer Evolution X,transmission,Brand New,P5,,yes,derived,listed,,1,1,yes,yes,731,original text kept; sections added from the listing's own statements,0,specifications,batch-2 (stated only)
1979,Exedy Clutch Kit for Honda Civic Type R (FK8),transmission,Not yet confirmed,P4,,no,,,,0,0,yes,no,194,not started,0,,
1980,ACT Heavy Duty Clutch Kit for Subaru WRX STI,transmission,Not yet confirmed,P4,,no,,,,0,0,yes,no,198,not started,0,,
1981,ACT Twin Disc XT Race Clutch Kit T2R-F05 — Ford Mustang GT (2011–2017),transmission,Brand New,P5,,yes,derived,listed,,2,1,yes,yes,756,original text kept; sections added from the listing's own statements,0,specifications,batch-2 (stated only)
1982,ACT Heavy Duty Performance Street Sprung Clutch Kit NZ2-HDSS — Nissan 370Z,transmission,Brand New,P5,,no,,,,0,1,yes,yes,643,not started,0,,
1983,South Bend Stage 2 Clutch Kit — Ford F-150 5.0L (1993–1996),transmission,Brand New,P5,,yes,derived,listed,,1,1,yes,no,639,original text kept; sections added from the listing's own statements,0,specifications,batch-2 (stated only)
1984,South Bend Stage 3 Endurance Clutch Kit SDD3250-GK — Dodge / Ram 2500 Cummins 5.9L & 6.7L (2005–2018),transmission,Brand New,P5,,no,,,,0,1,yes,yes,662,not started,0,,
1985,Centerforce Dual Friction Clutch Pressure Plate and Disc Set DF593010 — Chevrolet Camaro SS 6.2L (2010–2015),transmission,Brand New,P5,,no,,,,0,1,yes,yes,898,not started,0,,
1986,Centerforce DYAD DS Twin Disc Clutch and Flywheel Kit 413234805 — Ford Mustang GT,transmission,Brand New,P5,,yes,derived,listed,,1,1,yes,yes,675,original text kept; sections added from the listing's own statements,0,specifications,batch-2 (stated only)
1924,BFGoodrich All-Terrain T/A KO2 285/70R17,wheels-tires,Brand New,P5,,no,,,,0,2,yes,no,494,not started,0,,
1925,BFGoodrich All-Terrain T/A KO2 265/65R17,wheels-tires,Brand New,P5,,no,,,,0,2,yes,no,494,not started,0,,
1926,BFGoodrich Mud-Terrain T/A KM3 285/75R16,wheels-tires,Brand New,P5,,no,,,,0,2,yes,no,494,not started,0,,
1927,Toyo Open Country A/T III 265/65R17,wheels-tires,Brand New,P5,,no,,,,0,2,yes,no,449,not started,0,,
1928,Toyo Open Country R/T 285/70R17,wheels-tires,Brand New,P5,,no,,,,0,2,yes,no,445,not started,0,,
1929,Toyo Proxes Sport 245/40R18,wheels-tires,Brand New,P5,,no,,,,0,2,yes,no,407,not started,0,,
1930,Falken Wildpeak A/T3W 265/70R17,wheels-tires,Brand New,P5,,no,,,,0,2,yes,no,476,not started,0,,
1931,Falken Wildpeak A/T4W 285/70R17,wheels-tires,Brand New,P5,,no,,,,0,2,yes,no,476,not started,0,,
1932,Falken Azenis FK510 255/35R19,wheels-tires,Brand New,P5,,no,,,,0,2,yes,no,460,not started,0,,
1933,Michelin Pilot Sport 4S 245/35ZR19,wheels-tires,Brand New,P5,,no,,,,0,2,yes,no,467,not started,0,,
1934,Michelin Pilot Sport 5 225/40R18,wheels-tires,Brand New,P5,,no,,,,0,2,yes,no,466,not started,0,,
1935,Michelin Defender LTX M/S 265/65R18,wheels-tires,Brand New,P5,,no,,,,0,2,yes,no,476,not started,0,,
1936,Pirelli Scorpion All Terrain Plus 265/65R17,wheels-tires,Brand New,P5,,no,,,,0,2,yes,no,500,not started,0,,
1937,Pirelli P Zero 245/35ZR19,wheels-tires,Brand New,P5,,no,,,,0,2,yes,no,453,not started,0,,
1938,Nitto Ridge Grappler 285/70R17,wheels-tires,Brand New,P5,,no,,,,0,2,yes,no,451,not started,0,,
1939,Nitto Terra Grappler G2 265/70R17,wheels-tires,Brand New,P5,,no,,,,0,2,yes,no,412,not started,0,,
1940,Nitto NT555 G2 275/35R20,wheels-tires,Brand New,P5,,no,,,,0,2,yes,no,444,not started,0,,
1941,Cooper Discoverer AT3 XLT 265/70R17,wheels-tires,Brand New,P5,,no,,,,0,2,yes,no,484,not started,0,,
1942,Cooper Discoverer STT Pro 285/75R16,wheels-tires,Brand New,P5,,no,,,,0,2,yes,no,484,not started,0,,
1943,Yokohama Geolandar A/T G015 265/65R17,wheels-tires,Brand New,P5,,no,,,,0,2,yes,no,488,not started,0,,
1944,Yokohama Advan Sport V107 255/35R19,wheels-tires,Brand New,P5,,no,,,,0,2,yes,no,472,not started,0,,
1815,Safari ARMAX Snorkel for Toyota Hilux (2015+),4x4-accessories,Brand New,P5,,no,,,,0,0,yes,no,1392,not started,0,,
1845,Old Man Emu BP-51 Suspension Kit for Toyota Hilux (2015+),suspension,Brand New,P3,suspension-kit,yes,derived,unconfirmed,suspension,0,0,yes,no,381,original text kept; sections added from the listing's own statements,0,package contents; specifications,batch-2
1886,Morimoto XB LED Headlights for Toyota Tacoma (2016+),lighting,Brand New,P5,,no,,,,0,1,yes,no,363,not started,0,,
1816,Safari ARMAX Snorkel for Ford Ranger (2022+),4x4-accessories,Brand New,P5,,no,,,,0,0,yes,no,1398,not started,0,,
1846,Old Man Emu BP-51 Suspension Kit for Ford Ranger (2022+),suspension,Brand New,P3,suspension-kit,yes,derived,unconfirmed,suspension,0,0,yes,no,383,original text kept; sections added from the listing's own statements,0,package contents; specifications,batch-2
1887,Morimoto XB LED Headlights for Ford F-150 (2021+),lighting,Brand New,P5,,no,,,,0,0,yes,no,354,not started,0,,
1817,Safari ARMAX Snorkel for Toyota LandCruiser 79 Series,4x4-accessories,Brand New,P4,,no,,,,0,0,yes,no,338,not started,0,,
1847,Old Man Emu MT64 Suspension Kit for Toyota LandCruiser 79 Series,suspension,Brand New,P3,suspension-kit,yes,derived,unconfirmed,suspension,0,0,yes,no,407,original text kept; sections added from the listing's own statements,0,package contents; specifications,batch-2
1888,Morimoto XB LED Headlights for Ford Ranger (2022+),lighting,Brand New,P5,,no,,,,0,0,yes,no,366,not started,0,,
1818,Safari ARMAX Snorkel for Toyota LandCruiser 300 Series,4x4-accessories,Brand New,P5,,no,,,,0,0,yes,no,1414,not started,0,,
1848,Old Man Emu Nitrocharger Sport Lift Kit for Toyota Prado 150,suspension,Brand New,P3,suspension-kit,yes,derived,unconfirmed,suspension,0,0,yes,no,406,original text kept; sections added from the listing's own statements,0,package contents; specifications,batch-2
1889,Morimoto XB LED Headlights for Toyota Hilux (2021+),lighting,Brand New,P5,,no,,,,0,0,yes,no,368,not started,0,,
1819,Safari ARMAX Snorkel for Toyota Prado 150,4x4-accessories,Brand New,P5,,no,,,,0,0,yes,no,1401,not started,0,,
1849,Old Man Emu Nitrocharger Sport Lift Kit for Isuzu D-Max (2021+),suspension,Brand New,P3,suspension-kit,yes,derived,unconfirmed,suspension,0,0,yes,no,391,original text kept; sections added from the listing's own statements,0,package contents; specifications,batch-2
1890,Morimoto XB LED Headlights for Toyota 4Runner,lighting,Brand New,P5,,no,,,,0,0,yes,no,350,not started,0,,
1820,Safari ARMAX Snorkel for Isuzu D-Max (2021+),4x4-accessories,Brand New,P5,,no,,,,0,0,yes,no,1389,not started,0,,
1850,Old Man Emu Heavy Load Suspension Kit for Nissan Patrol Y62,suspension,Brand New,P3,suspension-kit,yes,derived,unconfirmed,suspension,0,0,yes,no,386,original text kept; sections added from the listing's own statements,0,package contents; specifications,batch-2
1891,Morimoto XB LED Headlights for Jeep Wrangler JL,lighting,Brand New,P5,,no,,,,0,0,yes,no,356,not started,0,,
1821,Safari ARMAX Snorkel for Nissan Patrol Y62,4x4-accessories,Brand New,P5,,no,,,,0,0,yes,no,1384,not started,0,,
1851,Old Man Emu BP-51 Suspension Kit for Toyota LandCruiser 300,suspension,Brand New,P3,suspension-kit,yes,derived,unconfirmed,suspension,0,0,yes,no,398,original text kept; sections added from the listing's own statements,0,package contents; specifications,batch-2
1892,Morimoto XB LED Headlights for Chevrolet Silverado 1500,lighting,Brand New,P5,,no,,,,0,1,yes,no,380,not started,0,,
1822,Safari ARMAX Snorkel for Nissan Navara NP300,4x4-accessories,Brand New,P5,,no,,,,0,0,yes,no,1394,not started,0,,
1852,Dobinsons IMS Lift Kit for Toyota Hilux (2015+),suspension,Brand New,P3,suspension-kit,yes,derived,unconfirmed,suspension,0,0,yes,no,260,original text kept; sections added from the listing's own statements,0,package contents; specifications,batch-2
1893,AlphaRex NOVA Series Headlights for Ford Ranger,lighting,Brand New,P5,,no,,,,0,0,yes,no,1389,not started,0,,
1823,Safari ARMAX Snorkel for Mitsubishi Triton MV,4x4-accessories,Brand New,P5,,no,,,,0,0,yes,no,1396,not started,0,,
1853,Dobinsons MRR 3-Way Adjustable Lift Kit for Ford Ranger (2022+),suspension,Brand New,P3,suspension-kit,yes,derived,unconfirmed,suspension,0,0,yes,no,325,original text kept; sections added from the listing's own statements,0,package contents; specifications,batch-2
1894,AlphaRex NOVA Series Headlights for Toyota Tacoma,lighting,Brand New,P5,,no,,,,0,0,yes,no,1393,not started,0,,
1824,Safari ARMAX Snorkel for Mazda BT-50,4x4-accessories,Brand New,P5,,no,,,,0,0,yes,no,1378,not started,0,,
1854,Dobinsons IMS Lift Kit for Toyota Prado 150,suspension,Brand New,P3,suspension-kit,yes,derived,unconfirmed,suspension,0,0,yes,no,286,original text kept; sections added from the listing's own statements,0,package contents; specifications,batch-2
1895,AlphaRex NOVA Series Headlights for Ford F-150,lighting,Brand New,P5,,no,,,,0,0,yes,no,1387,not started,0,,
1825,ARB Safari Snorkel for Toyota Hilux,4x4-accessories,Brand New,P5,,no,,,,0,0,yes,no,1396,not started,0,,
1855,Dobinsons IMS Suspension Kit for Isuzu D-Max,suspension,Brand New,P3,suspension-kit,yes,derived,unconfirmed,suspension,0,0,yes,no,184,original text kept; sections added from the listing's own statements,0,package contents; specifications,batch-2
1896,AlphaRex NOVA Series Headlights for Toyota Tundra,lighting,Brand New,P5,,no,,,,0,1,yes,no,1268,not started,0,,
1826,ARB Safari Snorkel for Ford Ranger,4x4-accessories,Brand New,P5,,no,,,,0,0,yes,no,1398,not started,0,,
1856,Dobinsons MRR Lift Kit for Mitsubishi Triton MV,suspension,Brand New,P3,suspension-kit,yes,derived,unconfirmed,suspension,0,0,yes,no,307,original text kept; sections added from the listing's own statements,0,package contents; specifications,batch-2
1897,AlphaRex PRO Series Headlights for Toyota Hilux,lighting,Brand New,P5,,no,,,,0,0,yes,no,1390,not started,0,,
1827,ARB Safari Snorkel for Toyota Prado,4x4-accessories,Brand New,P5,,no,,,,0,0,yes,no,1395,not started,0,,
1857,Dobinsons Heavy Duty Suspension Kit for Nissan Navara NP300,suspension,Brand New,P3,suspension-kit,yes,derived,unconfirmed,suspension,0,0,yes,no,304,original text kept; sections added from the listing's own statements,0,package contents; specifications,batch-2
1898,AlphaRex LUXX Series Headlights for Chevrolet Silverado,lighting,Brand New,P5,,no,,,,0,1,yes,no,1326,not started,0,,
1828,TJM Airtec Snorkel for Toyota Hilux,4x4-accessories,Brand New,P4,,no,,,,0,0,yes,no,290,not started,0,,
1858,Dobinsons Lift Kit for Toyota LandCruiser 79 Series,suspension,Brand New,P3,suspension-kit,yes,derived,unconfirmed,suspension,0,0,yes,no,286,original text kept; sections added from the listing's own statements,0,package contents; specifications,batch-2
1899,Oracle LED Headlights for Jeep Wrangler JL,lighting,Brand New,P5,,no,,,,0,0,yes,no,966,not started,0,,
1829,TJM Airtec Snorkel for Ford Ranger,4x4-accessories,Brand New,P4,,no,,,,0,0,yes,no,292,not started,0,,
1859,Bilstein 6112 Front Lift Kit for Toyota Tacoma,suspension,Brand New,P3,suspension-kit,yes,derived,unconfirmed,suspension,0,0,yes,no,356,original text kept; sections added from the listing's own statements,0,package contents; specifications,batch-2
1900,Oracle Bi-LED Headlights for Ford F-150,lighting,Brand New,P5,,no,,,,0,0,yes,no,1380,not started,0,,
1860,Bilstein 5160 Rear Remote Reservoir Shocks for Ford F-150,suspension,Brand New,P5,,no,,,,0,0,yes,no,1411,not started,0,,
1901,Oracle LED Headlights for Toyota Tacoma,lighting,Brand New,P5,,no,,,,0,1,yes,no,1383,not started,0,,
1861,Bilstein B8 8100 Suspension Kit for Toyota 4Runner,suspension,Brand New,P3,suspension-kit,yes,derived,unconfirmed,suspension,0,0,yes,no,365,original text kept; sections added from the listing's own statements,0,package contents; specifications,batch-2
1902,Oracle Dynamic ColorSHIFT Headlights for Dodge RAM 1500,lighting,Brand New,P5,,no,,,,0,0,yes,no,1400,not started,0,,
1862,Bilstein B6 Off-Road Suspension Kit for Toyota Hilux,suspension,Brand New,P3,suspension-kit,yes,derived,unconfirmed,suspension,0,0,yes,no,1397,original text kept; sections added from the listing's own statements,0,package contents; specifications,batch-2
1903,Oracle LED Headlights for Chevrolet Silverado,lighting,Brand New,P5,,no,,,,0,0,yes,no,1400,not started,0,,
1863,Bilstein 6112 Lift Kit for Chevrolet Silverado 1500,suspension,Brand New,P3,suspension-kit,yes,derived,unconfirmed,suspension,0,0,yes,no,377,original text kept; sections added from the listing's own statements,0,package contents; specifications,batch-2
1904,Anzo LED Headlights for Toyota Hilux,lighting,Brand New,P4,,no,,,,0,0,yes,no,276,not started,0,,
1864,Bilstein B8 Lift Kit for Jeep Wrangler JL,suspension,Brand New,P3,suspension-kit,yes,derived,unconfirmed,suspension,0,0,yes,no,1386,original text kept; sections added from the listing's own statements,0,package contents; specifications,batch-2
1905,Anzo Projector Headlights for Ford Ranger,lighting,Brand New,P4,,no,,,,0,1,yes,no,291,not started,0,,
1865,Fox 2.5 Performance Elite Suspension Kit for Ford Ranger,suspension,Brand New,P3,suspension-kit,yes,derived,unconfirmed,suspension,0,0,yes,no,1408,original text kept; sections added from the listing's own statements,0,package contents; specifications,batch-2
1906,Anzo LED Headlights for Nissan Navara,lighting,Brand New,P5,,no,,,,0,0,yes,no,1387,not started,0,,
1866,Fox Factory Series 2.5 Lift Kit for Toyota Tacoma,suspension,Brand New,P3,suspension-kit,yes,derived,unconfirmed,suspension,0,0,yes,no,362,original text kept; sections added from the listing's own statements,0,package contents; specifications,batch-2
1907,Anzo LED Headlights for Isuzu D-Max,lighting,Brand New,P5,,no,,,,0,1,yes,no,416,not started,0,,
1867,Fox 2.0 Performance Suspension Kit for Toyota Hilux,suspension,Brand New,P3,suspension-kit,yes,derived,unconfirmed,suspension,0,0,yes,no,1396,original text kept; sections added from the listing's own statements,0,package contents; specifications,batch-2
1908,Anzo Projector Headlights for Toyota Tacoma,lighting,Brand New,P4,,no,,,,0,0,yes,no,284,not started,0,,
1868,Fox 3.0 Internal Bypass Kit for Ford F-150 Raptor,suspension,Brand New,P3,suspension-kit,yes,derived,unconfirmed,suspension,0,0,yes,no,1395,original text kept; sections added from the listing's own statements,0,package contents; specifications,batch-2
1909,Spyder Projector Headlights for Toyota Hilux,lighting,Brand New,P4,,no,,,,0,0,yes,no,208,not started,0,,
1869,Fox Coilover Suspension Kit for Jeep Gladiator JT,suspension,Brand New,P3,suspension-kit,yes,derived,unconfirmed,suspension,0,0,yes,no,1395,original text kept; sections added from the listing's own statements,0,package contents; specifications,batch-2
1910,Spyder LED Headlights for Ford Ranger,lighting,Brand New,P4,,no,,,,0,0,yes,no,205,not started,0,,
1870,Fox Lift Kit for Toyota LandCruiser 300,suspension,Brand New,P3,suspension-kit,yes,derived,unconfirmed,suspension,0,0,yes,no,1397,original text kept; sections added from the listing's own statements,0,package contents; specifications,batch-2
1911,Spyder Projector Headlights for Toyota Tacoma,lighting,Brand New,P4,,no,,,,0,1,yes,no,210,not started,0,,
1871,King 2.5 Remote Reservoir Coilovers for Toyota Tacoma,suspension,Brand New,P5,,no,,,,0,0,yes,no,370,not started,0,,
1912,Spyder LED Headlights for Chevrolet Silverado,lighting,Brand New,P4,,no,,,,0,1,yes,no,222,not started,0,,
1872,King Off-Road Suspension Kit for Ford Ranger,suspension,Brand New,P3,suspension-kit,yes,derived,unconfirmed,suspension,0,0,yes,no,353,original text kept; sections added from the listing's own statements,0,package contents; specifications,batch-2
1913,Spyder LED Headlights for Ford F-150,lighting,Brand New,P4,,no,,,,0,1,yes,no,203,not started,0,,
1873,King Coilover Lift Kit for Jeep Wrangler JL,suspension,Brand New,P3,suspension-kit,yes,derived,unconfirmed,suspension,0,0,yes,no,368,original text kept; sections added from the listing's own statements,0,package contents; specifications,batch-2
1914,VLAND LED Headlights for Toyota Hilux,lighting,Brand New,P5,,no,,,,0,1,yes,yes,821,not started,0,,
1874,King 2.5 Performance Shocks for Toyota Hilux,suspension,Brand New,P5,,no,,,,0,0,yes,no,355,not started,0,,
1915,VLAND LED Headlights for Ford Ranger,lighting,Brand New,P5,,yes,derived,listed,,1,1,yes,yes,1378,original text kept; sections added from the listing's own statements,0,specifications,batch-2 (stated only)
1875,King Suspension Kit for Nissan Patrol Y62,suspension,Brand New,P3,suspension-kit,yes,derived,unconfirmed,suspension,0,0,yes,no,350,original text kept; sections added from the listing's own statements,0,package contents; specifications,batch-2
1916,VLAND LED Headlights for Toyota Tacoma,lighting,Brand New,P5,,no,,,,0,1,yes,yes,830,not started,0,,
1876,Ironman Foam Cell Pro Lift Kit for Toyota Hilux,suspension,Brand New,P3,suspension-kit,yes,derived,listed,suspension,1,0,yes,no,1396,original text kept; sections added from the listing's own statements,0,specifications,batch-2
1917,VLAND LED Headlights for Subaru WRX STI,lighting,Brand New,P5,,yes,derived,listed,,1,1,yes,yes,1380,original text kept; sections added from the listing's own statements,0,specifications,batch-2 (stated only)
1877,Ironman Foam Cell Pro Suspension Kit for Ford Ranger,suspension,Brand New,P3,suspension-kit,yes,derived,listed,suspension,1,0,yes,no,1401,original text kept; sections added from the listing's own statements,0,specifications,batch-2
1918,VLAND LED Headlights for Nissan 370Z,lighting,Brand New,P4,,no,,,,0,0,yes,no,329,not started,0,,
1878,Ironman 4x4 Nitro Gas Lift Kit for Isuzu D-Max,suspension,Brand New,P3,suspension-kit,yes,derived,listed,suspension,1,0,yes,no,1169,original text kept; sections added from the listing's own statements,0,specifications,batch-2
1919,Toyota Genuine LED Headlights for Toyota LandCruiser 300,lighting,Brand New,P5,,no,,,,0,0,yes,no,623,not started,0,,
1879,Ironman Foam Cell Lift Kit for Toyota Prado 150,suspension,Brand New,P3,suspension-kit,yes,derived,listed,suspension,1,0,yes,no,1415,original text kept; sections added from the listing's own statements,0,specifications,batch-2
1920,Toyota Genuine LED Headlights for Toyota Prado 150,lighting,Brand New,P5,,no,,,,0,0,yes,no,624,not started,0,,
1880,Ironman Suspension Kit for Mitsubishi Triton,suspension,Brand New,P3,suspension-kit,yes,derived,listed,suspension,1,0,yes,no,1396,original text kept; sections added from the listing's own statements,0,specifications,batch-2
1921,Ford Genuine LED Headlights for Ford Ranger,lighting,Brand New,P4,,no,,,,0,0,yes,no,306,not started,0,,
1881,Tough Dog Adjustable Lift Kit for Toyota Hilux,suspension,Brand New,P3,suspension-kit,yes,derived,unconfirmed,suspension,0,0,yes,no,1395,original text kept; sections added from the listing's own statements,0,package contents; specifications,batch-2
1922,Nissan Genuine LED Headlights for Nissan Patrol Y62,lighting,Brand New,P5,,no,,,,0,0,yes,no,519,not started,0,,
1882,Tough Dog Foam Cell Suspension Kit for Ford Ranger,suspension,Brand New,P3,suspension-kit,yes,derived,unconfirmed,suspension,0,0,yes,no,1402,original text kept; sections added from the listing's own statements,0,package contents; specifications,batch-2
1923,Isuzu Genuine LED Headlights for Isuzu D-Max,lighting,Brand New,P4,,no,,,,0,0,yes,no,280,not started,0,,
1883,Tough Dog 40mm Lift Kit for Nissan Navara NP300,suspension,Brand New,P3,suspension-kit,yes,derived,unconfirmed,suspension,0,0,yes,no,1399,original text kept; sections added from the listing's own statements,0,package contents; specifications,batch-2
1884,Tough Dog Adjustable Suspension Kit for Isuzu D-Max,suspension,Brand New,P3,suspension-kit,yes,derived,unconfirmed,suspension,0,0,yes,no,1395,original text kept; sections added from the listing's own statements,0,package contents; specifications,batch-2
1885,Tough Dog Suspension Kit for Toyota LandCruiser 79 Series,suspension,Brand New,P3,suspension-kit,yes,derived,unconfirmed,suspension,0,0,yes,no,1420,original text kept; sections added from the listing's own statements,0,package contents; specifications,batch-2
1800,ARB Summit Bull Bar for Toyota Hilux (2021+),bumper,Brand New,P4,,no,,,,0,0,yes,no,296,not started,0,,
1801,ARB Summit Bull Bar for Ford Ranger (2023+),bumper,Brand New,P5,,no,,,,0,0,yes,no,1393,not started,0,,
1802,ARB Deluxe Bull Bar for Toyota LandCruiser 79 Series,bumper,Brand New,P4,,no,,,,0,0,yes,no,315,not started,0,,
1803,ARB Summit Bull Bar for Isuzu D-Max (2021+),bumper,Brand New,P4,,no,,,,0,0,yes,no,292,not started,0,,
1804,ARB Summit Bull Bar for Toyota Prado 150,bumper,Brand New,P4,,no,,,,0,0,yes,no,299,not started,0,,
1805,TJM Outback Bull Bar for Ford Ranger,bumper,Brand New,P4,,no,,,,0,0,yes,no,267,not started,0,,
1806,TJM Outback Bull Bar for Toyota Hilux,bumper,Brand New,P4,,no,,,,0,0,yes,no,270,not started,0,,
1807,TJM Outback Bull Bar for Nissan Navara,bumper,Brand New,P4,,no,,,,0,0,yes,no,273,not started,0,,
1808,Ironman Raid Bull Bar for Toyota Hilux,bumper,Brand New,P5,,no,,,,0,0,yes,no,1248,not started,0,,
1809,Ironman Raid Bull Bar for Ford Ranger,bumper,Brand New,P5,,no,,,,0,0,yes,no,1251,not started,0,,
1810,ECB Big Tube Bull Bar for Toyota Hilux,bumper,Brand New,P5,,no,,,,0,0,yes,no,998,not started,0,,
1811,ECB Big Tube Bull Bar for Isuzu D-Max,bumper,Brand New,P5,,no,,,,0,0,yes,no,979,not started,0,,
1812,AFN Premium Bull Bar for Toyota LandCruiser 300 Series,bumper,Brand New,P5,,no,,,,0,0,yes,no,1264,not started,0,,
1813,AFN Premium Bull Bar for Nissan Patrol Y62,bumper,Brand New,P5,,no,,,,0,0,yes,no,1247,not started,0,,
1814,ARB Summit Bull Bar for Mitsubishi Triton (MV),bumper,Brand New,P5,,yes,derived,stated,,0,0,yes,no,1029,original text kept; sections added from the listing's own statements,1,specifications,batch-2 (stated only)
1600,BimmerWorld BMW 10mm Wheel Spacers (Set/Pair) - G8X M2/M3/M4,wheels-tires,Brand New,P5,,no,,,,0,1,no,no,418,not started,0,,
1601,APEX ARC-8 17x8 ET25 4x100 Alloy Wheel - E21 E30 3-Series,wheels-tires,Brand New,P4,,no,,,,0,0,yes,no,319,not started,0,,
1602,APEX FL-5 Race Wheel - 18x10.5 ET22 Race Silver,wheels-tires,Brand New,P4,,no,,,,0,1,no,no,346,not started,0,,
1603,APEX SM-10 19-inch Flow-Formed Wheel - 5x112,wheels-tires,Brand New,P4,,no,,,,0,0,yes,no,244,not started,0,,
1604,Genuine BMW Style 775 17x7.5 ET30 Wheel - G42 G20 330i/M340i,wheels-tires,Brand New,P4,,no,,,,0,0,yes,no,327,not started,0,,
1605,Genuine BMW Style 776 17x7.5 ET30 Wheel - G42 G20 G22/G26 G23,wheels-tires,Brand New,P4,,no,,,,0,0,yes,no,313,not started,0,,
1606,Genuine BMW Style 771 17x7.5 ET30 Wheel - G42 G20 G22/G26 G23,wheels-tires,Brand New,P4,,no,,,,0,0,yes,no,336,not started,0,,
1607,Genuine BMW Style 780 18x7.5 ET25 Wheel - G42 G20 G22/G26 G23,wheels-tires,Brand New,P4,,no,,,,0,0,yes,no,334,not started,0,,
1608,Genuine BMW Style 781 18x7.5 ET25 Wheel - G42 G20 G22/G26 G23,wheels-tires,Brand New,P4,,no,,,,0,0,yes,no,334,not started,0,,
1609,Genuine BMW Style 782 18x7.5 ET25 Wheel - G42 G20 G22/G26 G23,wheels-tires,Brand New,P4,,no,,,,0,0,yes,no,334,not started,0,,
1610,Genuine BMW Style 790M 18x7.5 ET25 Wheel - G42 G20 G22/G26 G23,wheels-tires,Brand New,P4,,no,,,,0,0,yes,no,335,not started,0,,
1611,Genuine BMW Style 791M 19x8.0 ET27 Wheel - G42 G20 G22/G26 G23,wheels-tires,Brand New,P4,,no,,,,0,0,yes,no,349,not started,0,,
1612,Genuine BMW Style 792M 19x8.0 ET27 Wheel - G42 G20 G22/G26 G23,wheels-tires,Brand New,P4,,no,,,,0,0,yes,no,342,not started,0,,
1613,Genuine BMW Style 793 19x8.0 ET27 Wheel - G42 G20 G22/G26 G23,wheels-tires,Brand New,P4,,no,,,,0,0,yes,no,334,not started,0,,
1614,Genuine BMW Style 791M 19x8.5 ET40 Wheel - G42 G20 G22/G26 G23,wheels-tires,Brand New,P4,,no,,,,0,0,yes,no,348,not started,0,,
1615,Genuine BMW Style 792M 19x8.5 ET40 Wheel - G42 G20 G22/G26 G23,wheels-tires,Brand New,P4,,no,,,,0,0,yes,no,341,not started,0,,
1616,BMW Motorsport Roundel 50 Year Wheel Center Cap (56mm),wheels-tires,Brand New,P5,,no,,,,0,1,no,no,363,not started,0,,
1617,"BMW Motorsport Wheel, 18x11 ET-8 5x112 - G82 M4 GT4",wheels-tires,Brand New,P4,,no,,,,0,0,yes,no,277,not started,0,,
1618,Genuine BMW Style 719M Jet Black 18x7.5 ET45 Wheel,wheels-tires,Brand New,P4,,no,,,,0,0,yes,no,247,not started,0,,
1619,Genuine BMW Style 772 19x10.0 ET32 Wheel - G29 Z4,wheels-tires,Brand New,P4,,no,,,,0,0,yes,no,284,not started,0,,
1620,Genuine BMW Style 772 19x9.0 ET32 Wheel - G29 Z4,wheels-tires,Brand New,P4,,no,,,,0,0,yes,no,284,not started,0,,
1621,Genuine BMW Style 800M 19x10.0 ET40 Wheel - G29 Z4,wheels-tires,Brand New,P4,,no,,,,0,0,yes,no,286,not started,0,,
1622,Genuine BMW Style 800M 19x9.0 ET32 Wheel - G29 Z4,wheels-tires,Brand New,P4,,no,,,,0,0,yes,no,286,not started,0,,
1623,BMW Roundel Wheel Center Cap - G20 G30 F90 G01 G02 (56mm),wheels-tires,Brand New,P4,,no,,,,0,0,yes,no,318,not started,0,,
1624,"BMW Wheel Center Cap, Floating - 36122455269",wheels-tires,Brand New,P5,,no,,,,0,1,no,no,363,not started,0,,
1625,BMW Wheel Center Cap with Emblem (68mm) - Most 1992-2016 Models,wheels-tires,Brand New,P4,,no,,,,0,0,yes,no,294,not started,0,,
1626,"BMW i Roundel Wheel Center Cap (Blue Ring) - I01, I12, I15, I20, G20, G30, G12, G01, G26, i4",wheels-tires,Brand New,P5,,no,,,,0,0,yes,no,353,not started,0,,
1627,BimmerWorld 10mm 5x112 Wheel Spacers & M14 Bolts - G8X M2 M3 M4,wheels-tires,Brand New,P5,,no,,,,0,0,yes,no,390,not started,0,,
1628,BimmerWorld 10mm 5x112 Wheel Spacers & Street Studs - G8X M2 M3 M4,wheels-tires,Brand New,P5,,no,,,,0,0,yes,no,384,not started,0,,
1629,BimmerWorld 10mm 5x112 Wheel Spacers & Race Studs - G8X M2 M3 M4,wheels-tires,Brand New,P5,,no,,,,0,0,yes,no,386,not started,0,,
1630,"BimmerWorld 17x9.5 TA5R Wheel Set - E36 M3 (Flares), E46 M3",wheels-tires,Brand New,P4,,no,,,,0,0,yes,no,342,not started,0,,
1631,BimmerWorld 18x8.5 TA5R Wheel Set - F22 228i/230i/M235i/M240i,wheels-tires,Brand New,P5,,no,,,,0,0,yes,no,371,not started,0,,
1632,BimmerWorld 32mm Wheel Spacers - F8X M2/M3/M4,wheels-tires,Brand New,P5,,no,,,,0,1,no,no,396,not started,0,,
1633,BimmerWorld 41mm Wheel Spacers - F8X M2/M3/M4 (GTMore),wheels-tires,Brand New,P5,,no,,,,0,1,no,no,406,not started,0,,
1634,"BimmerWorld BMW Wheel Spacers (Set/Pair) - 5x112 (G20, G80, G82, G30, G01, etc)",wheels-tires,Brand New,P5,,no,,,,0,0,yes,no,414,not started,0,,
1635,M12x1.5 75mm BimmerWorld Wheel Stud/Black Nut Package,wheels-tires,Brand New,P5,,no,,,,0,1,no,no,410,not started,0,,
1636,M12x1.5 82mm BimmerWorld Premium Race Wheel Stud/Black Nut Package,wheels-tires,Brand New,P5,,no,,,,0,1,no,no,423,not started,0,,
1637,M12x1.5 82mm BimmerWorld Premium Race Wheel Stud/Black Nut Package,wheels-tires,Brand New,P5,,no,,,,0,1,no,no,423,not started,0,,
1638,M12x1.5 92mm BimmerWorld Premium Race Wheel Stud/Black Nut Package,wheels-tires,Brand New,P5,,no,,,,0,1,no,no,423,not started,0,,
1639,M14 Street 75mm BimmerWorld Wheel Stud/Black Nut Package,wheels-tires,Brand New,P5,,no,,,,0,1,no,no,413,not started,0,,
1640,M14 Street 82mm BimmerWorld Wheel Stud/Black Nut Package,wheels-tires,Brand New,P5,,no,,,,0,1,no,no,413,not started,0,,
1641,M14 Street 90mm BimmerWorld Wheel Stud/Black Nut Package,wheels-tires,Brand New,P5,,no,,,,0,1,no,no,413,not started,0,,
1642,"BimmerWorld TA16 18x10 Forged Wheel Set - F30, F32",wheels-tires,Brand New,P4,,no,,,,0,0,yes,no,330,not started,0,,
1643,"BimmerWorld TA55 19 Forged Wheel Set, Trophy Gold - F8X M2/M3/M4",wheels-tires,Brand New,P4,,no,,,,0,0,yes,no,289,not started,0,,
1644,"BimmerWorld TA55 19 Forged Wheel Set, Trophy Gold - G8X M2/M3/M4",wheels-tires,Brand New,P4,,no,,,,0,0,yes,no,289,not started,0,,
1645,"BimmerWorld TA55 19 Forged Wheel Set, Gloss Black - F8X M2/M3/M4",wheels-tires,Brand New,P4,,no,,,,0,0,yes,no,289,not started,0,,
1646,"BimmerWorld TA55 19 Forged Wheel Set, Gloss Black - G8X M2/M3/M4",wheels-tires,Brand New,P5,,no,,,,0,0,yes,no,350,not started,0,,
1647,"BimmerWorld TA55 19x11 Forged Square Wheel Set, Gloss Black - G8X M2/M3/M4",wheels-tires,Brand New,P5,,no,,,,0,1,no,no,409,not started,0,,
1648,"BimmerWorld TA55 19x11 Forged Square Wheel Set, Trophy Gold - G8X M2/M3/M4",wheels-tires,Brand New,P4,,no,,,,0,0,yes,no,344,not started,0,,
1649,"BimmerWorld TA5R 17 inch Flow-Form Wheel - E36, E46, E9X, F3X, Z3, Z4",wheels-tires,Brand New,P5,,no,,,,0,0,yes,no,359,not started,0,,
1650,"BimmerWorld TA5R 18 inch Flow-Form Wheel - E36, E46, E9X, F3X, F8X, Z3, Z4",wheels-tires,Brand New,P5,,no,,,,0,0,yes,no,364,not started,0,,
1651,"BimmerWorld TA8S 17 inch Flow-Form Wheel - E36, E46, E9X, F3X, Z3, Z4",wheels-tires,Brand New,P5,,no,,,,0,0,yes,no,361,not started,0,,
1652,"BimmerWorld 17x9.0 TA8S Wheel Set - E36, E46, F3X, E60 Xi, Z3, E85",wheels-tires,Brand New,P5,,no,,,,0,0,yes,no,391,not started,0,,
1653,"BimmerWorld TA8S 18 inch Flow-Form Wheel - E46 M3, E9X M3, F8X M2/M3/M4",wheels-tires,Brand New,P5,,no,,,,0,0,yes,no,350,not started,0,,
1654,"BimmerWorld 18x10 ET25 TA8S Wheel Set - E82 1M, M235iR, E46 M3, E9X M3, F8X M3/M4",wheels-tires,Brand New,P5,,no,,,,0,0,yes,no,386,not started,0,,
1655,"BimmerWorld 18x10 ET33 TA8S Wheel Set - F87 M2, E46 M3, F8X M3/M4",wheels-tires,Brand New,P5,,no,,,,0,0,yes,no,370,not started,0,,
1656,BimmerWorld TA8S 18x9.5/10.5 Staggered Wheel Set - E46 M3,wheels-tires,Brand New,P4,,no,,,,0,0,yes,no,343,not started,0,,
1657,BimmerWorld TA8S 18x9.5/10.5 Staggered Wheel Set - F8X M2/M3/M4,wheels-tires,Brand New,P5,,no,,,,0,1,no,no,422,not started,0,,
1658,BimmerWorld 18x9.5 ET35 TA8S Wheel Set - E46 M3,wheels-tires,Brand New,P4,,no,,,,0,0,yes,no,348,not started,0,,
1659,"BimmerWorld TE:AL TA16 Forged Race Wheel - 18""",wheels-tires,Brand New,P5,,no,,,,0,2,no,no,415,not started,0,,
1660,BimmerWorld TA16 17x8.5 ET40 Forged Race Wheel Set (Gloss Black),wheels-tires,Brand New,P5,,no,,,,0,1,no,no,409,not started,0,,
1661,BimmerWorld TA16 17x8.5 ET40 Forged Race Wheel Set (Gloss Gunmetal),wheels-tires,Brand New,P5,,no,,,,0,1,no,no,415,not started,0,,
1662,BimmerWorld TA16 17x9.0 ET42 Forged Race Wheel Set (Gloss Black),wheels-tires,Brand New,P5,,no,,,,0,1,no,no,399,not started,0,,
1663,BimmerWorld TA16 17x9.0 ET42 Forged Race Wheel Set (Gloss Gunmetal),wheels-tires,Brand New,P5,,no,,,,0,1,no,no,405,not started,0,,
1664,BimmerWorld TA16 18x10 Forged Wheel Set (Gloss Black) - F8X M2/M3/M4,wheels-tires,Brand New,P5,,no,,,,0,1,no,no,409,not started,0,,
1665,BimmerWorld TA16 18x10 Forged Wheel Set (Gunmetal) - F8X M2/M3/M4,wheels-tires,Brand New,P5,,no,,,,0,1,no,no,409,not started,0,,
1666,"BimmerWorld TA16 18x10 Forged Wheel Set (Gloss Black) - E46 M3, E9X M3, F8X M3/M4",wheels-tires,Brand New,P4,,no,,,,0,0,yes,no,344,not started,0,,
1667,"BimmerWorld TA16 18x10 Forged Wheel Set (Gunmetal) - E46 M3, E9X M3, F8X M3/M4",wheels-tires,Brand New,P4,,no,,,,0,0,yes,no,344,not started,0,,
1668,BimmerWorld TA16 18x9.5 ET22 Forged Race Wheel Set (Gloss Black),wheels-tires,Brand New,P4,,no,,,,0,0,yes,no,349,not started,0,,
1669,BimmerWorld TA16 18x9.5 ET22 Forged Race Wheel Set (Gloss Gunmetal),wheels-tires,Brand New,P5,,no,,,,0,0,yes,no,362,not started,0,,
1670,"BimmerWorld TE:AL TA16 Forged Race Wheel - 17"" 5x120",wheels-tires,Brand New,P4,,no,,,,0,1,yes,no,316,not started,0,,
1671,BimmerWorld BMW Wheel Spacers (Set/Pair) - 5x120,wheels-tires,Brand New,P5,,no,,,,0,0,yes,no,357,not started,0,,
1672,17mm M12x1.5 Zinc Coated Black Wheel Lug Nut,wheels-tires,Brand New,P5,,no,,,,0,1,no,no,364,not started,0,,
1673,Emergency Spare Wheel - 17x3.5 ET -7 - G20 3-Series & G29 Z4,wheels-tires,Brand New,P4,,no,,,,0,0,yes,no,295,not started,0,,
1674,"Enkei GTC02 19 Wheel - G42 230i/M240i, G20 330i/M340i, G22 430i/M440i",wheels-tires,Brand New,P4,,no,,,,0,0,yes,no,286,not started,0,,
1675,"Enkei GTC02 18 Wheel - G42 230i/M240i, G20 330i/M340i, G22 430i/M440i",wheels-tires,Brand New,P4,,no,,,,0,0,yes,no,286,not started,0,,
1676,"Enkei NT03RR Wheel - G42 230i/M240i, G20 330i/M340i, G22 430i/M440i",wheels-tires,Brand New,P4,,no,,,,0,0,yes,no,311,not started,0,,
1677,"Enkei RPF1 Wheel - G42 230i/M240i, G20 330i/M340i, G22 430i/M440i",wheels-tires,Brand New,P4,,no,,,,0,0,yes,no,309,not started,0,,
1678,"Enkei RS05RR Wheel - G42 230i/M240i, G20 330i/M340i, G22 430i/M440i",wheels-tires,Brand New,P4,,no,,,,0,0,yes,no,302,not started,0,,
1679,"Compact Spare Wheel, BMW - G30 G01 G02 G11 G12",wheels-tires,Brand New,P4,,no,,,,0,0,yes,no,286,not started,0,,
1680,"BMW Style 5 16x7.5 Wheel - E30 M3, E28, E34, E24, E32",wheels-tires,Brand New,P4,,no,,,,0,0,yes,no,270,not started,0,,
1681,Genuine BMW E9X Style 360 16x7.0 ET31 Wheel,wheels-tires,Brand New,P4,,no,,,,0,1,no,no,321,not started,0,,
1682,H&R 11mm Wheel Spacers for BMW 5x112 Wheels / 66.5 CB,wheels-tires,Brand New,P4,,no,,,,0,0,yes,no,316,not started,0,,
1683,H&R 12mm Wheel Spacers for BMW 5x112 Wheels,wheels-tires,Brand New,P4,,no,,,,0,0,yes,no,249,not started,0,,
1684,H&R 13mm Wheel Spacers for BMW 5x112 Wheels,wheels-tires,Brand New,P4,,no,,,,0,0,yes,no,249,not started,0,,
1685,H&R 15mm Wheel Spacers for BMW 5x112 Wheels,wheels-tires,Brand New,P4,,no,,,,0,0,yes,no,249,not started,0,,
1686,H&R 18mm Wheel Spacers for BMW 5x112 Wheels,wheels-tires,Brand New,P4,,no,,,,0,0,yes,no,249,not started,0,,
1687,H&R 20mm Wheel Spacers for BMW 5x112 Wheels,wheels-tires,Brand New,P4,,no,,,,0,0,yes,no,249,not started,0,,
1688,H&R 22.5mm Bolt-On Wheel Spacers for BMW 5x112 Wheels,wheels-tires,Brand New,P4,,no,,,,0,0,yes,no,261,not started,0,,
1689,H&R 25mm Bolt-On Wheel Spacers for BMW 5x112 Wheels,wheels-tires,Brand New,P4,,no,,,,0,0,yes,no,257,not started,0,,
1690,H&R 30mm Bolt-On Wheel Spacers for BMW 5x112 Wheels,wheels-tires,Brand New,P4,,no,,,,0,0,yes,no,258,not started,0,,
1691,Hub Cap for Style 152 Wheel - E46 E9X E60 E63 E65 E53 E85,wheels-tires,Brand New,P4,,no,,,,0,0,yes,no,310,not started,0,,
1692,M Performance Tire Storage / Tote Bags - 36132461758,wheels-tires,Brand New,P5,,no,,,,0,1,no,no,417,not started,0,,
1693,"TPMS / RDC Control Unit, 433MHz - F10 F06 F12 F13 F25 F26 (2011+)",wheels-tires,Brand New,P4,,no,,,,0,0,yes,no,313,not started,0,,
1694,SONAX Fallout Cleaner - 750ml Spray Bottle,wheels-tires,Brand New,P5,,no,,,,0,1,no,no,399,not started,0,,
1695,SONAX The Beast Wheel Cleaner - 1L Spray Bottle,wheels-tires,Brand New,P5,,no,,,,0,1,no,no,361,not started,0,,
1696,SONAX Wheel Cleaner Full Effect (500ml),wheels-tires,Brand New,P4,,no,,,,0,1,no,no,348,not started,0,,
1697,Space Saver Spare Wheel with Tire - G30 G11 G12 G01 G02,wheels-tires,Brand New,P4,,no,,,,0,0,yes,no,300,not started,0,,
1698,Style 662M Alloy Wheel 20x8 ET30 (Orbit Grey) - G30 5-Series,wheels-tires,Brand New,P4,,no,,,,0,0,yes,no,293,not started,0,,
1699,"Style 668M Front Wheel, 20x8 ET30 (Titanium Matte) - G30 5-Series",wheels-tires,Brand New,P4,,no,,,,0,0,yes,no,303,not started,0,,
1700,"Style 668M Rear Wheel, 20x9 ET44 (Titanium Matte) - G30 5-Series",wheels-tires,Brand New,P4,,no,,,,0,0,yes,no,301,not started,0,,
1701,"Style 718M Alloy Wheel, 21x8.5 ET30 (Black/Polished) - G01 X3 & G02 X4",wheels-tires,Brand New,P4,,no,,,,0,0,yes,no,304,not started,0,,
1702,TPMS RDC Control Unit 433MHz - F22 F23 F30 F31 F32 F33 (2012-2014),wheels-tires,Brand New,P5,,no,,,,0,0,yes,no,362,not started,0,,
1703,"TPMS Radio Receiver Unit (434MHz), Genuine BMW",wheels-tires,Brand New,P5,,no,,,,0,1,no,no,378,not started,0,,
1704,Titan 7 T-M20 Forged Wheel - G8X M2/M3/M4,wheels-tires,Brand New,P4,,no,,,,0,0,yes,no,281,not started,0,,
1705,"Titan 7 T-M20 Forged Wheel - E36 M3, E46 M3, E9X M3, F8X M2/M3/M4",wheels-tires,Brand New,P4,,no,,,,0,0,yes,no,292,not started,0,,
1706,Titan 7 T-M20 Forged Wheel Set - G8X M2/M3/M4,wheels-tires,Brand New,P4,,no,,,,0,0,yes,no,285,not started,0,,
1707,Titan 7 T-C5 Forged Wheel Set - G8X M2/M3/M4,wheels-tires,Brand New,P4,,no,,,,0,1,no,no,313,not started,0,,
1708,Titan7 T-S5 19-inch Forged Wheel Set - F87 M2 Competition,wheels-tires,Brand New,P4,,no,,,,0,0,yes,no,254,not started,0,,
1709,Titan7 T-S5 20x11 ET44 Forged Wheel,wheels-tires,Brand New,P4,,no,,,,0,1,no,no,304,not started,0,,
1710,Titan7 T-S5 20x9.5 ET25 Forged Wheel,wheels-tires,Brand New,P4,,no,,,,0,1,no,no,306,not started,0,,
1711,Titan7 T-S5 20x10 ET22 Forged Wheel,wheels-tires,Brand New,P4,,no,,,,0,0,yes,no,251,not started,0,,
1712,Titan7 T-S5 20x11 ET30 Forged Wheel,wheels-tires,Brand New,P4,,no,,,,0,0,yes,no,250,not started,0,,
1713,Titan7 T-P10 20in Forged Wheel Set - G8X M2/M3/M4,wheels-tires,Brand New,P4,,no,,,,0,1,no,no,338,not started,0,,
1714,"Titan 7 T-C5 18x10 Forged Wheel Set - E46 M3, E9X M3, F80 M3, F82 M4",wheels-tires,Brand New,P4,,no,,,,0,0,yes,no,294,not started,0,,
1715,"Titan7 T-D6 19-inch Forged Wheel Set - G29 Z4, Supra",wheels-tires,Brand New,P4,,no,,,,0,0,yes,no,262,not started,0,,
1716,"Titan7 T-S5 19-inch Forged Wheel Set - G29 Z4, Supra",wheels-tires,Brand New,P4,,no,,,,0,0,yes,no,262,not started,0,,
1717,Titan7 T-S5 19x10.5 ET44 Forged Wheel,wheels-tires,Brand New,P4,,no,,,,0,0,yes,no,249,not started,0,,
1718,Titan7 T-S5 19x9.5 ET27 Forged Wheel,wheels-tires,Brand New,P4,,no,,,,0,0,yes,no,250,not started,0,,
1719,"Titan7 T-S5 20-inch Forged Wheel Set - G29 Z4, Supra",wheels-tires,Brand New,P4,,no,,,,0,0,yes,no,262,not started,0,,
1720,Toyo RR Race Tires,wheels-tires,Brand New,P4,,no,,,,0,1,no,no,318,not started,0,,
1721,Tire Valve - F82 M4 GT4 (Motorsport),wheels-tires,Brand New,P4,,no,,,,0,0,yes,no,223,not started,0,,
1722,"Wheel Bolt, M14x1.25 - G90/G99, G05, F95, G06, F96, G07",wheels-tires,Brand New,P4,,no,,,,0,0,yes,no,290,not started,0,,
1723,"BMW Wheel Center Cap Set for 5x112 Wheels, Floating - 36122455268",wheels-tires,Brand New,P4,,no,,,,0,0,yes,no,320,not started,0,,
1724,Wheel Stud - F82 M4 GT4,wheels-tires,Brand New,P4,,no,,,,0,0,yes,no,215,not started,0,,
1525,1999–2006 Chevrolet Silverado 8 ft Long Truck Bed,body-parts,Used,P5,,no,,,,0,0,yes,no,1624,not started,0,,
1521,1999–2007 Chevrolet/GMC 6.5 ft Short Truck Bed,body-parts,Used,P5,,no,,,,0,0,yes,no,887,not started,0,,
1508,1999-2010 Ford Superduty Truck bed,body-parts,Used,P5,,no,,,,0,0,yes,no,1451,not started,0,,
1507,1999-2010 Ford Superduty 6.5ft Truck Bed,body-parts,Used,P5,,no,,,,0,0,yes,no,1457,not started,0,,
1520,2014-2019 GMC SIERRA 6.6’ Truck Bed,body-parts,Used,P5,,no,,,,0,0,yes,no,1517,not started,0,,
1510,2009-2014 Ford F150 6.5 foot bed,body-parts,Used,P5,,no,,,,0,0,yes,no,1413,not started,0,,
1518,2014-2019 Chevy/GMC 6.6 foot bed,body-parts,Used,P5,,no,,,,0,0,yes,no,1469,not started,0,,
1522,94-02 2nd gen Dodge ram short bed,body-parts,Used,P5,,no,,,,0,1,no,no,1697,not started,0,,
1511,2009-2014 Ford F150 6.5ft Truck Bed,body-parts,Used,P4,,no,,,,0,0,yes,no,291,not started,0,,
1505,1999-2007 GM 6.5ft Truck Bed,body-parts,Used,P4,,no,,,,0,0,yes,no,277,not started,0,,
1519,2014-2019 GM 8ft Truck Bed,body-parts,Used,P4,,no,,,,0,0,yes,no,273,not started,0,,
1504,1999-2007 GM 6.5 Truck Bed,body-parts,Used,P4,,no,,,,0,0,yes,no,273,not started,0,,
1515,2011-2016 Ford F250 Super Duty 8ft Truck Bed (Unit 1),body-parts,Used,P4,,no,,,,0,0,yes,no,309,not started,0,,
1516,2011-2016 Ford F250 Super Duty 8ft Truck Bed (Unit 2),body-parts,Used,P4,,no,,,,0,0,yes,no,309,not started,0,,
1517,2011-2016 Ford Superduty 8ft truck bed,body-parts,Used,P5,,no,,,,0,0,yes,no,1545,not started,0,,
1540,Leer RAM 1500 6.5ft Fibreglass box,body-parts,Used,P5,,no,,,,0,1,no,no,393,not started,0,,
1502,14-23 ARE Cover Camper Shell,aftermarket,Used,P5,,no,,,,0,1,no,no,438,not started,0,,
1501,11-16 Ford F250 Truck Bed Cap Shell Camper Topper,aftermarket,Used,P5,,no,,,,0,1,no,no,423,not started,0,,
1503,14-23 Ford F250 Camper Shell,aftermarket,Used,P5,,no,,,,0,1,no,no,381,not started,0,,
1512,2009-2014 Ford F150 Camper Shell Topper,aftermarket,Used,P5,,no,,,,0,0,yes,no,360,not started,0,,
1523,1999–2006 Chevrolet Silverado Truck Bed,aftermarket,Used,P5,,no,,,,0,0,yes,no,804,not started,0,,
1514,2011-2016 Ford F-350 Super Duty Pickup Short Bed,aftermarket,Used,P5,,no,,,,0,0,yes,no,1670,not started,0,,
1528,Chevy Silverado Truck Bed (2007-2013 Chevy/GMC Sierra Short Bed),aftermarket,Used,P5,,no,,,,0,0,yes,no,1621,not started,0,,
1506,1999-2010 Ford Super Duty f250/350 Long Bed,body-parts,Used,P5,,no,,,,0,0,yes,no,1611,not started,0,,
1542,Pickup Sierra GMC 2007-2013 short bed,aftermarket,Used,P5,,no,,,,0,0,yes,no,1661,not started,0,,
1529,Dodge Ram truck bed (2009-2018 4th gen dodge ram 3500 mega cab dually truck bed),body-parts,Used,P5,,no,,,,0,0,yes,no,1620,not started,0,,
1527,Chevy Silverado 2500 (2007-2013 Chevy/GMC Long Truck Bed),body-parts,Used,P5,,no,,,,0,0,yes,no,1631,not started,0,,
1535,ford f250 truck bed replacement (1999-2010 Ford F250 F350 Super Duty 8′ Long Truck Bed),body-parts,Used,P5,,no,,,,0,0,yes,no,1622,not started,0,,
1534,2011–2016 Ford F-250/F-350 Super Duty Truck Bed,body-parts,Used,P5,,no,,,,0,0,yes,no,1538,not started,0,,
1530,2002–2009 Dodge Ram (3rd Gen) Short Truck Bed,body-parts,Used,P5,,no,,,,0,0,yes,no,1249,not started,0,,
1532,2019–2023 Ram 2500 8 ft Long Truck Bed,body-parts,Used,P5,,no,,,,0,0,yes,no,724,not started,0,,
1500,2007–2013 GMC Sierra 5 ft 8 in Short Truck Bed,body-parts,Used,P5,,no,,,,0,0,yes,no,1459,not started,0,,
1538,GMC Sierra Truck Bed Replacement (2007-2013 GMC SIERRA Truck Bed),body-parts,Used,P5,,no,,,,0,0,yes,no,1691,not started,0,,
1537,2017–2024 Ford F-250/F-350 Super Duty 8 ft Long Truck Bed,body-parts,Used,P5,,no,,,,0,0,yes,no,1252,not started,0,,
1536,Ford F250 Truck Bed Replacement (2011-2016 Ford F250/350 Super duty 8’ Long Bed),body-parts,Used,P5,,no,,,,0,0,yes,no,1622,not started,0,,
1531,2019–2025 Ram 2500/3500 (5th Gen) 8 ft Long Truck Bed,body-parts,Used,P5,,no,,,,0,0,yes,no,679,not started,0,,
1509,2007-2013 GMC Sierra 1500 5′ 8″ Short Truck Bed,body-parts,Used,P5,,no,,,,0,0,yes,no,1657,not started,0,,
1541,Long Car and Truck Exhaust Pipes,engine,Used,P5,,no,,,,0,1,no,no,434,not started,0,,
1539,LED Tail Light with Blind Spot Compatible,lighting,Used,P5,,no,,,,0,1,no,no,495,not started,0,,
1543,Seating at Tractor Supply Co,aftermarket,Used,P5,,no,,,,0,1,no,no,632,not started,0,,
1526,A-Premium Front Catalytic Converter,engine,Used,P5,,no,,,,0,1,no,no,434,not started,0,,
1544,Torin ATR6300B Rolling Creeper Garage,aftermarket,Used,P5,,no,,,,0,1,no,no,801,not started,0,,
211,Chevrolet 427 LS7 Complete Drivetrain Package,engine,Brand New,P1,engine-assembly,yes,derived,unconfirmed,engine,0,5,yes,no,609,original text kept; sections added from the listing's own statements,0,package contents,batch-1
210,Supercharged LT MAX Performance Package,engine,Brand New,P5,,no,,,,0,4,yes,no,597,not started,0,,
209,Ford Coyote GT-T Twin-Turbo Drivetrain,engine,Brand New,P1,engine-assembly,yes,derived,unconfirmed,engine,0,4,yes,no,570,original text kept; sections added from the listing's own statements,0,package contents,batch-1
208,Ford Coyote GT-S Performance Package,engine,Brand New,P5,,no,,,,0,4,yes,no,638,not started,0,,
207,GM LT4 New Complete Drivetrain Package,engine,Brand New,P1,engine-assembly,yes,derived,listed,engine,1,4,yes,no,624,original text kept; sections added from the listing's own statements,0,,batch-1
206,Chevrolet LT4 + TR6060 Manual Drivetrain,engine,Brand New,P1,engine-assembly,yes,derived,unconfirmed,engine,0,4,yes,no,583,original text kept; sections added from the listing's own statements,0,package contents,batch-1
205,Ford 6.7L Powerstroke + 10-Speed Diesel Drivetrain,engine,Used,P1,engine-assembly,yes,derived,unconfirmed,engine,0,4,yes,no,618,original text kept; sections added from the listing's own statements,0,package contents,batch-1
204,Chevrolet Gen V LT1 + 10L80 Drivetrain,engine,Brand New,P1,engine-assembly,yes,derived,unconfirmed,engine,0,4,yes,no,529,original text kept; sections added from the listing's own statements,0,package contents,batch-1
203,Chevrolet L86 6.2L + 10L80 Drivetrain Package,engine,Brand New,P1,engine-assembly,yes,derived,unconfirmed,engine,0,4,yes,no,591,original text kept; sections added from the listing's own statements,0,package contents,batch-1
202,Chevrolet LSA Supercharged Drivetrain,engine,Brand New,P1,engine-assembly,yes,derived,listed,engine,1,4,yes,no,575,original text kept; sections added from the listing's own statements,0,,batch-1
201,Chevrolet LS3 / L99 Complete Drivetrain,engine,Brand New,P1,engine-assembly,yes,derived,unconfirmed,engine,0,4,yes,no,600,original text kept; sections added from the listing's own statements,0,package contents,batch-1
200,GM LT Road-Race Complete Swap Drivetrain,engine,Brand New,P1,engine-assembly,yes,derived,unconfirmed,engine,0,4,yes,no,630,original text kept; sections added from the listing's own statements,0,package contents,batch-1
199,GM LTX Complete Swap Drivetrain Package,engine,Brand New,P1,engine-assembly,yes,explicit entry,partial,engine,6,4,yes,no,702,original text kept; sections added from the listing's own statements,0,remaining contents not confirmed,pilot
198,GM 6.6L Duramax Diesel Engine,engine,Used,P1,engine-assembly,yes,derived,unconfirmed,engine,0,5,yes,no,673,original text kept; sections added from the listing's own statements,0,package contents,batch-1
197,GM LT Twin-Turbo Complete Drivetrain,engine,Brand New,P1,engine-assembly,yes,derived,unconfirmed,engine,0,4,yes,no,654,original text kept; sections added from the listing's own statements,0,package contents,batch-1
196,GM Gen V 6.2L Complete Swap Package,engine,Brand New,P1,engine-assembly,yes,derived,listed,engine,1,4,yes,no,718,original text kept; sections added from the listing's own statements,0,,batch-1
195,Chevrolet LT4 Supercharged 6.2L Swap Crate Package,engine,Brand New,P5,,yes,derived,listed,,1,4,yes,no,711,original text kept; sections added from the listing's own statements,0,,batch-2 (stated only)
194,Ford 3.5L EcoBoost V6 Engine,engine,Used,P1,engine-assembly,yes,derived,unconfirmed,engine,0,4,yes,no,599,original text kept; sections added from the listing's own statements,0,package contents,batch-1
193,Ford Gen 2 Coyote 5.0L V8 Engine,engine,Brand New,P1,engine-assembly,yes,derived,unconfirmed,engine,0,4,yes,no,607,original text kept; sections added from the listing's own statements,0,package contents,batch-1
192,Ford Gen 3 Coyote Complete Drivetrain,engine,Brand New,P1,engine-assembly,yes,derived,listed,engine,1,4,yes,no,642,original text kept; sections added from the listing's own statements,0,,batch-1
191,Chevrolet LV3 4.3L V6 + 6L80 Drivetrain Package,engine,Brand New,P1,engine-assembly,yes,derived,unconfirmed,engine,0,4,yes,no,638,original text kept; sections added from the listing's own statements,0,package contents,batch-1
190,Chevrolet L84 5.3L + 8L90 Drivetrain Package,engine,Brand New,P1,engine-assembly,yes,derived,unconfirmed,engine,0,4,yes,no,636,original text kept; sections added from the listing's own statements,0,package contents,batch-1
189,Chevrolet L83 5.3L + 8L90 Drivetrain Package,engine,Brand New,P1,engine-assembly,yes,derived,listed,engine,3,4,yes,no,676,original text kept; sections added from the listing's own statements,0,,batch-1
188,Chevrolet L83 5.3L V8 Engine,engine,Brand New,P1,engine-assembly,yes,derived,unconfirmed,engine,0,6,yes,no,694,original text kept; sections added from the listing's own statements,0,package contents,batch-1
187,Chevrolet L86 6.2L + 8L90 Drivetrain Package,engine,Brand New,P1,engine-assembly,yes,derived,listed,engine,1,5,yes,no,804,original text kept; sections added from the listing's own statements,0,,batch-1
186,Chevrolet L86 6.2L V8 Engine,engine,Used,P1,engine-assembly,yes,derived,listed,engine,1,7,yes,no,837,original text kept; sections added from the listing's own statements,0,,batch-1
212,07-13 GM Truck to Gen V LT Inline fuel regulator Kit,engine,Brand New,P3,fuel-kit,yes,derived,unconfirmed,fuel,0,0,yes,no,511,original text kept; sections added from the listing's own statements,0,package contents; specifications,batch-2
213,07-13 GM Trucks to Gen V LT Motor mounts,engine,Brand New,P4,,no,,,,0,0,yes,no,162,not started,0,,
214,10L80 Transmission,transmission,Brand New,P1,transmission,yes,derived,unconfirmed,transmission,0,0,no,no,278,original text kept; sections added from the listing's own statements,0,package contents; fitment; specifications,batch-1
215,1960 - 1987 C10 Gen V LT Swap Package,engine,Brand New,P1,engine-assembly,yes,derived,unconfirmed,engine,0,1,yes,no,1252,original text kept; sections added from the listing's own statements,0,package contents; specifications,batch-1
216,1966-67 Chevelle Catback,engine,Brand New,P5,,no,,,,0,0,no,no,504,not started,0,,
217,1967–1969 CAMARO / FIREBIRD 3-ROW ALUMINUM RADIATOR & FAN SHROUD PACKAGE,engine,Brand New,P3,cooling-kit,yes,derived,unconfirmed,cooling,0,0,yes,no,1164,original text kept; sections added from the listing's own statements,1,package contents; specifications,batch-2
218,1967–1972 C10 ALUMINUM FAN SHROUD,engine,Brand New,P4,,no,,,,0,0,yes,no,155,not started,0,,
219,1967–1972 C10 Aluminum Radiator & Fan Package,engine,Brand New,P3,cooling-kit,yes,derived,unconfirmed,cooling,0,0,yes,no,1147,original text kept; sections added from the listing's own statements,1,package contents; specifications,batch-2
220,1968-72 Chevelle Catback,engine,Brand New,P5,,no,,,,0,0,no,no,448,not started,0,,
221,1968-72 GM A-Body Swap Transmission Crossmember,transmission,Brand New,P5,,no,,,,0,0,yes,no,563,not started,0,,
222,1968–1972 CHEVELLE 3-ROW ALUMINUM RADIATOR & FAN PACKAGE,engine,Brand New,P3,cooling-kit,yes,derived,unconfirmed,cooling,0,0,yes,no,1267,original text kept; sections added from the listing's own statements,0,package contents; specifications,batch-2
223,1969–1972 CORVETTE 3-ROW PERFORMANCE ALUMINUM RADIATOR,engine,Brand New,P5,,no,,,,0,0,no,no,421,not started,0,,
224,1973–1986 C10 Aluminum Radiator & Fan Shroud Package,engine,Brand New,P3,cooling-kit,yes,derived,unconfirmed,cooling,0,0,yes,no,977,original text kept; sections added from the listing's own statements,1,package contents; specifications,batch-2
225,1979–1993 MUSTANG 2-ROW ALUMINUM RADIATOR & FAN SHROUD PACKAGE,engine,Brand New,P3,cooling-kit,yes,derived,unconfirmed,cooling,0,0,yes,no,1051,original text kept; sections added from the listing's own statements,0,package contents; specifications,batch-2
226,2014 + GM Truck Starter,aftermarket,Brand New,P4,,no,,,,0,0,no,no,145,not started,0,,
227,2014 - 2018 GM 1500 L87 Swap kit,turbocharger,Brand New,P5,,no,,,,0,0,yes,no,1115,not started,0,,
228,2014 - 2018 GM 1500 V6 to V8 Swap,turbocharger,Brand New,P5,,yes,derived,stated,,0,0,no,no,1111,original text kept; sections added from the listing's own statements,2,fitment; specifications,batch-2 (stated only)
229,2014 - 2018 Gm Truck Supercharged LT Swap Engine Package,engine,Brand New,P1,engine-assembly,yes,derived,unconfirmed,engine,0,0,no,no,178,original text kept; sections added from the listing's own statements,0,package contents; fitment; specifications,batch-1
230,2014+ GM Truck AC Compressor,aftermarket,Brand New,P4,,no,,,,0,0,no,no,150,not started,0,,
231,2019 - 2026 Gm Truck Supercharged LT Swap Engine Package,engine,Brand New,P1,engine-assembly,yes,derived,unconfirmed,engine,0,0,no,no,178,original text kept; sections added from the listing's own statements,0,package contents; fitment; specifications,batch-1
232,2019+ 8L90 Transmission,transmission,Used,P1,transmission,yes,derived,unconfirmed,transmission,0,0,no,no,245,original text kept; sections added from the listing's own statements,0,package contents; fitment; specifications,batch-1
233,350 lph In-Line Fuel System,engine,Brand New,P3,fuel-kit,yes,derived,unconfirmed,fuel,0,0,no,no,149,original text kept; sections added from the listing's own statements,0,package contents; fitment; specifications,batch-2
234,55-57 Tri Five Gen V LT Package,aftermarket,Brand New,P4,,no,,,,0,0,yes,no,153,not started,0,,
235,60-72 Frame Mounts For LS and LT Mount kit,engine,Brand New,P4,,yes,derived,stated,,0,1,no,no,248,original text kept; sections added from the listing's own statements,1,fitment; specifications,batch-2 (stated only)
236,60-87 C10 Drivetrain Mount kit,engine,Brand New,P1,engine-assembly,yes,derived,unconfirmed,engine,0,0,yes,no,443,original text kept; sections added from the listing's own statements,0,package contents; specifications,batch-1
237,60-87 C10 L83/6 Install Kit,aftermarket,Brand New,P5,,no,,,,0,0,yes,no,654,not started,0,,
238,60-87 C10 LT1 Install Kit,aftermarket,Brand New,P5,,no,,,,0,0,yes,no,1163,not started,0,,
239,60-87 C10 LT4 Kit,aftermarket,Brand New,P5,,yes,derived,stated,,0,0,yes,no,989,original text kept; sections added from the listing's own statements,1,specifications,batch-2 (stated only)
240,61-64 Impala Radiator & Fan Kit,engine,Brand New,P3,cooling-kit,yes,derived,unconfirmed,cooling,0,1,yes,no,208,original text kept; sections added from the listing's own statements,0,package contents; specifications,batch-2
241,66-70 Caprice Radiator and fan package,engine,Brand New,P3,cooling-kit,yes,derived,unconfirmed,cooling,0,0,yes,no,1249,original text kept; sections added from the listing's own statements,0,package contents; specifications,batch-2
242,67-68 F-Body Fuel System W/ Tank,body-parts,Brand New,P3,fuel-kit,yes,derived,unconfirmed,fuel,0,1,yes,no,719,original text kept; sections added from the listing's own statements,0,package contents; specifications,batch-2
243,67-69 Camaro / Firebird L86 / 8L90 Swap Package,engine,Brand New,P1,engine-assembly,yes,derived,listed,engine,8,0,yes,no,591,original text kept; sections added from the listing's own statements,1,specifications,batch-1
244,67-69 F-body Gen V LT Swap Shorty Headers,body-parts,Brand New,P5,,no,,,,0,3,yes,no,461,not started,0,,
245,67-72 C10 Complete Fuel System W/ Rear Tank,engine,Brand New,P3,fuel-kit,yes,derived,unconfirmed,fuel,0,1,yes,no,374,original text kept; sections added from the listing's own statements,0,package contents; specifications,batch-2
246,68-69 Chevelle & Malibu Fuel System W/ Tank,engine,Brand New,P3,fuel-kit,yes,derived,unconfirmed,fuel,0,1,yes,no,730,original text kept; sections added from the listing's own statements,0,package contents; specifications,batch-2
247,68-72 Chevelle Gen V L83 / 6l80 / 8L90 Swap Package,engine,Brand New,P1,engine-assembly,yes,derived,listed,engine,1,0,yes,no,636,original text kept; sections added from the listing's own statements,1,specifications,batch-1
248,68-72 Chevelle Gen V L86 / L83 Swap Kit,engine,Brand New,P5,,yes,derived,listed,,1,0,yes,no,434,original text kept; sections added from the listing's own statements,0,specifications,batch-2 (stated only)
249,68-72 Chevelle Gen V LT L86 Swap Package,engine,Brand New,P1,engine-assembly,yes,derived,listed,engine,1,0,yes,no,625,original text kept; sections added from the listing's own statements,1,specifications,batch-1
250,68-72 Chevelle Gen V LT1 Camaro Swap Kit,engine,Brand New,P5,,yes,derived,listed,,1,0,yes,no,486,original text kept; sections added from the listing's own statements,0,specifications,batch-2 (stated only)
251,69 F-Body Fuel System W/ Tank,body-parts,Brand New,P3,fuel-kit,yes,derived,unconfirmed,fuel,0,1,no,no,716,original text kept; sections added from the listing's own statements,0,package contents; fitment; specifications,batch-2
252,6L80 Transmission,transmission,Used,P1,transmission,yes,derived,unconfirmed,transmission,0,0,no,no,205,original text kept; sections added from the listing's own statements,0,package contents; fitment; specifications,batch-1
253,70-72 Chevelle & Malibu / 70 Monte Carlo Fuel System W/ Tank,engine,Brand New,P3,fuel-kit,yes,derived,unconfirmed,fuel,0,1,yes,no,747,original text kept; sections added from the listing's own statements,0,package contents; specifications,batch-2
254,73-87 C10 Complete Fuel System W Tank,engine,Brand New,P3,fuel-kit,yes,derived,unconfirmed,fuel,0,1,yes,no,372,original text kept; sections added from the listing's own statements,0,package contents; specifications,batch-2
255,79 - 93 Mustang L83 5.3 Drop in Package,body-parts,Used,P1,engine-assembly,yes,derived,listed,engine,2,1,yes,no,719,original text kept; sections added from the listing's own statements,0,specifications,batch-1
256,8L90 2WD Conversion Kit,transmission,Brand New,P4,,no,,,,0,0,no,no,145,not started,0,,
257,8L90 Transmission,transmission,Brand New,P1,transmission,yes,derived,unconfirmed,transmission,0,0,no,no,139,original text kept; sections added from the listing's own statements,0,package contents; fitment; specifications,batch-1
258,"A & G Body, F-Body, X-Body Gen V LT Swap Headers",body-parts,Brand New,P5,,no,,,,0,0,no,no,732,not started,0,,
259,A1000 Gen-II EFI Regulator ORB-06,aftermarket,Brand New,P5,,no,,,,0,0,no,no,662,not started,0,,
260,Aeromotive 05-18 Chevrolet Silverado 340 Dual Drop-In Phantom System,engine,Brand New,P5,,yes,derived,stated,,0,1,yes,yes,1452,original text kept; sections added from the listing's own statements,1,specifications,batch-2 (stated only)
261,Aeromotive 05-18 Chevrolet Silverado 450 Dual Drop-In Phantom System,engine,Brand New,P5,,yes,derived,stated,,0,1,yes,yes,1452,original text kept; sections added from the listing's own statements,1,specifications,batch-2 (stated only)
262,Aeromotive 05-18 Chevrolet Silverado 450 Triple Drop-In Phantom System,engine,Brand New,P5,,yes,derived,stated,,0,1,yes,yes,1454,original text kept; sections added from the listing's own statements,1,specifications,batch-2 (stated only)
263,Aeromotive 340 Fuel Pump,engine,Brand New,P5,,no,,,,0,0,yes,no,986,not started,0,,
264,Aeromotive 525lph In-Tank Fuel Pump,engine,Brand New,P5,,no,,,,0,2,yes,yes,1571,not started,0,,
265,Aeromotive 64-68 Ford Mustang 200 Stealth Gen 2 Fuel Tank,engine,Brand New,P5,,no,,,,0,1,yes,yes,1750,not started,0,,
266,Aeromotive 64-68 Ford Mustang 340 Stealth Gen 2 Fuel Tank,engine,Brand New,P5,,no,,,,0,1,yes,yes,1750,not started,0,,
267,Aeromotive 68-70 Dodge Charger Hellcat Swap Fuel Tank,engine,Brand New,P5,,no,,,,0,1,yes,yes,1929,not started,0,,
268,Aeromotive 69-70 Ford Mustang 340 Stealth Gen 2 Fuel Tank,engine,Brand New,P5,,no,,,,0,1,yes,yes,1612,not started,0,,
269,Aeromotive 70-72 Chevrolet Chevelle/Malibu & 1970 Chevrolet Monte Carlo 200 Stealth Gen 2 Fuel Tank,engine,Brand New,P5,,no,,,,0,1,yes,yes,1794,not started,0,,
270,Aeromotive 82-92 Camaro 340 Fuel Pump & Hanger,engine,Brand New,P5,,no,,,,0,1,yes,yes,980,not started,0,,
271,Aeromotive 82-92 Chevrolet Camaro w/Filler Neck 340 Stealth Gen 2 Fuel Tank,engine,Brand New,P5,,no,,,,0,1,yes,yes,1673,not started,0,,
272,Aeromotive 86-95 Ford Mustang 5.0L - A1000 Fuel System,engine,Brand New,P3,fuel-kit,yes,derived,unconfirmed,fuel,0,1,yes,yes,3318,original text kept; sections added from the listing's own statements,1,package contents; specifications,batch-2
273,Aeromotive 86-98 1/2 Ford Mustang Cobra Top Fuel Tank ONLY,engine,Brand New,P5,,no,,,,0,1,yes,yes,792,not started,0,,
274,Aeromotive 86-98 Ford Mustang 450 Fuel Pump & Hanger,engine,Brand New,P5,,no,,,,0,1,yes,yes,2541,not started,0,,
275,Aeromotive 86-98.5 Ford Mustang - A1000 Stealth Fuel System w/Tank,engine,Brand New,P3,fuel-kit,yes,derived,unconfirmed,fuel,0,1,yes,yes,2031,original text kept; sections added from the listing's own statements,1,package contents; specifications,batch-2
276,Aeromotive 86-98.5 Ford Mustang 340lph Fuel Pump & Hanger,engine,Brand New,P5,,no,,,,0,2,yes,yes,2546,not started,0,,
277,Aeromotive 88-97 Chevrolet 1500/2500 Truck Dual 340lph In-Tank Fuel Pump,engine,Brand New,P5,,yes,derived,stated,,0,2,yes,yes,728,original text kept; sections added from the listing's own statements,1,specifications,batch-2 (stated only)
278,Aeromotive 88-99 Chevrolet C/K 1500/2500 Truck 200 Fuel Pump & Hanger,engine,Brand New,P4,,no,,,,0,0,no,no,191,not started,0,,
279,Aeromotive 88-99 Chevrolet C/K 1500/2500 Truck 340 Fuel Pump & Hanger,engine,Brand New,P4,,no,,,,0,0,no,no,191,not started,0,,
280,Aeromotive 88-99 Chevrolet C/K 1500/2500 Truck 340 Stealth Gen 2 Fuel Tank,engine,Brand New,P5,,no,,,,0,1,yes,yes,1799,not started,0,,
281,Aeromotive 99-04 Chevrolet Silverado 340 Dual Drop-In Phantom System,engine,Brand New,P5,,no,,,,0,1,yes,yes,1633,not started,0,,
282,Aeromotive A1000 Adjustable EFI Regulator (2) -10 Inlet/-6 Return,aftermarket,Brand New,P5,,no,,,,0,1,no,yes,1363,not started,0,,
283,Aeromotive A1000 Adjustable EFI Regulator (2) -6 Inlet/-6 Return,aftermarket,Brand New,P5,,no,,,,0,1,no,yes,1362,not started,0,,
284,Aeromotive A1000 Adjustable EFI Regulator (2) -8 Inlet/-6 Return,aftermarket,Brand New,P5,,no,,,,0,1,no,yes,1362,not started,0,,
285,Aeromotive Brushless Pro+-Series Fuel Pump External In-Line,engine,Brand New,P4,,no,,,,0,0,no,no,181,not started,0,,
286,Aeromotive Brushless Spur Gear In-Tank (90 Degree) Fuel Pump w/TVS Controller - 5gpm,engine,Brand New,P5,,no,,,,0,1,yes,yes,1977,not started,0,,
287,Aeromotive Brushless Spur Gear In-Tank (90 Degree) Fuel Pump w/TVS Controller - 7gpm,engine,Brand New,P5,,no,,,,0,1,yes,yes,2365,not started,0,,
288,Aeromotive Compact Billet Adjustable EFI Regulator - (1) AN-6 Male Inlet and Return,aftermarket,Brand New,P5,,no,,,,0,2,no,yes,875,not started,0,,
289,Aeromotive Fuel Filter,engine,Brand New,P4,,no,,,,0,0,no,no,252,not started,0,,
290,Aeromotive Fuel Pump - Phantom Trifekta Universal In-Tank - 450lph - 6-10in Depth,engine,Brand New,P5,,yes,derived,stated,,0,2,yes,yes,2525,original text kept; sections added from the listing's own statements,3,specifications,batch-2 (stated only)
291,Aeromotive Fuel Pump - Universal - EFI Returnless Phantom - 60psi - 6-10in Depth,engine,Brand New,P5,,no,,,,0,2,yes,yes,1228,not started,0,,
292,Aeromotive Fuel Pump - Universal - Phantom 450 - 6-10in Depth,engine,Brand New,P5,,yes,derived,listed,,1,1,yes,yes,4732,original text kept; sections added from the listing's own statements,1,specifications,batch-2 (stated only)
293,Aeromotive Fuel Pump - Universal - Phantom Dual 340 - 6-10in Depth,engine,Brand New,P5,,no,,,,0,1,yes,yes,3697,not started,0,,
294,Aeromotive Fuel Pump 60A Deluxe Wiring Kit,electronics,Brand New,P3,fuel-kit,yes,derived,unconfirmed,fuel,0,1,yes,yes,888,original text kept; sections added from the listing's own statements,0,package contents; specifications,batch-2
295,Aeromotive Fuel Pump Deluxe Wiring Kit,electronics,Brand New,P3,fuel-kit,yes,derived,unconfirmed,fuel,0,1,yes,yes,912,original text kept; sections added from the listing's own statements,0,package contents; specifications,batch-2
296,Aeromotive In-Line AN-12 Filter w/Shutoff Valve 100 Micron SS Element - Black Anodize Finish,engine,Brand New,P5,,no,,,,0,4,yes,yes,1211,not started,0,,
297,Aeromotive In-Line Filter - (AN -08 Male) 100 Micron Stainless Steel Element,engine,Brand New,P5,,no,,,,0,3,yes,yes,1288,not started,0,,
298,Aeromotive In-Line Filter - (AN -8 Male) 10 Micron Fabric Element Bright Dip Black Finish,engine,Brand New,P5,,no,,,,0,4,yes,yes,1284,not started,0,,
299,Aeromotive In-Line Filter - (AN -8 Male) 40 Micron Stainless Mesh Element Bright Dip Black Finish,engine,Brand New,P5,,no,,,,0,4,yes,yes,1302,not started,0,,
300,Aeromotive In-Line Filter - (AN-06 Male) 100 Micron Stainless Steel Element,engine,Brand New,P5,,no,,,,0,3,yes,yes,1249,not started,0,,
301,Aeromotive In-Line Filter - (AN-10) 10 Micron fabric Element,engine,Brand New,P5,,no,,,,0,3,yes,yes,1516,not started,0,,
302,Aeromotive In-Line Filter - (AN-10) 10 Micron Microglass Element Red Anodize Finish,engine,Brand New,P5,,no,,,,0,4,yes,yes,965,not started,0,,
303,Aeromotive In-Line Filter - (AN-6 Male) 10 Micron Fabric Element Bright Dip Black Finish,engine,Brand New,P5,,no,,,,0,4,yes,yes,1282,not started,0,,
304,Aeromotive In-Line Filter - (AN-6 Male) 10 Micron Microglass Element Bright Dip Black Finish,engine,Brand New,P5,,no,,,,0,4,yes,yes,1306,not started,0,,
305,Aeromotive In-Line Filter - (AN-6 Male) 40 Micron Stainless Mesh Element Bright Dip Black Finish,engine,Brand New,P5,,no,,,,0,4,yes,yes,1296,not started,0,,
306,Aeromotive In-Line Filter - AN -10 size Male - 10 Micron Microglass Element - Bright-Dip Black,engine,Brand New,P5,,no,,,,0,4,yes,yes,1256,not started,0,,
307,Aeromotive In-Line Filter - AN-08 size Male - 10 Micron Microglass Element - Bright-Dip Black,engine,Brand New,P5,,no,,,,0,4,yes,yes,1299,not started,0,,
308,Aeromotive In-Line Filter - AN-10 - Black - 10 Micron,engine,Brand New,P5,,no,,,,0,4,yes,yes,1506,not started,0,,
309,Aeromotive In-Line Filter - AN-10 - Black - 100 Micron,engine,Brand New,P5,,no,,,,0,4,yes,yes,1455,not started,0,,
310,Aeromotive In-Line Filter - AN-16 10 Micron Microglass Element Extreme Flow,engine,Brand New,P5,,no,,,,0,3,yes,yes,1345,not started,0,,
311,Aeromotive In-Line Filter - AN-16 100 Micron SS Element Extreme Flow,engine,Brand New,P5,,no,,,,0,3,yes,yes,1424,not started,0,,
312,Aeromotive In-Line Filter 10AN 10 Micron Microglass Element Bright-Dip Black 2in OD,engine,Brand New,P5,,no,,,,0,5,yes,yes,885,not started,0,,
313,Aeromotive In-Line Full Flow Check Valve (Male -10 AN Inlet / Female -10 AN outlet),engine,Brand New,P5,,no,,,,0,2,yes,yes,558,not started,0,,
314,Aeromotive Marine AN-12 Fuel Filter - 100 Micron - SS Element,engine,Brand New,P5,,no,,,,0,3,yes,yes,752,not started,0,,
315,Aeromotive Phantom 200 Universal In-Tank Fuel System,engine,Brand New,P3,fuel-kit,yes,derived,unconfirmed,fuel,0,1,yes,yes,3517,original text kept; sections added from the listing's own statements,1,package contents; specifications,batch-2
316,Aeromotive Phantom 340 Universal In-Tank Fuel System,engine,Brand New,P3,fuel-kit,yes,derived,unconfirmed,fuel,0,1,yes,yes,3505,original text kept; sections added from the listing's own statements,1,package contents; specifications,batch-2
317,Aeromotive Phantom 450 Dual Stealth 340 Fuel Pumps 6-10in Depth,engine,Brand New,P5,,yes,derived,stated,,0,1,yes,yes,2185,original text kept; sections added from the listing's own statements,1,specifications,batch-2 (stated only)
318,Aeromotive Phantom In-Tank Fuel System,engine,Brand New,P3,fuel-kit,yes,derived,listed,fuel,7,1,no,no,885,original text kept; sections added from the listing's own statements,0,fitment; specifications,batch-2
319,Aeromotive Pro-Series In-Line Fuel Filter - AN-12 - 100 Micron SS Element,engine,Brand New,P5,,no,,,,0,3,yes,yes,1735,not started,0,,
320,Aeromotive Pro-Series In-Line Fuel Filter - ORB-12 - 10 Micron Microglass Element,engine,Brand New,P5,,no,,,,0,2,yes,yes,1383,not started,0,,
321,Aeromotive Regulator Filter Combo EFI 40PSI-75PSI for A1000 or Smaller,aftermarket,Brand New,P3,fuel-kit,yes,derived,unconfirmed,fuel,0,2,yes,yes,706,original text kept; sections added from the listing's own statements,0,package contents; specifications,batch-2
322,Aeromotive Spring Steel Fuel Filter Bracket - 2-5/8in,engine,Brand New,P5,,no,,,,0,2,yes,yes,604,not started,0,,
323,Aeromotive Y-Block - AN-06 - 2x AN-06,aftermarket,Brand New,P4,,no,,,,0,2,yes,yes,159,not started,0,,
324,Antigravity 16in Clampless Starting Harness (For XP-10/XP-10-HD),electronics,Brand New,P4,,no,,,,0,1,no,yes,186,not started,0,,
325,Antigravity 20in Clampless Starting Harness (For XP-20/XP-20-HD),electronics,Brand New,P4,,no,,,,0,1,no,yes,186,not started,0,,
326,Antigravity Group 24R Lithium Car Battery w/Re-Start (Unit 1),electronics,Brand New,P4,,no,,,,0,0,no,no,183,not started,0,,
327,Antigravity Group 24R Lithium Car Battery w/Re-Start (Unit 2),electronics,Brand New,P4,,no,,,,0,0,no,no,183,not started,0,,
328,Antigravity Group 27 Lithium Car Battery w/Re-Start,electronics,Brand New,P4,,no,,,,0,1,no,yes,173,not started,0,,
329,Antigravity Group 75 Lithium Car Battery w/Re-Start,electronics,Brand New,P4,,no,,,,0,1,no,yes,173,not started,0,,
330,Antigravity H5/Group 47 Lithium Car Battery w/Re-Start,electronics,Brand New,P4,,no,,,,0,1,no,yes,176,not started,0,,
331,Antigravity H6/Group 48 Lithium Car Battery,electronics,Brand New,P4,,no,,,,0,1,no,yes,165,not started,0,,
332,Antigravity H6/Group 48 Lithium Car Battery w/Re-Start,electronics,Brand New,P4,,no,,,,0,1,no,yes,176,not started,0,,
333,Antigravity H8/Group 49 Lithium Car Battery w/Re-Start,electronics,Brand New,P4,,no,,,,0,1,no,yes,176,not started,0,,
334,Antigravity Heavy Duty Smart Clamps (For XP10/XP10-HD),electronics,Brand New,P4,,no,,,,0,1,no,yes,176,not started,0,,
335,Antigravity SAE Car Terminal Adapters,electronics,Brand New,P4,,no,,,,0,1,no,yes,159,not started,0,,
336,Antigravity SC-2 Super-Charger (Automotive/Motorcycle/Powersport) Battery Charger,electronics,Brand New,P5,,no,,,,0,1,yes,yes,620,not started,0,,
337,Antigravity SC-4 Super-Charger (Automotive/Motorcycle/Powersport) Battery Charger,electronics,Brand New,P5,,no,,,,0,1,yes,yes,620,not started,0,,
338,Antigravity Small Case 16-Cell Lithium Battery,electronics,Brand New,P5,,no,,,,0,1,no,yes,666,not started,0,,
339,Antigravity Small Case 4-Cell Lithium Battery,electronics,Brand New,P5,,no,,,,0,1,no,yes,426,not started,0,,
340,Antigravity Small Case 8-Cell Lithium Battery,electronics,Brand New,P5,,no,,,,0,1,no,yes,785,not started,0,,
341,Antigravity T6/L2 Lithium Car Battery w/Re-Start,electronics,Brand New,P4,,no,,,,0,1,no,yes,170,not started,0,,
342,Antigravity Top Post to Side Terminal Adapters,electronics,Brand New,P4,,no,,,,0,1,no,yes,168,not started,0,,
343,Antigravity U1/Group U1R Lithium Auto Battery w/Re-Start,electronics,Brand New,P4,,no,,,,0,1,no,yes,178,not started,0,,
344,Antigravity XP-20-HD Micro-Start Jump Starter,electronics,Brand New,P4,,no,,,,0,1,no,yes,167,not started,0,,
345,Antigravity XPS SC-1 Lithium Battery (Race Use),electronics,Brand New,P5,,no,,,,0,1,no,yes,513,not started,0,,
346,Antigravity XPS V-10 Lithium Battery - Right Side Negative Terminal,electronics,Brand New,P5,,no,,,,0,1,no,yes,658,not started,0,,
347,Antigravity XPS V-12 Lithium Battery - Left Side Negative Terminal,electronics,Brand New,P5,,no,,,,0,1,yes,yes,504,not started,0,,
348,Antigravity YTX20 High Power Lithium Battery,electronics,Brand New,P5,,no,,,,0,1,no,yes,756,not started,0,,
349,ATOMIC AIRFORCE MANIFOLD LT1,engine,Brand New,P5,,yes,derived,stated,,0,0,no,no,1000,original text kept; sections added from the listing's own statements,1,fitment; specifications,batch-2 (stated only)
350,BelRaken T Shirt,aftermarket,Brand New,P4,,no,,,,0,0,no,no,138,not started,0,,
351,BILLET LT1/ LT4 VVT DELETE FRONT COVER,aftermarket,Brand New,P5,,no,,,,0,0,no,no,607,not started,0,,
352,"Black Label Exhaust Predator Muffler (Horizontal Single 3"" in, Dual 3"" out)",engine,Brand New,P5,,no,,,,0,2,yes,no,652,not started,0,,
353,"Black Label Exhaust Predator Muffler (L & R Single 3"" in, Dual out)",engine,Brand New,P5,,no,,,,0,6,yes,no,644,not started,0,,
354,"Black Label Exhaust Predator Muffler (Single 3"" in, Single 3"" out)",engine,Brand New,P5,,no,,,,0,2,yes,no,643,not started,0,,
355,BLUEGRASS PERFORMANCE GEN V VALVE SPRING COMPRESSOR TOOL,aftermarket,Brand New,P4,,no,,,,0,0,no,no,178,not started,0,,
356,BMR 04-05 CTS-V Rear Toe Rod Kit - Red,suspension,Brand New,P3,suspension-kit,yes,derived,unconfirmed,suspension,0,0,no,no,160,original text kept; sections added from the listing's own statements,0,package contents; fitment; specifications,batch-2
357,BMR 04-05 CTS-V Trailing Arms w/ Spherical Bearings - Red,suspension,Brand New,P4,,no,,,,0,2,yes,yes,179,not started,0,,
358,BMR 04-06 CTS-V Pinion Support Brace - Red,suspension,Brand New,P4,,no,,,,0,2,yes,yes,164,not started,0,,
359,BMR 04-06 GTO Front Strut Tower Brace - Black Hammertone,suspension,Brand New,P4,,no,,,,0,2,yes,yes,178,not started,0,,
360,BMR 04-06 GTO Skid Guard (Aluminum) - Bare w/BMR Logo,suspension,Brand New,P4,,no,,,,0,1,yes,yes,175,not started,0,,
361,BMR 04-06 GTO Skid Guard (Aluminum) - Black Hammertone,suspension,Brand New,P4,,no,,,,0,2,yes,yes,176,not started,0,,
362,BMR 05-10 S197 Mustang Non-Adj. Upper Control Arm (Polyurethane) - Black Hammertone,suspension,Brand New,P4,,no,,,,0,0,no,no,205,not started,0,,
363,BMR 05-10 S197 Mustang Non-Adj. Upper Control Arm (Polyurethane) - Red,suspension,Brand New,P4,,no,,,,0,0,no,no,192,not started,0,,
364,BMR 05-10 S197 Mustang Upper Control Arm Mount - Black Hammertone,suspension,Brand New,P4,,no,,,,0,0,no,no,187,not started,0,,
365,BMR 05-10 S197 Mustang Upper Control Arm On-Car Adj. (Polyurethane) - Black Hammertone,suspension,Brand New,P4,,no,,,,0,0,no,no,208,not started,0,,
366,BMR 05-10 S197 Mustang Upper Control Arm On-Car Adj. (Polyurethane) - Red,suspension,Brand New,P4,,no,,,,0,0,no,no,195,not started,0,,
367,BMR 05-14 Ford Mustang 8.8in Differential Bearing Kit Spherical Bearings Stainless Steel Housing,suspension,Brand New,P3,suspension-kit,yes,derived,unconfirmed,suspension,0,2,yes,yes,218,original text kept; sections added from the listing's own statements,0,package contents; specifications,batch-2
368,BMR 05-14 S197 Mustang A-Arm Support Brace - Red,suspension,Brand New,P4,,no,,,,0,0,no,no,170,not started,0,,
369,BMR 05-14 S197 Mustang Differential Bushing Kit - Red,suspension,Brand New,P2,transfer-case-differential,yes,derived,unconfirmed,drivetrain,0,2,yes,yes,175,original text kept; sections added from the listing's own statements,0,package contents; specifications,batch-1
370,BMR 05-14 S197 Mustang Front Camber Bolts (2 Degree Offset) - Black,suspension,Brand New,P4,,no,,,,0,0,no,no,189,not started,0,,
371,BMR 05-14 S197 Mustang Front Lower Control Arm Hardware Kit - Zinc plated,suspension,Brand New,P3,suspension-kit,yes,derived,unconfirmed,suspension,0,1,yes,yes,195,original text kept; sections added from the listing's own statements,0,package contents; specifications,batch-2
372,BMR 05-14 S197 Mustang Non-Adj. Boxed Lower Control Arms (Polyurethane) - Black Hammertone,suspension,Brand New,P4,,no,,,,0,0,no,no,212,not started,0,,
373,BMR 05-14 S197 Mustang Non-Adj. Boxed Lower Control Arms (Polyurethane) - Red,suspension,Brand New,P4,,no,,,,0,0,no,no,199,not started,0,,
374,BMR 05-14 S197 Mustang Radiator Support Chassis Brace - Black Hammertone,suspension,Brand New,P4,,no,,,,0,0,no,no,194,not started,0,,
375,BMR 05-14 S197 Mustang Radiator Support Chassis Brace - Red,suspension,Brand New,P4,,no,,,,0,0,no,no,181,not started,0,,
376,BMR 05-14 S197 Mustang Radiator Support w/o Sway Bar Mount - Black Hammertone,suspension,Brand New,P4,,no,,,,0,0,no,no,199,not started,0,,
377,BMR 05-14 S197 Mustang Sway Bar Relocation Kit - Bare,suspension,Brand New,P3,suspension-kit,yes,derived,unconfirmed,suspension,0,0,no,no,175,original text kept; sections added from the listing's own statements,0,package contents; fitment; specifications,batch-2
378,BMR 05-14 S197 Mustang Upper Panhard Rod Support - Black Hammertone,suspension,Brand New,P4,,no,,,,0,0,no,no,189,not started,0,,
379,BMR 05-14 S197 Mustang Upper Panhard Rod Support - Red,suspension,Brand New,P4,,no,,,,0,0,no,no,176,not started,0,,
380,BMR 05-14 S197 Mustang V8 w/ Plenum Cover Strut Tower Brace - Red,suspension,Brand New,P4,,no,,,,0,2,yes,yes,187,not started,0,,
381,BMR 08-09 Pontiac G8 Front Strut Mount Bushing Kit (Elastomer) - Black,suspension,Brand New,P3,suspension-kit,yes,derived,unconfirmed,suspension,0,2,yes,yes,192,original text kept; sections added from the listing's own statements,0,package contents; specifications,batch-2
382,BMR 08-09 Pontiac G8 Front Strut Tower Brace - Red,suspension,Brand New,P4,,no,,,,0,2,yes,yes,172,not started,0,,
383,BMR 08-09 Pontiac G8 Rear Cradle Street Version Bushing Kit (Elastomer) - Black,suspension,Brand New,P3,suspension-kit,yes,derived,unconfirmed,suspension,0,2,yes,yes,201,original text kept; sections added from the listing's own statements,0,package contents; specifications,batch-2
384,BMR 08-09 Pontiac G8 Rear Suspension Bushing Kit (BK004 BK005 BK006) - Black/Red,suspension,Brand New,P3,suspension-kit,yes,derived,unconfirmed,suspension,0,1,yes,yes,202,original text kept; sections added from the listing's own statements,0,package contents; specifications,batch-2
385,BMR 08-17 Challenger Bolt-On Subframe Connectors - Red,suspension,Brand New,P4,,no,,,,0,2,yes,yes,176,not started,0,,
386,BMR 08-17 Challenger Front and Rear Sway Bar End Link Kit - Black,suspension,Brand New,P3,suspension-kit,yes,derived,unconfirmed,suspension,0,2,yes,yes,187,original text kept; sections added from the listing's own statements,0,package contents; specifications,batch-2
387,BMR 08-17 Challenger Front Sway Bar End Link Kit - Black,suspension,Brand New,P3,suspension-kit,yes,derived,unconfirmed,suspension,0,2,yes,yes,178,original text kept; sections added from the listing's own statements,0,package contents; specifications,batch-2
388,BMR 08-17 Challenger Rear On-Car Adj. Toe Rods Delrin/Rod End Combo - Black Hammertone,suspension,Brand New,P3,suspension-kit,yes,derived,unconfirmed,suspension,0,0,no,no,208,original text kept; sections added from the listing's own statements,0,package contents; fitment; specifications,batch-2
389,BMR 08-17 Challenger Rear Sway Bar End Link Kit - Black,suspension,Brand New,P3,suspension-kit,yes,derived,unconfirmed,suspension,0,2,yes,yes,177,original text kept; sections added from the listing's own statements,0,package contents; specifications,batch-2
390,BMR 08-18 Dodge Challenger Aluminum Rear Cradle Bushings Kit - Black Anodized,suspension,Brand New,P3,suspension-kit,yes,derived,unconfirmed,suspension,0,2,yes,yes,199,original text kept; sections added from the listing's own statements,0,package contents; specifications,batch-2
391,BMR 08-18 Dodge Challenger Front Strut Tower Brace - Red (Twin Tube Design),suspension,Brand New,P4,,no,,,,0,0,no,no,197,not started,0,,
392,BMR 08-18 Dodge Challenger Rear Strut Tower Brace - Black Hammertone,suspension,Brand New,P4,,no,,,,0,2,yes,yes,190,not started,0,,
393,BMR 08-18 Dodge Challenger Rear Strut Tower Brace - Red,suspension,Brand New,P4,,no,,,,0,2,yes,yes,177,not started,0,,
394,BMR 10-15 5th Gen Camaro Bolt-On Subframe Connectors - Red,suspension,Brand New,P4,,no,,,,0,2,yes,yes,180,not started,0,,
395,BMR 10-15 5th Gen Camaro Coilover Conversion Kit Rear Upper Mount - Black Hammertone,suspension,Brand New,P3,suspension-kit,yes,derived,unconfirmed,suspension,0,2,yes,yes,206,original text kept; sections added from the listing's own statements,0,package contents; specifications,batch-2
396,BMR 10-15 5th Gen Camaro Coilover Conversion Kit Rear Upper Mount - Red,suspension,Brand New,P3,suspension-kit,yes,derived,unconfirmed,suspension,0,2,yes,yes,193,original text kept; sections added from the listing's own statements,0,package contents; specifications,batch-2
397,BMR 10-15 5th Gen Camaro Pro Version Rear Cradle Bushing Kit (BK024 BK029) - Red,suspension,Brand New,P3,suspension-kit,yes,derived,unconfirmed,suspension,0,2,yes,yes,202,original text kept; sections added from the listing's own statements,0,package contents; specifications,batch-2
398,BMR 10-15 5th Gen Camaro Race Version Differential Mount Bushing Kit (Delrin) - Black,suspension,Brand New,P3,suspension-kit,yes,derived,unconfirmed,suspension,0,2,yes,yes,207,original text kept; sections added from the listing's own statements,0,package contents; specifications,batch-2
399,BMR 10-15 5th Gen Camaro Rear Adj. Rod Ends Toe Rods - Black Hammertone,suspension,Brand New,P4,,no,,,,0,0,no,no,193,not started,0,,
400,BMR 10-15 5th Gen Camaro Rear Adj. Rod Ends Toe Rods - Red,suspension,Brand New,P4,,no,,,,0,0,no,no,180,not started,0,,
401,BMR 10-15 5th Gen Camaro Rear Adj. Toe Rods (Polyurethane) - Black Hammertone,suspension,Brand New,P4,,no,,,,0,0,no,no,199,not started,0,,
402,BMR 10-15 5th Gen Camaro Rear Camber Bolts (1 Degree Offset) - Black,suspension,Brand New,P4,,no,,,,0,0,no,no,190,not started,0,,
403,BMR 10-15 5th Gen Camaro Rear Non-Adj. Toe Rods (Polyurethane) - Red,suspension,Brand New,P4,,no,,,,0,0,no,no,190,not started,0,,
404,BMR 10-15 5th Gen Camaro Rear Suspension Bushing Kit (BK006 BK017) - Red,suspension,Brand New,P3,suspension-kit,yes,derived,unconfirmed,suspension,0,2,yes,yes,194,original text kept; sections added from the listing's own statements,0,package contents; specifications,batch-2
405,BMR 10-15 5th Gen Camaro Street Version Differential Mount Bushing Kit (Poly) - Black,suspension,Brand New,P3,suspension-kit,yes,derived,unconfirmed,suspension,0,0,no,no,207,original text kept; sections added from the listing's own statements,0,package contents; fitment; specifications,batch-2
406,BMR 11-14 S197 Mustang Upper Control Arm Mount - Black Hammertone,suspension,Brand New,P4,,no,,,,0,2,yes,yes,187,not started,0,,
407,BMR 11-14 S197 Mustang Upper Control Arm Mount - Red,suspension,Brand New,P4,,no,,,,0,2,yes,yes,174,not started,0,,
408,BMR 11-18 Dodge Challenger Motor Mount Solid Bushing Upgrade Kit - Black Anodized,engine,Brand New,P4,,no,,,,0,2,yes,yes,203,not started,0,,
409,BMR 12-15 5th Gen Camaro Differential Mount Bushing Kit (Poly/Delrin Combo) - Black/Red,suspension,Brand New,P3,suspension-kit,yes,derived,unconfirmed,suspension,0,0,no,no,209,original text kept; sections added from the listing's own statements,0,package contents; fitment; specifications,batch-2
410,BMR 14-17 Chevy SS Bolt-On Subframe Connectors - Black Hammertone,suspension,Brand New,P4,,no,,,,0,0,no,no,187,not started,0,,
411,BMR 14-17 Chevy SS Sedan Bolt-On Subframe Connectors - Red,suspension,Brand New,P4,,no,,,,0,0,no,no,180,not started,0,,
412,BMR 15-18 Dodge Challenger (Auto Trans) Hellcat/Demon Driveshaft Safety Loop - Black Hammertone,engine,Brand New,P4,,no,,,,0,2,yes,yes,217,not started,0,,
413,BMR 15-18 Dodge Challenger (Auto Trans) Hellcat/Demon Driveshaft Safety Loop - Red,engine,Brand New,P4,,no,,,,0,2,yes,yes,204,not started,0,,
414,BMR 15-18 Dodge Challenger Aluminum Differential Mount Housing Bushing Kit - Black Anodized,suspension,Brand New,P3,suspension-kit,yes,derived,unconfirmed,suspension,0,2,yes,yes,213,original text kept; sections added from the listing's own statements,0,package contents; specifications,batch-2
415,BMR 15-19 Ford Mustang S550 Front Bumper Support (Black Hammertone),bumper,Brand New,P4,,no,,,,0,2,yes,yes,189,not started,0,,
416,BMR 15-20 Ford Mustang Rear Strut Tower Brace - Red,suspension,Brand New,P4,,no,,,,0,0,no,no,173,not started,0,,
417,BMR 16-17 6th Gen Camaro Aluminum Driveshaft Tunnel Brace - Black Hammertone,suspension,Brand New,P4,,no,,,,0,2,yes,yes,198,not started,0,,
418,BMR 16-17 6th Gen Camaro Aluminum Driveshaft Tunnel Brace - Red,suspension,Brand New,P4,,no,,,,0,2,yes,yes,185,not started,0,,
419,BMR 16-17 6th Gen Camaro Steel Driveshaft Tunnel Brace - Red,suspension,Brand New,P4,,no,,,,0,2,yes,yes,182,not started,0,,
420,BMR 2008-2018 Challenger Differential Lockout Bushing Kit - Black Anodized,suspension,Brand New,P2,transfer-case-differential,yes,derived,unconfirmed,drivetrain,0,2,yes,yes,196,original text kept; sections added from the listing's own statements,0,package contents; specifications,batch-1
421,BMR 2008-2018 Challenger Rear Cradle Lockout Bushing Kit - Black Anodized,suspension,Brand New,P3,suspension-kit,yes,derived,unconfirmed,suspension,0,2,yes,yes,195,original text kept; sections added from the listing's own statements,0,package contents; specifications,batch-2
422,BMR 2010-2015 Chevrolet Camaro Rear DOM Lower Control Arms - Black Hammertone,suspension,Brand New,P4,,no,,,,0,2,yes,yes,199,not started,0,,
423,BMR 2010-2015 Chevrolet Camaro Rear DOM Lower Control Arms - Red,suspension,Brand New,P4,,no,,,,0,2,yes,yes,186,not started,0,,
424,BMR 2015-18 Challenger Differential Lockout Bushing Kit - Red,suspension,Brand New,P2,transfer-case-differential,yes,derived,unconfirmed,drivetrain,0,2,yes,yes,183,original text kept; sections added from the listing's own statements,0,package contents; specifications,batch-1
425,BMR 24-25 Ford Mustang S650 Chassis Brace Front Subframe 2-point - Red,suspension,Brand New,P4,,no,,,,0,2,yes,yes,192,not started,0,,
426,BMR 64-67 A-Body Non-Adj. Rear Suspension Kit - Black Hammertone,suspension,Brand New,P3,suspension-kit,yes,derived,unconfirmed,suspension,0,2,yes,yes,1878,original text kept; sections added from the listing's own statements,0,package contents; specifications,batch-2
427,BMR 64-67 A-Body Upper Control Arms On-Car Adj. Rod Ends - Black Hammertone,suspension,Brand New,P5,,no,,,,0,2,yes,yes,1700,not started,0,,
428,BMR 64-72 A-Body Control Arm Hardware Kit Rear Upper And Lower - Zinc plated,suspension,Brand New,P3,suspension-kit,yes,derived,unconfirmed,suspension,0,1,yes,yes,198,original text kept; sections added from the listing's own statements,0,package contents; specifications,batch-2
429,BMR 64-72 A-Body Front Lowering Springs - Red,suspension,Brand New,P5,,no,,,,0,2,yes,yes,2589,not started,0,,
430,BMR 64-72 A-Body Upper And Lower A-Arm Kit - Black Hammertone,suspension,Brand New,P3,suspension-kit,yes,derived,unconfirmed,suspension,0,2,yes,yes,1991,original text kept; sections added from the listing's own statements,0,package contents; specifications,batch-2
431,BMR 64-72 A-Body Upper And Lower A-Arm Kit - Red,suspension,Brand New,P3,suspension-kit,yes,derived,unconfirmed,suspension,0,2,yes,yes,1978,original text kept; sections added from the listing's own statements,0,package contents; specifications,batch-2
432,BMR 64-72 Chevy Chevelle Rear Control Arm Relocation Brackets - Black Hammertone,suspension,Brand New,P4,,no,,,,0,2,yes,yes,202,not started,0,,
433,BMR 67-69 1st Gen F-Body / 70-74 3rd Gen X-Body Tie Rod Sleeves 5/8in Thread - Black Anodized,suspension,Brand New,P5,,no,,,,0,3,yes,yes,1151,not started,0,,
434,BMR 67-69 1st Gen F-Body Transmission Conversion Crossmember T56/TR6060/TH400/4L80E - Red,transmission,Brand New,P4,,no,,,,0,2,yes,yes,211,not started,0,,
435,BMR 67-72 A-Body Lowering Spring Kit (Set Of 4) - Red,suspension,Brand New,P3,suspension-kit,yes,derived,unconfirmed,suspension,0,2,yes,yes,3252,original text kept; sections added from the listing's own statements,0,package contents; specifications,batch-2
436,BMR 67-72 A-Body Rear Lowering Springs - Red,suspension,Brand New,P5,,no,,,,0,2,yes,yes,2568,not started,0,,
437,BMR 68-72 A-Body Non-Adj. Rear Suspension Kit - Black Hammertone,suspension,Brand New,P3,suspension-kit,yes,derived,unconfirmed,suspension,0,2,yes,yes,2603,original text kept; sections added from the listing's own statements,0,package contents; specifications,batch-2
438,BMR 68-72 A-Body Shock Tower Brace Rear Black Hammertone,suspension,Brand New,P5,,no,,,,0,2,yes,yes,2495,not started,0,,
439,BMR 70-81 2nd Gen F-Body Front Upper/Lower Control Arm Hardware Kit - Zinc plated,suspension,Brand New,P3,suspension-kit,yes,derived,unconfirmed,suspension,0,1,yes,yes,203,original text kept; sections added from the listing's own statements,0,package contents; specifications,batch-2
440,BMR 70-81 2nd Gen F-Body Upper And Lower A-Arm Kit - Black Hammertone,suspension,Brand New,P3,suspension-kit,yes,derived,unconfirmed,suspension,0,2,yes,yes,1955,original text kept; sections added from the listing's own statements,0,package contents; specifications,batch-2
441,BMR 78-87 G-Body Control Arm Reinforcement Braces - Black Hammertone,suspension,Brand New,P4,,no,,,,0,2,yes,yes,190,not started,0,,
442,BMR 78-87 G-Body Front Upper/Lower Control Arm Hardware Kit - Zinc plated,suspension,Brand New,P3,suspension-kit,yes,derived,unconfirmed,suspension,0,1,yes,yes,195,original text kept; sections added from the listing's own statements,0,package contents; specifications,batch-2
443,BMR 78-87 G-Body Rear Coilover Conversion Kit - Red,suspension,Brand New,P3,suspension-kit,yes,derived,unconfirmed,suspension,0,2,yes,yes,173,original text kept; sections added from the listing's own statements,0,package contents; specifications,batch-2
444,BMR 78-87 G-Body Upper Control Arms DOM On-car Adj Rod Ends - Black Hammertone,suspension,Brand New,P4,,no,,,,0,2,yes,yes,200,not started,0,,
445,BMR 78-87 G-Body Upper Control Arms DOM On-car Adj Rod Ends - Red,suspension,Brand New,P4,,no,,,,0,2,yes,yes,187,not started,0,,
446,BMR 78-88 GM G-Body Rear Frame Notch Kit,suspension,Brand New,P3,suspension-kit,yes,derived,unconfirmed,suspension,0,0,no,no,162,original text kept; sections added from the listing's own statements,0,package contents; fitment; specifications,batch-2
447,BMR 79-04 Ford Mustang 8.8in Differential Bearing Kit Spherical Bearings Stainless Steel Housing,suspension,Brand New,P3,suspension-kit,yes,derived,unconfirmed,suspension,0,2,yes,yes,1373,original text kept; sections added from the listing's own statements,0,package contents; specifications,batch-2
448,BMR 79-04 Ford Mustang Control Arm Relocation Bracket - Red,suspension,Brand New,P4,,no,,,,0,2,yes,yes,181,not started,0,,
449,BMR 79-04 Fox Mustang Non-Adj. Upper Control Arms (Polyurethane) - Black Hammertone,suspension,Brand New,P5,,no,,,,0,2,yes,yes,1680,not started,0,,
450,BMR 79-04 Fox Mustang Torque Box Reinforcement Plate Kit(TBR005H And TBR003H) - Black Hammertone,suspension,Brand New,P3,suspension-kit,yes,derived,unconfirmed,suspension,0,2,yes,yes,1553,original text kept; sections added from the listing's own statements,0,package contents; specifications,batch-2
451,BMR 79-04 Fox Mustang Tubular Style Upper Torque Box Reinforcement Plates - Black Hammertone,suspension,Brand New,P5,,no,,,,0,2,yes,yes,1560,not started,0,,
452,BMR 79-04 Fox Mustang Tubular Style Upper Torque Box Reinforcement Plates - Red,suspension,Brand New,P5,,no,,,,0,2,yes,yes,1547,not started,0,,
453,BMR 79-04 Fox Mustang Upper Control Arms On-Car Adj. (Polyurethane) - Red,suspension,Brand New,P5,,no,,,,0,2,yes,yes,2722,not started,0,,
454,BMR 79-04 Mustang Rear Coilover Conversion Kit w/ Control Arm Bracket - Red,suspension,Brand New,P3,suspension-kit,yes,derived,unconfirmed,suspension,0,2,yes,yes,197,original text kept; sections added from the listing's own statements,0,package contents; specifications,batch-2
455,BMR 79-04 SN95 Mustang 8.8in Differential Bearing Kit (Spherical Bearings) - Black Anodized,suspension,Brand New,P3,suspension-kit,yes,derived,unconfirmed,suspension,0,3,yes,yes,1352,original text kept; sections added from the listing's own statements,0,package contents,batch-2
456,BMR 79-93 Fox Mustang Non-Adj Lower A-Arms Standard Ball Joint Spring Pocket - Black Hammertone,suspension,Brand New,P5,,no,,,,0,2,yes,yes,1499,not started,0,,
457,BMR 79-95 Ford Mustang K-Member Premium Version w/Spring Perches - Black Hammertone,engine,Brand New,P5,,no,,,,0,2,yes,yes,1338,not started,0,,
458,BMR 79-95 Ford Mustang K-Member Standard Version w/ Coilover Perches - Black Hammertone,suspension,Brand New,P4,,no,,,,0,2,yes,yes,209,not started,0,,
459,BMR 79-95 Ford Mustang K-Member Standard Version w/ Coilover Perches - Red,suspension,Brand New,P4,,no,,,,0,2,yes,yes,196,not started,0,,
460,BMR 79-95 Ford Mustang K-Member Standard Version w/Spring Perches - Red,engine,Brand New,P4,,no,,,,0,2,yes,yes,193,not started,0,,
461,BMR 79-98 Fox Mustang Non-Adj. Lower Control Arms (Polyurethane) - Black Hammertone,suspension,Brand New,P5,,no,,,,0,2,yes,yes,1660,not started,0,,
462,BMR 79-98 Fox Mustang Non-Adj. Lower Control Arms (Polyurethane) - Red,suspension,Brand New,P5,,no,,,,0,2,yes,yes,1647,not started,0,,
463,BMR 79-98 Fox Mustang Single Adj. Lower Control Arms / Rod End (Polyurethane) - Black Hammertone,suspension,Brand New,P5,,no,,,,0,2,yes,yes,2576,not started,0,,
464,BMR 82-02 3rd Gen F-Body Adj. Bolt-In Torque Arm - Red,suspension,Brand New,P4,,no,,,,0,2,yes,yes,176,not started,0,,
465,BMR 82-02 3rd Gen F-Body Bolt-On Control Arm Relocation Brackets - Red,suspension,Brand New,P4,,no,,,,0,2,yes,yes,192,not started,0,,
466,BMR 82-02 3rd Gen F-Body Non-Adj. Rear Suspension Kit (Polyurethane) - Red,suspension,Brand New,P3,suspension-kit,yes,derived,unconfirmed,suspension,0,2,yes,yes,2115,original text kept; sections added from the listing's own statements,0,package contents; specifications,batch-2
467,BMR 82-02 3rd Gen F-Body On-Car Adj. Panhard Rod (Polyurethane) - Red,suspension,Brand New,P4,,no,,,,0,2,yes,yes,191,not started,0,,
468,BMR 82-02 3rd Gen F-Body Panhard Rod Relocation Kit - Black Hammertone,suspension,Brand New,P3,suspension-kit,yes,derived,unconfirmed,suspension,0,2,yes,yes,192,original text kept; sections added from the listing's own statements,0,package contents; specifications,batch-2
469,BMR 82-02 3rd Gen F-Body Rear Lowering Springs - Red,suspension,Brand New,P5,,no,,,,0,2,yes,yes,2803,not started,0,,
470,BMR 82-82 3rd Gen F-Body Lowering Spring Kit (Set Of 4) - Red,suspension,Brand New,P3,suspension-kit,yes,derived,unconfirmed,suspension,0,2,yes,yes,2789,original text kept; sections added from the listing's own statements,0,package contents; specifications,batch-2
471,BMR 82-82 3rd Gen F-Body Rear Lower Control Arm Hardware Kit - Zinc plated,suspension,Brand New,P3,suspension-kit,yes,derived,unconfirmed,suspension,0,1,yes,yes,196,original text kept; sections added from the listing's own statements,0,package contents; specifications,batch-2
472,BMR 84-92 3rd Gen F-Body Torque Arm Relocation Crossmember TH350 / PG - Red,body-parts,Brand New,P4,,no,,,,0,2,yes,yes,197,not started,0,,
473,BMR 91-96 B-Body Non-Adj. Extended Length Lower Control Arms (Polyurethane) - Black Hammertone,suspension,Brand New,P4,,no,,,,0,2,yes,yes,216,not started,0,,
474,BMR 91-96 B-Body Non-Adj. Upper Control Arms Extended Length (Polyureathane) - Black Hammertone,suspension,Brand New,P5,,no,,,,0,2,yes,yes,1349,not started,0,,
475,BMR 93-02 4th Gen F-Body Adjustable Front Upper A-Arms (For Stock Shocks) - Black Hammertone,suspension,Brand New,P4,,no,,,,0,2,yes,yes,214,not started,0,,
476,BMR 93-02 4th Gen F-Body Adjustable Front Upper A-Arms (For Stock Shocks) - Red,suspension,Brand New,P4,,no,,,,0,2,yes,yes,201,not started,0,,
477,BMR 93-02 F-Body Front Upper/Lower Control Arm Hardware Kit - Zinc plated,suspension,Brand New,P3,suspension-kit,yes,derived,unconfirmed,suspension,0,1,yes,yes,195,original text kept; sections added from the listing's own statements,0,package contents; specifications,batch-2
478,BMR 93-02 F-Body LT1/Turbo LS1 Stainless Steel Radiator Shroud - Polished,body-parts,Brand New,P2,turbo-supercharger,yes,derived,unconfirmed,turbocharger,0,2,yes,yes,195,original text kept; sections added from the listing's own statements,0,package contents; specifications,batch-1
479,BMR 93-02 F-Body Upper And Lower A-Arm Kit - Black Hammertone,suspension,Brand New,P3,suspension-kit,yes,derived,unconfirmed,suspension,0,2,yes,yes,2444,original text kept; sections added from the listing's own statements,0,package contents; specifications,batch-2
480,BMR 93-02 F-Body Upper And Lower A-Arm Kit - Red,suspension,Brand New,P3,suspension-kit,yes,derived,unconfirmed,suspension,0,2,yes,yes,2431,original text kept; sections added from the listing's own statements,0,package contents; specifications,batch-2
481,BMR 93-02 F-Body V8 Shock Tower Brace (excludes 93-97 SS Models) - Red,suspension,Brand New,P5,,yes,derived,stated,,0,4,yes,yes,1590,original text kept; sections added from the listing's own statements,1,,batch-2 (stated only)
482,BMR 93-02 F-Body V8 Shock Tower Brace - Black Hammertone,suspension,Brand New,P5,,no,,,,0,2,yes,yes,1576,not started,0,,
483,BMR 96-04 Ford Mustang K-Member - Black Hammertone,engine,Brand New,P4,,no,,,,0,2,yes,yes,172,not started,0,,
484,BMR 96-04 Ford Mustang K-Member - Red,engine,Brand New,P4,,no,,,,0,2,yes,yes,159,not started,0,,
485,BMR 96-04 Ford Mustang K-Member Standard Version w/ Spring Perches - Black Hammertone,engine,Brand New,P4,,no,,,,0,2,yes,yes,207,not started,0,,
486,BMR 96-04 Ford Mustang K-Member Standard Version w/ Spring Perches - Red,engine,Brand New,P4,,no,,,,0,2,yes,yes,194,not started,0,,
487,BMR 96-04 New Edge Mustang K-Member Standard Version / Coilover Version - Black Hammertone,suspension,Brand New,P4,,no,,,,0,2,yes,yes,212,not started,0,,
488,BMR 96-04 New Edge Mustang K-Member Standard Version / Coilover Version - Red,suspension,Brand New,P4,,no,,,,0,2,yes,yes,199,not started,0,,
489,BMR 98-02 4th Gen F-Body K-Member w/ LS1 Motor Mounts and STD. Rack Mounts - Red,body-parts,Brand New,P5,,yes,derived,stated,,0,2,yes,yes,1751,original text kept; sections added from the listing's own statements,1,specifications,batch-2 (stated only)
490,BMR 98-02 4th Gen F-Body K-Member w/ Turbo LS1 Motor Mounts and STD. Rack Mounts - Black Hammertone,body-parts,Brand New,P5,,yes,derived,stated,,0,2,yes,yes,1770,original text kept; sections added from the listing's own statements,1,specifications,batch-2 (stated only)
491,BMR 98-02 4th Gen F-Body Torque Arm Relocation Crossmember 4L60E LS1 - Black Hammertone,body-parts,Brand New,P5,,no,,,,0,2,yes,yes,1269,not started,0,,
492,BMR 98-02 4th Gen F-Body Torque Arm Relocation Crossmember 4L80E LS1 - Red,body-parts,Brand New,P5,,no,,,,0,2,yes,yes,873,not started,0,,
493,BMR 98-02 4th Gen F-Body Torque Arm Relocation Crossmember TH400 LS1 - Red,body-parts,Brand New,P5,,no,,,,0,2,yes,yes,1266,not started,0,,
494,BMR 98-02 Chevrolet Camaro Motor Mount Kit (Solid Steel) - Red,engine,Brand New,P4,,no,,,,0,2,yes,yes,184,not started,0,,
495,BMR 98-02 Chevrolet Camaro Motor Mount Kit (Steel) w/ Poly Bushings - Black Hammertone,engine,Brand New,P4,,no,,,,0,2,yes,yes,208,not started,0,,
496,BMR 98-02 Chevrolet Camaro Motor Mount Kit (Steel) w/ Poly Bushings - Red,engine,Brand New,P4,,no,,,,0,2,yes,yes,195,not started,0,,
497,"BMR Adjustable Lower A-Arms,Polyurethane/Rod End Combo",suspension,Brand New,P3,suspension-kit,yes,derived,unconfirmed,suspension,0,0,no,no,2217,original text kept; sections added from the listing's own statements,0,package contents; fitment; specifications,batch-2
498,"BMR Adjustable Lower A-Arms,Polyurethane/Rod End Combo, 1"" Lowering",suspension,Brand New,P3,suspension-kit,yes,derived,unconfirmed,suspension,0,0,no,no,2409,original text kept; sections added from the listing's own statements,0,package contents; fitment; specifications,batch-2
499,BMR Suspension 15-18 Ford Mustang S550 Rear Camber Adjustment Lockout Kit - Red,suspension,Brand New,P3,suspension-kit,yes,derived,unconfirmed,suspension,0,0,no,no,201,original text kept; sections added from the listing's own statements,0,package contents; fitment; specifications,batch-2
500,BMR Suspension 15-19 Ford Mustang Rear Upper Shock Mount- Hammertone Black,suspension,Brand New,P4,,no,,,,0,2,yes,yes,196,not started,0,,
501,BMR Suspension 15-19 Ford Mustang Rear Upper Shock Mount- Red,suspension,Brand New,P4,,no,,,,0,2,yes,yes,183,not started,0,,
502,BMR Suspension 82-92 Chevy Camaro Caster/Camber Plates w/ Lockout Plates - Red,suspension,Brand New,P5,,no,,,,0,2,yes,yes,2324,not started,0,,
503,"BMR Torque Arm Relocation Crossmember, T56 / M6, LS1",suspension,Brand New,P5,,no,,,,0,1,no,no,2385,not started,0,,
504,"BMR Turbo K-member, LS1 Motor Mounts, Standard Rack Mounts",engine,Brand New,P5,,yes,derived,stated,,0,0,no,no,1556,original text kept; sections added from the listing's own statements,1,fitment; specifications,batch-2 (stated only)
505,BMR Universal Angle Finder,aftermarket,Brand New,P4,,no,,,,0,1,yes,yes,148,not started,0,,
506,"BMR Upper Adjustable A-arms, Rod Ends",suspension,Brand New,P5,,no,,,,0,1,no,no,1750,not started,0,,
507,C10 Gen V LT Swaps Shorty Headers,engine,Brand New,P4,,no,,,,0,0,no,no,155,not started,0,,
508,C3 Corvette Gen V LT Automatic Swap Package,engine,Brand New,P1,engine-assembly,yes,derived,unconfirmed,engine,0,0,no,no,827,original text kept; sections added from the listing's own statements,0,package contents; fitment; specifications,batch-1
509,Carrillo Bullet Series Pistons Coyote 5.0L Modular Stroker - Stock 4V,engine,Brand New,P4,,no,,,,0,0,no,no,191,not started,0,,
510,"Carrillo LS / LT Bullet H-Beam Rods - 6.125in, 1800+ HP",engine,Brand New,P5,,no,,,,0,1,no,no,851,not started,0,,
511,Carrillo LS / LT XD H-Beam Rods,engine,Brand New,P5,,no,,,,0,1,no,no,1346,not started,0,,
512,CHEVROLET PERFORMANCE GEN V LT REAR COVER,aftermarket,Brand New,P4,,no,,,,0,0,no,no,163,not started,0,,
513,Circle D 10L90 Torque Converter,transmission,Brand New,P5,,no,,,,0,0,no,no,672,not started,0,,
514,Circle D 8L90 Torque Converter,transmission,Brand New,P5,,no,,,,0,1,no,no,502,not started,0,,
515,Circle D Gen V LT 6L80 Torque Converter,transmission,Brand New,P5,,no,,,,0,0,no,no,524,not started,0,,
516,79 - 93 Mustang L86 6.2 Drop in Package,body-parts,Used,P1,engine-assembly,yes,derived,listed,engine,2,1,yes,no,699,original text kept; sections added from the listing's own statements,0,specifications,batch-1
517,Coyote Swap Ready Drivetrain package,engine,Brand New,P1,engine-assembly,yes,derived,unconfirmed,engine,0,1,no,no,676,original text kept; sections added from the listing's own statements,0,package contents; fitment; specifications,batch-1
518,CP CARRILLO BULLET SERIES GEN V LT PISTON SET,engine,Brand New,P4,,no,,,,0,0,no,no,167,not started,0,,
519,"CP-Carrillo, Bullet Series Connecting Rods, Chev LS / LT, 6.125""",engine,Brand New,P5,,no,,,,0,1,no,no,1656,not started,0,,
520,DeatschWerks 00-06 Chevrolet Silverado/Sierra 44lb Injectors - Set of 8,engine,Brand New,P4,,no,,,,0,1,yes,yes,294,not started,0,,
521,DeatschWerks 00-06 Chevrolet Silverado/Sierra 60lb Injectors - Set of 8,engine,Brand New,P4,,no,,,,0,1,yes,yes,294,not started,0,,
522,DeatschWerks 00-06 Chevrolet Silverado/Sierra 72lb Injectors - Set of 8,engine,Brand New,P4,,no,,,,0,1,yes,yes,294,not started,0,,
523,DeatschWerks 00-06 Chevrolet Silverado/Sierra 95lb Injectors - Set of 8,engine,Brand New,P4,,no,,,,0,1,yes,yes,318,not started,0,,
524,DeatschWerks 05-09 GM Truck DW400 Pump Module w/PTFE fuel lines,engine,Brand New,P4,,no,,,,0,0,no,no,185,not started,0,,
525,DeatschWerks 05-13 GM Truck DW400 Pump Module,engine,Brand New,P4,,no,,,,0,0,no,no,167,not started,0,,
526,DeatschWerks 14-18 GM Truck DW400 Pump Module,engine,Brand New,P4,,no,,,,0,1,yes,yes,253,not started,0,,
527,DeatschWerks 165 LPH In-Tank Fuel Pump w/ 84-85 Chevrolet Corvette Install Kit,engine,Brand New,P3,fuel-kit,yes,derived,unconfirmed,fuel,0,2,yes,yes,294,original text kept; sections added from the listing's own statements,0,package contents; specifications,batch-2
528,DeatschWerks 165 LPH In-Tank Fuel Pump w/ 90-96 Chevrolet Corvette (exc. ZR-1) Install Kit,engine,Brand New,P3,fuel-kit,yes,derived,unconfirmed,fuel,0,2,yes,yes,317,original text kept; sections added from the listing's own statements,0,package contents; specifications,batch-2
529,DeatschWerks 2.5L Modular Surge Tank (Incl. 1 DW250iL In-Line Fuel Pump),engine,Brand New,P4,,yes,derived,listed,,1,1,yes,yes,266,original text kept; sections added from the listing's own statements,0,specifications,batch-2 (stated only)
530,DeatschWerks 265 LPH DW65C Series Compact Fuel Pump w/ Mounting Clips,engine,Brand New,P4,,no,,,,0,2,yes,yes,249,not started,0,,
531,DeatschWerks 340 LPH DW300 Series In-Tank Fuel Pump,engine,Brand New,P4,,no,,,,0,2,yes,yes,173,not started,0,,
532,DeatschWerks 340 LPH Ford In-Tank Fuel Pump DW300M Series,engine,Brand New,P4,,no,,,,0,2,no,yes,225,not started,0,,
533,DeatschWerks 350 LPH DW350iL In-Line External Fuel Pump (No Bracket),engine,Brand New,P4,,no,,,,0,2,yes,yes,234,not started,0,,
534,DeatschWerks 350 LPH DW350iL In-Line External Fuel Pump Bracket ONLY,engine,Brand New,P4,,no,,,,0,2,yes,yes,190,not started,0,,
535,DeatschWerks 5.5L Modular Surge Tank Includes 3 DW400 Fuel Pumps,engine,Brand New,P4,,yes,derived,listed,,1,1,yes,yes,251,original text kept; sections added from the listing's own statements,0,specifications,batch-2 (stated only)
536,DeatschWerks 5/16in 10 Micron 55mm In-Line Fuel Filter Kit,engine,Brand New,P3,fuel-kit,yes,derived,unconfirmed,fuel,0,3,yes,yes,287,original text kept; sections added from the listing's own statements,0,package contents,batch-2
537,DeatschWerks 6AN 10 Micron 70mm Compact In-Line Fuel Filter Kit,engine,Brand New,P3,fuel-kit,yes,derived,unconfirmed,fuel,0,4,yes,yes,288,original text kept; sections added from the listing's own statements,0,package contents,batch-2
538,DeatschWerks 6AN Female Swivel 180-Degree Hose End PTFE (Incl. 1 Olive Insert),aftermarket,Brand New,P4,,no,,,,0,2,yes,yes,288,not started,0,,
539,DeatschWerks 84-85 Chevy Corvette 5.7L DW200 255 LPH In-Tank Fuel Pump w/ Install Kit,engine,Brand New,P3,fuel-kit,yes,derived,unconfirmed,fuel,0,2,yes,yes,286,original text kept; sections added from the listing's own statements,0,package contents; specifications,batch-2
540,DeatschWerks 85-04 Mustang GT / 97-04 Corvette LS1 / 98-02 Firebird 95lb/hr Injectors (Set of 8),engine,Brand New,P5,,no,,,,0,1,yes,yes,460,not started,0,,
541,DeatschWerks 85-97 Ford Mustang 255 LPH DW200 In-Tank Fuel Pump w/ Install Kit,engine,Brand New,P3,fuel-kit,yes,derived,unconfirmed,fuel,0,2,yes,yes,278,original text kept; sections added from the listing's own statements,0,package contents; specifications,batch-2
542,DeatschWerks 86-89 Chevy Corvette 5.7L DW200 255 LPH In-Tank Fuel Pump w/ Install Kit,engine,Brand New,P3,fuel-kit,yes,derived,unconfirmed,fuel,0,2,yes,yes,286,original text kept; sections added from the listing's own statements,0,package contents; specifications,batch-2
543,DeatschWerks 90-96 Chevy Corvette 5.7L (excl ZR-1) DW200 255 LPH In-Tank Fuel Pump w/ Install Kit,engine,Brand New,P3,fuel-kit,yes,derived,unconfirmed,fuel,0,2,yes,yes,309,original text kept; sections added from the listing's own statements,0,package contents; specifications,batch-2
544,DeatschWerks 99-04 Chevy Silverado 1500/2500/3500 DW400 Pump Module,engine,Brand New,P4,,no,,,,0,1,yes,yes,314,not started,0,,
545,DeatschWerks DWFFR-X 110mm Billet Fuel Filter Regulator - 10 Micron,engine,Brand New,P4,,no,,,,0,3,yes,yes,244,not started,0,,
546,DeatschWerks DWFFR-X 70mm Billet Fuel Filter Regulator - 10 Micron,engine,Brand New,P4,,no,,,,0,3,yes,yes,242,not started,0,,
547,DeatschWerks DWR1000 Adjustable Fuel Pressure Regulator - Titanium,aftermarket,Brand New,P5,,yes,derived,listed,,1,2,no,yes,1114,original text kept; sections added from the listing's own statements,0,fitment; specifications,batch-2 (stated only)
548,DeatschWerks DWR1000c Adjustable Fuel Pressure Regulator Dual 6AN Inlet and 6AN Outlet - Black,aftermarket,Brand New,P4,,no,,,,0,3,yes,yes,327,not started,0,,
549,DeatschWerks DWR1000iL In-Line Adjustable Fuel Pressure Regulator - Black,aftermarket,Brand New,P4,,no,,,,0,2,yes,yes,276,not started,0,,
550,DeatschWerks DWR2000 Adjustable Fuel Pressure Regulator - Black,aftermarket,Brand New,P4,,no,,,,0,2,yes,yes,297,not started,0,,
551,DeatschWerks DWR2000 Adjustable Fuel Pressure Regulator - Titanium,aftermarket,Brand New,P4,,no,,,,0,2,yes,yes,303,not started,0,,
552,DeatschWerks Fuel Pump Hardwire Upgrade Kit,engine,Brand New,P3,fuel-kit,yes,derived,unconfirmed,fuel,0,1,yes,yes,165,original text kept; sections added from the listing's own statements,0,package contents; specifications,batch-2
553,DeatschWerks Inline Electric Fuel Pumps 9-350,engine,Brand New,P5,,no,,,,0,0,no,no,717,not started,0,,
554,Deatschwerks Inline Fuel Filter,engine,Brand New,P4,,no,,,,0,0,no,no,249,not started,0,,
555,DeatschWerks LS1/LS6 Series / 85-04 4.6L & 5.0L V8 Mustang 39lb Injectors,engine,Brand New,P5,,no,,,,0,1,yes,yes,443,not started,0,,
556,DeatschWerks LS1/LS6 Series / 85-04 4.6L & 5.0L V8 Mustang 42lb Injectors,engine,Brand New,P5,,no,,,,0,1,yes,yes,443,not started,0,,
557,DeatschWerks LS1/LS6 Series / 85-04 4.6L & 5.0L V8 Mustang 88lb Injectors,engine,Brand New,P5,,no,,,,0,1,yes,yes,437,not started,0,,
558,DeatschWerks Stainless Steel 10 Micron Universal Filter Element (fits 70mm Housing),engine,Brand New,P4,,no,,,,0,3,yes,yes,294,not started,0,,
559,DeatschWerks Stainless Steel 10AN 10 Micron Universal Inline Fuel Filter Housing Kit (110mm),engine,Brand New,P3,fuel-kit,yes,derived,unconfirmed,fuel,0,0,no,no,214,original text kept; sections added from the listing's own statements,0,package contents; fitment; specifications,batch-2
561,DeatschWerks Stainless Steel 8AN 10 Micron Universal Inline Fuel Filter Housing Kit (110mm),engine,Brand New,P3,fuel-kit,yes,derived,unconfirmed,fuel,0,0,no,no,213,original text kept; sections added from the listing's own statements,0,package contents; fitment; specifications,batch-2
562,DeatschWerks Stainless Steel 10AN 10 Micron Universal Inline Fuel Filter Housing Kit (160mm),engine,Brand New,P3,fuel-kit,yes,derived,unconfirmed,fuel,0,0,no,no,214,original text kept; sections added from the listing's own statements,0,package contents; fitment; specifications,batch-2
563,DeatschWerks Stainless Steel 10AN 10 Micron Universal Inline Fuel Filter Housing Kit (70mm),engine,Brand New,P3,fuel-kit,yes,derived,unconfirmed,fuel,0,4,yes,yes,308,original text kept; sections added from the listing's own statements,0,package contents,batch-2
564,DeatschWerks Stainless Steel 10AN 100 Micron Universal Inline Fuel Filter Housing Kit (110mm),engine,Brand New,P3,fuel-kit,yes,derived,unconfirmed,fuel,0,4,yes,yes,312,original text kept; sections added from the listing's own statements,0,package contents,batch-2
565,DeatschWerks Stainless Steel 6AN 100 Micron Universal Inline Fuel Filter Housing Kit (110mm),engine,Brand New,P3,fuel-kit,yes,derived,unconfirmed,fuel,0,4,yes,yes,311,original text kept; sections added from the listing's own statements,0,package contents,batch-2
566,DeatschWerks Stainless Steel 6AN 100 Micron Universal Inline Fuel Filter Housing Kit (70mm),engine,Brand New,P3,fuel-kit,yes,derived,unconfirmed,fuel,0,4,yes,yes,309,original text kept; sections added from the listing's own statements,0,package contents,batch-2
567,DeatschWerks Stainless Steel 6AN 5 Micron Universal Inline Fuel Filter Housing Kit (110mm),engine,Brand New,P3,fuel-kit,yes,derived,unconfirmed,fuel,0,4,yes,yes,307,original text kept; sections added from the listing's own statements,0,package contents,batch-2
568,DeatschWerks Stainless Steel 6AN 5 Micron Universal Inline Fuel Filter Housing Kit (70mm),engine,Brand New,P3,fuel-kit,yes,derived,unconfirmed,fuel,0,4,yes,yes,305,original text kept; sections added from the listing's own statements,0,package contents,batch-2
569,DeatschWerks Stainless Steel 8AN 10 Micron Universal Inline Fuel Filter Housing Kit (160mm),engine,Brand New,P3,fuel-kit,yes,derived,unconfirmed,fuel,0,4,yes,yes,309,original text kept; sections added from the listing's own statements,0,package contents,batch-2
570,DeatschWerks Stainless Steel 8AN 10 Micron Universal Inline Fuel Filter Housing Kit (70mm),engine,Brand New,P3,fuel-kit,yes,derived,unconfirmed,fuel,0,4,yes,yes,307,original text kept; sections added from the listing's own statements,0,package contents,batch-2
571,DeatschWerks Stainless Steel 8AN 100 Micron Universal Fuel Pump Pre-Filter,engine,Brand New,P4,,no,,,,0,3,yes,yes,286,not started,0,,
572,DeatschWerks Stainless Steel 8AN 100 Micron Universal Inline Fuel Filter Housing Kit (110mm),engine,Brand New,P3,fuel-kit,yes,derived,unconfirmed,fuel,0,4,yes,yes,311,original text kept; sections added from the listing's own statements,0,package contents,batch-2
573,DeatschWerks Stainless Steel 8AN 100 Micron Universal Inline Fuel Filter Housing Kit (70mm),engine,Brand New,P3,fuel-kit,yes,derived,unconfirmed,fuel,0,4,yes,yes,309,original text kept; sections added from the listing's own statements,0,package contents,batch-2
574,DeatschWerks Stainless Steel 8AN 5 Micron Universal Inline Fuel Filter Housing Kit (110mm),engine,Brand New,P3,fuel-kit,yes,derived,unconfirmed,fuel,0,4,yes,yes,307,original text kept; sections added from the listing's own statements,0,package contents,batch-2
575,Dual Phantom Stealth Fuel System,engine,Brand New,P3,fuel-kit,yes,derived,unconfirmed,fuel,0,0,yes,no,2769,original text kept; sections added from the listing's own statements,0,package contents; specifications,batch-2
576,T - Shirt,engine,Brand New,P4,,no,,,,0,0,no,no,131,not started,0,,
577,Blower Cam Shirt,aftermarket,Brand New,P4,,no,,,,0,0,no,no,138,not started,0,,
578,LS.R Engine Package,engine,Brand New,P1,engine-assembly,yes,derived,unconfirmed,engine,0,0,no,no,141,original text kept; sections added from the listing's own statements,0,package contents; fitment; specifications,batch-1
579,Mid length Headers,engine,Brand New,P4,,no,,,,0,0,no,no,140,not started,0,,
580,Motorsports,aftermarket,Brand New,P4,,no,,,,0,0,no,no,133,not started,0,,
581,Motorsports Beanie,aftermarket,Brand New,P4,,no,,,,0,0,no,no,140,not started,0,,
582,Racing Style Shirt,aftermarket,Brand New,P4,,no,,,,0,0,no,no,140,not started,0,,
583,Reman L86 Engine & Transmission Package,engine,Refurbished,P1,transmission,yes,derived,unconfirmed,transmission,0,0,no,no,161,original text kept; sections added from the listing's own statements,0,package contents; fitment; specifications,batch-1
584,Swapsperts GEN V LT Oil Pan,aftermarket,Brand New,P4,,no,,,,0,0,no,no,268,not started,0,,
585,SwapSperts Gen V LT Tall Billet Valve Covers,aftermarket,Brand New,P5,,no,,,,0,0,no,no,939,not started,0,,
586,Turbo Cam Shirt,aftermarket,Brand New,P4,,no,,,,0,0,no,no,137,not started,0,,
587,FAST LSX Manifold 103MM Gen III LS Rect Port - Black,engine,Brand New,P4,,no,,,,0,0,no,no,174,not started,0,,
588,FAST LSXR Manifold 102MM Gen III LS - Black,engine,Brand New,P5,,no,,,,0,3,yes,yes,5763,not started,0,,
589,FAST LSXR Manifold 102MM LS7 Car - Black,engine,Brand New,P5,,no,,,,0,3,yes,yes,678,not started,0,,
590,FAST LSXR Manifold 102MM Rect Port - Black,engine,Brand New,P4,,no,,,,0,0,no,no,164,not started,0,,
591,FAST LSXRt Manifold 102MM - Black,engine,Brand New,P5,,no,,,,0,3,yes,yes,5695,not started,0,,
592,Garrett 2015+ Ford F-150 2.7L EcoBoost/3.5L Raptor Air / Air Intercooler (21 x 5.32 x 9.43) - 750HP,turbocharger,Brand New,P4,,no,,,,0,1,no,yes,221,not started,0,,
593,Garrett Air / Air Intercooler CAC (18.00in x 12.10in x 3.00in) - 750 HP,turbocharger,Brand New,P4,,no,,,,0,1,no,yes,193,not started,0,,
594,Garrett Air / Air Intercooler CAC (18.00in x 12.11in x 4.50in) - 785 HP,turbocharger,Brand New,P4,,no,,,,0,1,no,yes,193,not started,0,,
595,Garrett Air / Air Intercooler CAC (22.00in x 14.00in x 4.50in) - 1140 HP,turbocharger,Brand New,P4,,no,,,,0,1,no,yes,194,not started,0,,
596,Garrett Air / Air Intercooler CAC (24.00in x 10.50in x 3.50in) - 800 HP,turbocharger,Brand New,P4,,no,,,,0,1,no,yes,193,not started,0,,
597,Garrett Air / Air Intercooler CAC (27.78in x 12.74in x 5.12in) - 1260 HP,turbocharger,Brand New,P4,,no,,,,0,1,no,yes,194,not started,0,,
598,Garrett G-XRace GXR42-68 68mm Super Core,turbocharger,Brand New,P4,,no,,,,0,0,no,no,162,not started,0,,
599,Garrett G-XRace GXR42-71 71mm DTA-Light Super Core,turbocharger,Brand New,P4,,no,,,,0,0,no,no,172,not started,0,,
600,Garrett G-XRace GXR42-72 72mm Super Core,turbocharger,Brand New,P4,,no,,,,0,2,no,yes,162,not started,0,,
601,Garrett G-XRace GXR45-82 82mm Supercore,turbocharger,Brand New,P4,,no,,,,0,2,no,yes,161,not started,0,,
602,Garrett G-XRace GXR47-76 76/120mm Supercore,turbocharger,Brand New,P4,,no,,,,0,2,no,yes,165,not started,0,,
603,Garrett G-XRace GXR47-80 80/109mm Supercore,turbocharger,Brand New,P4,,no,,,,0,2,no,yes,165,not started,0,,
604,Garrett G-XRace GXR47-80 80/120mm Supercore,turbocharger,Brand New,P4,,no,,,,0,0,no,no,165,not started,0,,
605,Garrett G-XRace GXR50-76 76/120mm Supercore,turbocharger,Brand New,P4,,no,,,,0,2,no,yes,165,not started,0,,
606,Garrett G-XRace GXR50-80 80/120mm Supercore,turbocharger,Brand New,P4,,no,,,,0,2,no,yes,165,not started,0,,
607,Garrett G-XRace GXR50-88 88/120mm Supercore,turbocharger,Brand New,P4,,no,,,,0,2,no,yes,165,not started,0,,
608,Garrett G-XRace GXR55-88 88/149mm Super Core,turbocharger,Brand New,P4,,no,,,,0,2,no,yes,166,not started,0,,
609,Garrett G-XRace GXR55-91 91/149mm Supercore,turbocharger,Brand New,P4,,no,,,,0,2,no,yes,165,not started,0,,
610,Garrett G-XRace GXR55-94 94/149mm Supercore,turbocharger,Brand New,P4,,no,,,,0,2,no,yes,165,not started,0,,
611,Garrett G-XRace GXR55-98 98/149mm Supercore,turbocharger,Brand New,P4,,no,,,,0,2,no,yes,165,not started,0,,
612,Garrett G-XRace GXR57-88 88/149mm Supercore,turbocharger,Brand New,P4,,no,,,,0,2,no,yes,165,not started,0,,
613,Garrett G-XRace GXR57-94 94/149mm Supercore,turbocharger,Brand New,P4,,no,,,,0,2,no,yes,165,not started,0,,
614,Garrett G-XRace GXR57-98 98/149mm Supercore,turbocharger,Brand New,P4,,no,,,,0,2,no,yes,165,not started,0,,
615,Garrett G25-550 Super Core - Standard Rotation,turbocharger,Brand New,P4,,no,,,,0,4,no,yes,168,not started,0,,
616,Garrett G25-585 G-Series II Supercore,turbocharger,Brand New,P4,,no,,,,0,1,no,yes,159,not started,0,,
617,Garrett G25-660 Super Core - Standard Rotation,turbocharger,Brand New,P4,,no,,,,0,1,no,yes,168,not started,0,,
618,Garrett G25-700 G-Series II Supercore,turbocharger,Brand New,P4,,no,,,,0,1,no,yes,159,not started,0,,
619,Garrett G30 Turbine Housing Kit Div T4 / V-Band 1.06 A/R (Standard Rotation),turbocharger,Brand New,P4,,no,,,,0,2,no,yes,198,not started,0,,
620,Garrett G30 Turbine Housing Kit O/V T3 / V-Band 0.83 A/R (Standard Rotation),turbocharger,Brand New,P4,,no,,,,0,2,no,yes,198,not started,0,,
621,Garrett G30 Turbine Housing Kit O/V V-Band / V-Band 0.83 A/R (Reverse Rotation),turbocharger,Brand New,P4,,no,,,,0,2,no,yes,201,not started,0,,
622,Garrett G30-725 G-Series II Supercore,turbocharger,Brand New,P4,,no,,,,0,1,no,yes,159,not started,0,,
623,Garrett G30-770 Super Core - Standard Rotation,turbocharger,Brand New,P4,,no,,,,0,1,no,yes,168,not started,0,,
624,Garrett G30-825 G-Series II Supercore,turbocharger,Brand New,P4,,no,,,,0,1,no,yes,159,not started,0,,
625,Garrett G30-825 G-Series II Turbocharger 0.83 A/R V-Band / V-Band IWG,turbocharger,Brand New,P2,turbo-supercharger,yes,derived,unconfirmed,turbocharger,0,2,no,yes,191,original text kept; sections added from the listing's own statements,0,package contents; fitment; specifications,batch-1
626,Garrett G30-900 Super Core - Standard Rotation,turbocharger,Brand New,P4,,no,,,,0,1,no,yes,168,not started,0,,
627,Garrett G35 Turbine Housing Kit O/V V-Band / V-Band 1.01 A/R (Reverse Rotation),turbocharger,Brand New,P4,,no,,,,0,2,no,yes,201,not started,0,,
628,Garrett G35 Turbine Housing Kit O/V V-Band / V-Band 1.21 A/R (Standard Rotation),turbocharger,Brand New,P4,,no,,,,0,2,no,yes,202,not started,0,,
629,Garrett G35-1050 Super Core - Reverse Rotation,turbocharger,Brand New,P4,,no,,,,0,1,no,yes,168,not started,0,,
630,Garrett G35-900 Super Core - Standard Rotation,turbocharger,Brand New,P4,,no,,,,0,1,no,yes,168,not started,0,,
631,Garrett G35-990 G-Series II Supercore,turbocharger,Brand New,P4,,no,,,,0,1,no,yes,159,not started,0,,
632,Garrett G35-990 Reverse Rotation G-Series II Supercore,turbocharger,Brand New,P4,,no,,,,0,0,no,no,176,not started,0,,
633,Garrett G40 Turbine Housing Kit Div T4 / V-Band 1.06 A/R - Standard Rotation,turbocharger,Brand New,P4,,no,,,,0,2,no,yes,198,not started,0,,
634,Garrett G40 Turbine Housing Kit O/V V-Band / V-Band 1.06 A/R,turbocharger,Brand New,P4,,no,,,,0,2,no,yes,182,not started,0,,
635,Garrett G40-1000 G-Series II Super Core,turbocharger,Brand New,P4,,no,,,,0,1,no,yes,161,not started,0,,
636,Garrett G40-1250 G-Series II Super Core,turbocharger,Brand New,P4,,no,,,,0,1,no,yes,161,not started,0,,
637,Garrett G40-900 Super Core - Standard Rotation,turbocharger,Brand New,P4,,no,,,,0,1,no,yes,168,not started,0,,
638,Garrett G42 Turbine Housing Kit Div T4 / V-Band 1.01 A/R,turbocharger,Brand New,P4,,no,,,,0,2,no,yes,178,not started,0,,
639,Garrett G42 Turbine Housing Kit O/V V-Band / V-Band 1.15 A/R,turbocharger,Brand New,P4,,no,,,,0,2,no,yes,182,not started,0,,
640,Garrett G42-1325c G-Series II Super Core,turbocharger,Brand New,P4,,no,,,,0,0,no,no,162,not started,0,,
641,Garrett G45-1600 Super Core - Standard Rotation,turbocharger,Brand New,P4,,no,,,,0,1,no,yes,169,not started,0,,
642,Garrett GBC14-200 Club Line Turbocharger 0.45 O/V 3-Bolt / 4-Bolt - Internal WG,turbocharger,Brand New,P4,,no,,,,0,1,no,yes,201,not started,0,,
643,Garrett GBC17-250 Club Line Turbocharger 0.50 O/V T25 / 5-Bolt - Internal WG,turbocharger,Brand New,P4,,no,,,,0,1,no,yes,198,not started,0,,
644,Garrett GBC20-300 Club Line Turbocharger 0.55 O/V T25 / 5-Bolt - Internal WG,turbocharger,Brand New,P4,,no,,,,0,1,no,yes,198,not started,0,,
645,Garrett GBC22-350 Club Line Turbocharger 0.64 O/V T25 / 5-Bolt - Internal WG,turbocharger,Brand New,P4,,no,,,,0,1,no,yes,198,not started,0,,
646,Garrett GBC35 Turbine Housing Kit Open T4 / V-Band 0.82 A/R,turbocharger,Brand New,P4,,no,,,,0,2,no,yes,181,not started,0,,
647,Garrett GT2554R Turbocharger CHRA 835995-0001 8mm C/R 471171-5003S,turbocharger,Brand New,P2,turbo-supercharger,yes,derived,unconfirmed,turbocharger,0,1,no,yes,188,original text kept; sections added from the listing's own statements,0,package contents; fitment; specifications,batch-1
648,Garrett GT28 Adjustable Wastegate Bracket,turbocharger,Brand New,P4,,no,,,,0,1,no,yes,163,not started,0,,
649,Garrett GT3076R Super Core CHRA Part 836000-0003,turbocharger,Brand New,P4,,no,,,,0,1,no,yes,170,not started,0,,
650,Garrett GT30R Turbine Housing Kit O/V T3 / V-Band 0.63 A/R (Ni-Resist),turbocharger,Brand New,P4,,no,,,,0,0,no,no,192,not started,0,,
651,Garrett GT30R Turbine Housing Kit O/V T3 / V-Band 0.82 A/R (Ni-Resist),turbocharger,Brand New,P4,,no,,,,0,2,no,yes,192,not started,0,,
652,Garrett GT30R Turbine Housing Kit O/V V-Band / V-Band 0.83 A/R (Ni-Resist),turbocharger,Brand New,P4,,no,,,,0,2,no,yes,196,not started,0,,
653,Garrett GT35R Turbine Housing Kit O/V T3 / V-Band 0.82 A/R (Ni-Resist),turbocharger,Brand New,P4,,no,,,,0,2,no,yes,192,not started,0,,
654,Garrett GT35R Turbine Housing Kit O/V T4 / V-Band 0.82 A/R (Hi Sil),turbocharger,Brand New,P4,,no,,,,0,2,no,yes,189,not started,0,,
655,Garrett GT3794VA Turbo Kit - Chevy Duramax 6.6L 2004.5-2009 Stage 1 AVNT,turbocharger,Brand New,P2,turbo-supercharger,yes,derived,unconfirmed,turbocharger,0,1,no,yes,194,original text kept; sections added from the listing's own statements,0,package contents; fitment; specifications,batch-1
656,Garrett GTP38R Turbo Kit - Ford Power Stroke 7.3L 1999.5-2003 CHRA 739625-0001,turbocharger,Brand New,P2,turbo-supercharger,yes,derived,unconfirmed,turbocharger,0,1,no,yes,200,original text kept; sections added from the listing's own statements,0,package contents; fitment; specifications,batch-1
657,Garrett GTX2867R Gen II Super Core (Replaces 836040-5004S),turbocharger,Brand New,P4,,no,,,,0,1,no,yes,180,not started,0,,
658,Garrett GTX3071R Gen II Super Core (Replaces 836042-5002S),turbocharger,Brand New,P4,,no,,,,0,1,no,yes,180,not started,0,,
659,Garrett GTX3582R Gen II Super Core (Replaces 836047-5002S),turbocharger,Brand New,P4,,no,,,,0,1,no,yes,180,not started,0,,
660,Garrett GVW-40 40mm Wastegate Kit - Black,turbocharger,Brand New,P4,,no,,,,0,3,no,yes,163,not started,0,,
661,Garrett GVW-40 40mm Wastegate Kit - Red,turbocharger,Brand New,P4,,no,,,,0,0,no,no,161,not started,0,,
662,Garrett GVW-45 45mm Wastegate Kit - Black,turbocharger,Brand New,P4,,no,,,,0,3,no,yes,163,not started,0,,
663,Garrett GVW-45 45mm Wastegate Kit - Red,turbocharger,Brand New,P4,,no,,,,0,0,no,no,161,not started,0,,
664,Garrett GVW-50 50mm Wastegate Kit - Black,turbocharger,Brand New,P4,,no,,,,0,3,no,yes,163,not started,0,,
665,Garrett H2O / Air CAC (3.80in x 3.80in x 11.70in) - 750 HP,turbocharger,Brand New,P4,,no,,,,0,1,no,yes,180,not started,0,,
666,Garrett H2O / Air Intercooler CAC (3.80in x 3.80in x 9.80in) - 500 HP,turbocharger,Brand New,P4,,no,,,,0,1,no,yes,191,not started,0,,
667,Garrett PowerMax 2017+ Ford F-150/Raptor 3.5L EcoBoost Stage 2 Upgrade Kit - Right Turbocharger,turbocharger,Brand New,P2,turbo-supercharger,yes,derived,unconfirmed,turbocharger,0,1,no,yes,217,original text kept; sections added from the listing's own statements,0,package contents; fitment; specifications,batch-1
668,Garrett PowerMax GT3788V Turbo Kit 11-16 Chevrolet / GMC 2500HD/3500HD 6.6L Duramax LML Diesel,turbocharger,Brand New,P2,turbo-supercharger,yes,derived,unconfirmed,turbocharger,0,1,no,yes,319,original text kept; sections added from the listing's own statements,0,package contents; fitment; specifications,batch-1
669,Garrett PowerMax Turbo Upgrade Kit 11-12 Ford F-150 3.5L EcoBoost - Left Turbocharger,turbocharger,Brand New,P2,turbo-supercharger,yes,derived,unconfirmed,turbocharger,0,0,no,no,207,original text kept; sections added from the listing's own statements,0,package contents; fitment; specifications,batch-1
670,Garrett PowerMax Turbo Upgrade Kit 13-16 Ford F-150 3.5L EcoBoost - Left Turbocharger,turbocharger,Brand New,P2,turbo-supercharger,yes,derived,unconfirmed,turbocharger,0,1,no,yes,207,original text kept; sections added from the listing's own statements,0,package contents; fitment; specifications,batch-1
671,Garrett PowerMax Turbocharger 14-18 VW / Audi 2.0L TSI MK7 Stage 1 Upgrade Kit,turbocharger,Brand New,P2,turbo-supercharger,yes,derived,unconfirmed,turbocharger,0,1,no,yes,200,original text kept; sections added from the listing's own statements,0,package contents; fitment; specifications,batch-1
672,Garrett Various Mechanical Boost Gauge (PSI),electronics,Brand New,P4,,no,,,,0,1,no,yes,166,not started,0,,
673,Garrett Various Speed Sensor Kit (Street) for G Series Models,electronics,Brand New,P4,,no,,,,0,1,no,yes,183,not started,0,,
674,Garrett Various Speed Sensor w/o Gauge (Pro),electronics,Brand New,P4,,no,,,,0,1,no,yes,166,not started,0,,
675,Gen V LT Billet Catch can Kit,aftermarket,Brand New,P5,,yes,derived,stated,,0,1,no,no,1254,original text kept; sections added from the listing's own statements,1,fitment; specifications,batch-2 (stated only)
676,Gen V LT Oil pump Alignment Tool,aftermarket,Brand New,P4,,no,,,,0,0,no,no,154,not started,0,,
677,Gen V LT Tight Fit headers,engine,Brand New,P5,,no,,,,0,0,no,no,446,not started,0,,
678,Gen V LT Universal Twin Turbo Hotside,turbocharger,Brand New,P2,turbo-supercharger,yes,derived,listed,turbocharger,1,1,yes,no,1202,original text kept; sections added from the listing's own statements,0,specifications,batch-1
679,Gen V LT1-LT4 Billet Inlet Manifold,engine,Brand New,P5,,no,,,,0,1,no,no,1527,not started,0,,
680,Gen V LT4 All Inclusive Mid-Mount Serpentine System,engine,Brand New,P5,,yes,derived,stated,,0,1,yes,no,1438,original text kept; sections added from the listing's own statements,1,specifications,batch-2 (stated only)
681,GM 1500 Truck V8 2014–2018 TRANSMISSION COOLER,transmission,Brand New,P5,,no,,,,0,0,yes,no,492,not started,0,,
682,GM LT1 Turbo Headers: Up and Forward,engine,Brand New,P2,turbo-supercharger,yes,derived,unconfirmed,turbocharger,0,1,no,no,410,original text kept; sections added from the listing's own statements,0,package contents; fitment; specifications,batch-1
683,GM Straight Pedal,aftermarket,Brand New,P4,,no,,,,0,0,no,no,288,not started,0,,
684,GT 1000 Supercharged Coyote,engine,Brand New,P5,,yes,derived,listed,,8,1,no,no,1293,original text kept; sections added from the listing's own statements,0,fitment; specifications,batch-2 (stated only)
685,GT 1000 Supercharged Coyote Drivetrain Package,engine,Brand New,P1,engine-assembly,yes,explicit entry,listed,engine,18,1,no,no,1319,original text kept; sections added from the listing's own statements,1,fitment; specifications,pilot
686,Harrop 7.3 Godzilla Supercharger 2650,engine,Brand New,P2,turbo-supercharger,yes,derived,unconfirmed,supercharger,0,1,no,no,2587,original text kept; sections added from the listing's own statements,0,package contents; fitment; specifications,batch-1
687,Harrop L8T L87 L86 L83 TVS2650 Supercharger KIT,engine,Brand New,P2,turbo-supercharger,yes,explicit entry,unconfirmed,supercharger,0,0,no,no,169,original text kept; sections added from the listing's own statements,0,package contents; fitment; specifications,pilot
688,Harrop LSA SUPERCHARGER H2650I,engine,Brand New,P2,turbo-supercharger,yes,derived,unconfirmed,supercharger,0,0,no,no,152,original text kept; sections added from the listing's own statements,0,package contents; fitment; specifications,batch-1
689,HARROP LT PORT INJECTION KIT,aftermarket,Brand New,P5,,no,,,,0,0,no,no,745,not started,0,,
690,Harrop TVS2650 ENGINE KIT | LT4 | WET SUMP | DRY SUMP,engine,Brand New,P4,,no,,,,0,0,no,no,175,not started,0,,
691,HPT GM E90 ECM & T93 TCM Upgrade Kit,electronics,Brand New,P4,,no,,,,0,1,no,yes,158,not started,0,,
692,HPT MPVI4 w/Pro Feature Set + 0 Universal Credits (*Pro Link+ Cable Sold Separately*),electronics,Brand New,P4,,yes,derived,stated,,0,1,no,yes,207,original text kept; sections added from the listing's own statements,1,fitment; specifications,batch-2 (stated only)
693,HPT MPVI4 w/Pro Feature Set + 2 Universal Credits (*Pro Link+ Cable Sold Separately*),electronics,Brand New,P4,,yes,derived,stated,,0,1,no,yes,207,original text kept; sections added from the listing's own statements,1,fitment; specifications,batch-2 (stated only)
694,HPT MPVI4 w/Pro Feature Set + 4 Universal Credits (*Pro Link+ Cable Sold Separately*),electronics,Brand New,P4,,yes,derived,stated,,0,1,no,yes,207,original text kept; sections added from the listing's own statements,1,fitment; specifications,batch-2 (stated only)
695,HPT MPVI4 w/Pro Feature Set + 6 Universal Credits (*Pro Link+ Cable Sold Separately*),electronics,Brand New,P4,,yes,derived,stated,,0,1,no,yes,207,original text kept; sections added from the listing's own statements,1,fitment; specifications,batch-2 (stated only)
696,HPT MPVI4 w/Pro Feature Set + 8 Universal Credits (*Pro Link+ Cable Sold Separately*),electronics,Brand New,P4,,yes,derived,stated,,0,1,no,yes,207,original text kept; sections added from the listing's own statements,1,fitment; specifications,batch-2 (stated only)
697,In-Tank Fuel System,engine,Brand New,P3,fuel-kit,yes,derived,listed,fuel,7,0,no,no,845,original text kept; sections added from the listing's own statements,0,fitment; specifications,batch-2
698,Injector Dynamics 1050X Injectors 14mm (Grey) Adaptor Top - (Silver) Bottom Adapter (Set of 6),engine,Brand New,P3,fuel-kit,yes,derived,unconfirmed,fuel,0,3,no,yes,216,original text kept; sections added from the listing's own statements,0,package contents; fitment,batch-2
699,Injector Dynamics 1300-XDS - 2017 Maverick X3 Applications Direct Replacement No Adapters (Set of 3),engine,Brand New,P3,fuel-kit,yes,derived,unconfirmed,fuel,0,1,no,yes,222,original text kept; sections added from the listing's own statements,0,package contents; fitment; specifications,batch-2
700,Injector Dynamics 1340cc Injector - 48mm Length - 14mm Top - 14mm Black Bottom Adaptor (Set of 8),engine,Brand New,P3,fuel-kit,yes,derived,unconfirmed,fuel,0,3,no,yes,219,original text kept; sections added from the listing's own statements,0,package contents; fitment,batch-2
701,Injector Dynamics 1340cc Injector 34mm Length No Adaptor Top 14mm Up O-Ring / 14mm Low O-Ring Qty 4,engine,Brand New,P4,,no,,,,0,2,no,yes,221,not started,0,,
702,Injector Dynamics 1340cc Injector 34mm Length No Adaptor Top 14mm Up O-Ring / 14mm Low O-Ring Qty 6,engine,Brand New,P4,,no,,,,0,2,no,yes,221,not started,0,,
703,Injector Dynamics 1340cc Injectors - 60mm Length - 14mm Purple Top - 14mm Lower O-Ring (Set of 8),engine,Brand New,P3,fuel-kit,yes,derived,unconfirmed,fuel,0,3,no,yes,219,original text kept; sections added from the listing's own statements,0,package contents; fitment,batch-2
704,Injector Dynamics 2600-XDS - 2017 Maverick X3 Applications Direct Replacement No Adapters (Set of 3),engine,Brand New,P3,fuel-kit,yes,derived,unconfirmed,fuel,0,1,no,yes,222,original text kept; sections added from the listing's own statements,0,package contents; fitment; specifications,batch-2
705,Injector Dynamics 2600-XDS Injectors - 34mm Length - 14mm Top - 14mm Lower O-Ring (Set of 2),engine,Brand New,P3,fuel-kit,yes,derived,unconfirmed,fuel,0,2,no,yes,214,original text kept; sections added from the listing's own statements,0,package contents; fitment; specifications,batch-2
706,Injector Dynamics 2600-XDS Injectors - 34mm Length - 14mm Top - 15mm Lower O-Ring (Set of 8),engine,Brand New,P3,fuel-kit,yes,derived,unconfirmed,fuel,0,2,no,yes,214,original text kept; sections added from the listing's own statements,0,package contents; fitment; specifications,batch-2
707,Injector Dynamics 2600-XDS Injectors - 60mm Length - 14mm Top - 14mm Bottom Adapter (Set of 8),engine,Brand New,P3,fuel-kit,yes,derived,unconfirmed,fuel,0,2,no,yes,216,original text kept; sections added from the listing's own statements,0,package contents; fitment; specifications,batch-2
708,Injector Dynamics 2600-XDS Injectors - 60mm Length - 14mm Top - 14mm Lower O-Ring (Set of 8),engine,Brand New,P3,fuel-kit,yes,derived,unconfirmed,fuel,0,2,no,yes,214,original text kept; sections added from the listing's own statements,0,package contents; fitment; specifications,batch-2
709,Injector Dynamics ID-F1250 Fuel Filter,engine,Brand New,P4,,no,,,,0,1,no,yes,160,not started,0,,
710,Injector Dynamics ID-F1250 Fuel Filter Mounting Bracket,engine,Brand New,P4,,no,,,,0,1,no,yes,177,not started,0,,
711,Injector Dynamics ID1050X Injectors 14mm (Purple) Adaptors (Set of 6),engine,Brand New,P3,fuel-kit,yes,derived,unconfirmed,fuel,0,3,no,yes,191,original text kept; sections added from the listing's own statements,0,package contents; fitment,batch-2
712,Injector Dynamics ID1050X Injectors 14mm (Purple) Adaptors (Set of 8),engine,Brand New,P3,fuel-kit,yes,derived,unconfirmed,fuel,0,3,no,yes,191,original text kept; sections added from the listing's own statements,0,package contents; fitment,batch-2
713,Injector Dynamics Replacement Filter Element for ID F750 Fuel Filter,engine,Brand New,P4,,no,,,,0,1,no,yes,190,not started,0,,
714,Injector Dynamics Sensor Add On for ID-F750,engine,Brand New,P4,,no,,,,0,1,no,yes,165,not started,0,,
715,Injector Dynamics USCAR to 2012+ Honda Adapter,engine,Brand New,P4,,no,,,,0,1,no,yes,168,not started,0,,
716,Injector Dynamics Viton 14mm Bottom O-Ring,aftermarket,Brand New,P4,,no,,,,0,2,no,yes,164,not started,0,,
717,"K1 LS / LT, 6.125 In. Length, Connecting Rod",engine,Brand New,P4,,no,,,,0,1,no,no,166,not started,0,,
718,Katech Gen-V Dry Sump Oil Pump,aftermarket,Brand New,P4,,no,,,,0,0,no,no,152,not started,0,,
719,Katech Gen-V Wet Sump Oil Pump,aftermarket,Brand New,P4,,yes,derived,stated,,0,1,no,no,344,original text kept; sections added from the listing's own statements,1,fitment; specifications,batch-2 (stated only)
720,Kooks 10mm Spark Plug Wires - Orange w/Black Boots (8 pc. Set),aftermarket,Brand New,P5,,no,,,,0,3,yes,yes,613,not started,0,,
721,Kooks 15-20 Cadillac Escalade ESV Platinum Luxury 1-7/8 x 3 Header & Green Catted Y-Pipe Kit,engine,Brand New,P4,,no,,,,0,0,no,no,214,not started,0,,
722,Kooks 15-20 Cadillac Escalade ESV Platinum Premium 1-7/8 x 3 Header & Catted Y-Pipe Kit,engine,Brand New,P4,,no,,,,0,0,no,no,209,not started,0,,
723,Kooks 15-20 Chevrolet Suburban LT LS LTZ Premier 1-7/8 x 3 Header & Catted Y-Pipe Kit,engine,Brand New,P4,,no,,,,0,0,no,no,207,not started,0,,
724,Kooks 19-22 Chevrolet Silverado 1500 6.2L 1-7/8 x 3 Header & Catted Y-Pipe Kit,engine,Brand New,P4,,no,,,,0,1,yes,yes,200,not started,0,,
725,Kooks 19-22 Chevrolet Silverado 1500 6.2L 1-7/8 x 3 Header & Green Catted Y-Pipe Kit,engine,Brand New,P4,,no,,,,0,2,yes,yes,206,not started,0,,
726,Kooks GM LS Engines 1 7/8in SS LS1 Flange (Bank),engine,Brand New,P4,,no,,,,0,2,yes,yes,299,not started,0,,
727,Kooks GM LSX Cylinder Heads Cometic MLS (Multi-Layer Steel) Exhaust Gaskets,engine,Brand New,P5,,no,,,,0,1,yes,yes,429,not started,0,,
728,L83 / L86 Top Mount Power steering Accessory Drive,engine,Brand New,P5,,yes,derived,listed,,6,0,no,no,595,original text kept; sections added from the listing's own statements,0,fitment; specifications,batch-2 (stated only)
729,L83 Cam Low Lift Cam Package,aftermarket,Brand New,P5,,no,,,,0,0,no,no,2027,not started,0,,
730,L84 Low Lift Cam Kit,aftermarket,Brand New,P5,,no,,,,0,0,no,no,1921,not started,0,,
731,L86 Cam Low Lift Cam Package,aftermarket,Brand New,P5,,no,,,,0,0,no,no,2036,not started,0,,
732,L86 L87 L83 L84 CVF Accessory Drive,engine,Brand New,P5,,no,,,,0,1,yes,no,1147,not started,0,,
733,L87 8L90 stage 3 cam ***READY TO SHIP***,engine,Brand New,P5,,no,,,,0,1,no,no,559,not started,0,,
734,L87 Low Lift Cam Kit,aftermarket,Brand New,P5,,no,,,,0,0,no,no,1921,not started,0,,
735,LME LT Timing Chain Guide,aftermarket,Brand New,P5,,no,,,,0,0,no,no,449,not started,0,,
736,LSA ENGINE KIT H2650I,engine,Brand New,P4,,no,,,,0,0,no,no,143,not started,0,,
737,LT or LS Swap Mount kit W/ Energy suspension mounts,suspension,Brand New,P3,suspension-kit,yes,derived,unconfirmed,suspension,0,0,no,no,920,original text kept; sections added from the listing's own statements,0,package contents; fitment; specifications,batch-2
738,LT1 / L86 6.2 Drop in Piston and Rod Kit,engine,Brand New,P5,,yes,derived,listed,,6,1,no,no,1095,original text kept; sections added from the listing's own statements,0,fitment; specifications,batch-2 (stated only)
739,LT1 Intake Manifold,engine,Brand New,P4,,no,,,,0,0,no,no,141,not started,0,,
740,LT1/LT2/LT4/L86 87MM DBW THROTTLE BODY,body-parts,Brand New,P4,,no,,,,0,1,no,no,303,not started,0,,
741,LT2 Intake Conversion kit for L83/6,aftermarket,Brand New,P5,,yes,derived,listed,,7,0,no,no,676,original text kept; sections added from the listing's own statements,0,fitment; specifications,batch-2 (stated only)
742,"MagnaFlow 4"" Round Center/Center Straight Through Performance Muffler",engine,Brand New,P4,,no,,,,0,0,no,no,191,not started,0,,
743,Magnaflow 4x9 Muffler,engine,Brand New,P4,,no,,,,0,0,no,no,143,not started,0,,
744,MagnaFlow Stainless Steel Custom Builder Kit Performance Exhaust System,engine,Brand New,P5,,no,,,,0,1,no,no,425,not started,0,,
745,MagnaFlow Stainless Steel Tru-X Pipe,engine,Brand New,P4,,no,,,,0,1,yes,no,266,not started,0,,
746,Manely LS / LT H-Tuff Connecting Rod,engine,Brand New,P4,,no,,,,0,0,no,no,158,not started,0,,
747,Manley 2018+ Ford Coyote 5.0L DOHC +1cc Dish 3.662in Bore 11:1 CR Platinum Extreme Duty Piston Set,engine,Brand New,P5,,no,,,,0,1,no,yes,525,not started,0,,
748,Manley 2018+ Ford Coyote 5.0L DOHC +1cc Dish 3.662in Bore 11:1 CR Platinum Piston Set,engine,Brand New,P5,,no,,,,0,1,no,yes,512,not started,0,,
749,Manley Chevrolet Gen V LT1 Lightweight Series Short Snout Crankshaft 4.000 58-Tooth Reluctor Wheel,aftermarket,Brand New,P5,,no,,,,0,1,no,no,1113,not started,0,,
750,Manley Chevy Small Block LS-1 6.125in H Beam w/ ARP 2000 Connecting Rod *Single,engine,Brand New,P4,,no,,,,0,0,no,no,201,not started,0,,
751,Manley Chevy Small Block LS-1 6.125in H Beam w/ ARP 2000 Connecting Rod Set,engine,Brand New,P5,,no,,,,0,1,no,yes,517,not started,0,,
752,Manley Ford 4.6L Modular/5.0L V-8 22mm Pin Forced Induction Pro Series I Beam Connecting Rod Set,engine,Brand New,P4,,no,,,,0,0,no,no,218,not started,0,,
753,Manley Ford 5.0L Modular Coyote V8 3.630in Bore 1.165in CH 3.75 CC Piston Set,engine,Brand New,P5,,no,,,,0,1,no,yes,504,not started,0,,
754,Manley Ford 5.0L Modular Coyote V8 3.662in Bore 1.165in CH 6.75 CC Piston Set,engine,Brand New,P4,,no,,,,0,0,no,no,199,not started,0,,
755,Manley Ford 5.0L V8 Coyote 5.933in Length Pro Series I Beam Connecting Rod Set,engine,Brand New,P4,,no,,,,0,0,no,no,200,not started,0,,
756,Manley LS / LT H beam Connecting Rod,engine,Brand New,P4,,no,,,,0,0,no,no,158,not started,0,,
757,Manley LS / LT H-Lite Connecting Rod,engine,Brand New,P4,,no,,,,0,0,no,no,158,not started,0,,
758,McLeod Bolt On Counter Weight Kit GM,transmission,Brand New,P5,,no,,,,0,1,yes,yes,9766,not started,0,,
759,McLeod Bolt Pak Flywheel 6 Per Box Gm LS Motors 11mm,transmission,Brand New,P5,,no,,,,0,2,yes,yes,8479,not started,0,,
760,McLeod GM Aluminum Bellhousing LS to T-56 & Magnum (Non SFI),transmission,Brand New,P5,,no,,,,0,1,yes,yes,4297,not started,0,,
761,McLeod Hydraulic Conversion Kit 1955-57 Chevy Firewall Kit,transmission,Brand New,P5,,no,,,,0,1,yes,yes,1038,not started,0,,
762,McLeod Hydraulic Conversion Kit 1964-1970 Mustang Firewall Kit,transmission,Brand New,P4,,no,,,,0,0,no,no,184,not started,0,,
763,McLeod Hydraulic Conversion Kit 1967-69 Camaro Firewall Kit,transmission,Brand New,P5,,no,,,,0,1,yes,yes,1115,not started,0,,
764,McLeod Hydraulic T.O. Bearing (Direct OE Replacement) Tremec TKX Transmission,transmission,Brand New,P1,transmission,yes,derived,unconfirmed,transmission,0,1,no,yes,834,original text kept; sections added from the listing's own statements,0,package contents; fitment; specifications,batch-1
765,McLeod NODular Flywheel 97-04 LS1 & LS6,transmission,Brand New,P5,,no,,,,0,1,yes,yes,5767,not started,0,,
766,McLeod RST Clutch Gm 1-1/8in X 26 Spline,transmission,Brand New,P5,,no,,,,0,2,yes,yes,9439,not started,0,,
767,McLeod RST Clutch Kit Chevy Small/Big Block 1-1/8in X 26 Spline 9.688in Diameter Disc,transmission,Brand New,P5,,no,,,,0,2,yes,yes,9586,not started,0,,
768,McLeod RST Clutch Mustang 1-1/16in X 10 Spline For 157 Tooth Flywheel Only,transmission,Brand New,P5,,no,,,,0,1,yes,yes,9507,not started,0,,
769,McLeod RXT 1200 Street Twin LS Eng 1-1/8 X 26 Ceramic/Ceramic Facing 6 Bolt Crank 168 Alum Flywheel,transmission,Brand New,P5,,no,,,,0,1,yes,yes,6045,not started,0,,
770,McLeod RXT Clutch 86-00 Mustang LX/GT 5.0L V8 RXT1200 Heavy Duty 26 Spline,transmission,Brand New,P5,,no,,,,0,1,yes,yes,8654,not started,0,,
771,McLeod RXT Clutch Gm LS 1-1/8in X 26 Spline w/ HD Pressure Plate,transmission,Brand New,P5,,no,,,,0,2,yes,yes,2428,not started,0,,
772,McLeod RXT Street Twin Assy LSA & LSx 8 Bolt Crank 1-1/8 X 26 Spline Org Facing 168,transmission,Brand New,P5,,no,,,,0,1,no,yes,1355,not started,0,,
773,McLeod RXT Twin Assy LSA & LSx 8 Bolt Crank 1-1/8 X 26 Spline Brz Facing 168,transmission,Brand New,P5,,no,,,,0,1,no,yes,1411,not started,0,,
774,McLeod RXT1200 Twin Assy LS 6 Bolt Crank 1-1/8 X 26 Spline Org Facing 168,transmission,Brand New,P5,,no,,,,0,1,yes,yes,5657,not started,0,,
775,McLeod Slip On Bearing W/Elbow Fit. & Adj Screw Ford/MOPAR W/Round Face Bearing,transmission,Brand New,P5,,no,,,,0,1,no,yes,406,not started,0,,
776,McLeod Steel Flywheel Chevy 28 1955-85 1955-85 SB & All BB 168 Gear,transmission,Brand New,P5,,no,,,,0,1,yes,yes,9838,not started,0,,
777,McLeod Street Extreme 97-04 Chevrolet Corvette 12 X 1-1/8 X 26 Spline,transmission,Brand New,P5,,no,,,,0,1,yes,yes,1574,not started,0,,
778,McLeod Street Extreme Kit 97-04 Chevy Corvette / 98-02 Camaro/Firebird,transmission,Brand New,P5,,no,,,,0,1,yes,yes,1593,not started,0,,
779,McLeod Street Extreme Kit Camaro 350 67-85,transmission,Brand New,P4,,no,,,,0,0,no,no,164,not started,0,,
780,McLeod Street Pro Clutch Kit Chev V8 55-85,transmission,Brand New,P5,,no,,,,0,1,yes,yes,9599,not started,0,,
781,McLeod Street Pro Clutch Kit Ford 69-74 351,transmission,Brand New,P5,,no,,,,0,1,yes,yes,8716,not started,0,,
782,McLeod Super Street Pro GM LS-X 11in. X 1-1/8 X 26 Diaphragm (Does not include Dowel Pins),transmission,Brand New,P5,,yes,derived,stated,,0,1,yes,yes,1666,original text kept; sections added from the listing's own statements,1,specifications,batch-2 (stated only)
783,McLeod Super Street Pro Kit (w/o Throw-out Bearing) 97-04 Chevrolet Corvette LS1,transmission,Brand New,P5,,no,,,,0,1,yes,yes,1844,not started,0,,
784,"MISHIMOTO RACE READY ALUMINUM PERFORMANCE RADIATOR, 29.92"" X 15.28"" X 2.75""",engine,Brand New,P5,,no,,,,0,1,yes,no,700,not started,0,,
785,NICK WILLIAMS GEN V 103MM DRIVE BY WIRE,aftermarket,Brand New,P5,,no,,,,0,1,no,no,450,not started,0,,
786,NRG 5PT 3in. Seat Belt Harness / Cam Lock - Yellow,interior,Brand New,P4,,no,,,,0,2,yes,yes,172,not started,0,,
787,NRG Aluminum Sport Pedal A/T - Black w/Silver Carbon,interior,Brand New,P4,,no,,,,0,2,no,yes,174,not started,0,,
788,NRG Bucket Seat Side Bracket - 2pc w/ NRG Logo,interior,Brand New,P4,,no,,,,0,1,yes,yes,168,not started,0,,
789,NRG Carbon Fiber Steering Wheel (320mm) Flat Bottom w/Shiny Black Carbon,interior,Brand New,P4,,no,,,,0,3,yes,yes,194,not started,0,,
790,NRG Carbon Fiber Steering Wheel (320mm) Flat Btm. Blk Suede/Red Stitch w/CF Spokes & Red Center Mark,interior,Brand New,P4,,no,,,,0,3,yes,yes,222,not started,0,,
791,NRG Carbon License Plate Frame/ Fiber Poly Dip Finish Wet w/ NRG Logo,aftermarket,Brand New,P4,,no,,,,0,1,yes,yes,191,not started,0,,
792,NRG Classic Wood Grain Steering Wheel (350mm) Black Grip w/Chrome Gold 3-Spoke Center,interior,Brand New,P4,,no,,,,0,3,yes,yes,207,not started,0,,
793,NRG Classic Wood Grain Steering Wheel (350mm) Black Sparkle/Galaxy Color w/Neochrome 3-Spoke,interior,Brand New,P4,,no,,,,0,3,yes,yes,214,not started,0,,
794,NRG Classic Wood Grain Steering Wheel (350mm) Blue Pearl/Flake Paint w/Neochrome 3-Spoke Center,interior,Brand New,P4,,no,,,,0,3,yes,yes,217,not started,0,,
795,NRG Classic Wood Grain Steering Wheel (350mm) Glow-N-The-Dark Green Grip w/Neochrome 3-Spoke Center,interior,Brand New,P4,,no,,,,0,3,yes,yes,221,not started,0,,
796,NRG Classic Wood Grain Steering Wheel (350mm) Red Pearl/Flake Paint w/Black 3-Spoke Center,interior,Brand New,P4,,no,,,,0,3,yes,yes,212,not started,0,,
797,NRG Classic Wood Grain Steering Wheel (350mm) Solid Pink Painted Grip w/Black 3-Spoke Center,interior,Brand New,P4,,no,,,,0,3,yes,yes,214,not started,0,,
798,NRG Classic Wood Grain Steering Wheel (350mm) White Grip w/Chrome Gold 3-Spoke Center,interior,Brand New,P4,,no,,,,0,3,yes,yes,207,not started,0,,
799,NRG Fender Washer Kit w/Color Matched M6 Bolt Rivets For Plastic (Black) - Set of 10,body-parts,Brand New,P4,,no,,,,0,2,yes,yes,206,not started,0,,
800,NRG FIA 6pt 2in. Shoulder Belt for HANS Device/ Rotary Cam Lock Buckle/ 3in. Waist Belt - Black,interior,Brand New,P4,,no,,,,0,3,no,yes,217,not started,0,,
801,NRG Floor Mats - 96-00 Honda Civic 2DR & 3DR (EK9 Logo) - 4pc.,interior,Brand New,P4,,no,,,,0,1,no,yes,184,not started,0,,
802,NRG Forged Carbon Fiber Steering Wheel (350mm / 3in. Deep),interior,Brand New,P4,,no,,,,0,3,yes,yes,180,not started,0,,
803,NRG FRP Bucket Seat ULTRA Edition - Medium (Red Alcantara/Pearlized Back),interior,Brand New,P4,,no,,,,0,2,yes,yes,195,not started,0,,
804,NRG Hand Brake Gen 3 - Matte Black (Same As HK-800BK),aftermarket,Brand New,P4,,no,,,,0,2,yes,yes,175,not started,0,,
805,NRG Harness Bar 47in. - Blue,interior,Brand New,P4,,no,,,,0,2,yes,yes,150,not started,0,,
806,NRG Harness Bar 49in. - Titanium,interior,Brand New,P4,,no,,,,0,2,yes,yes,154,not started,0,,
807,NRG Harness Bar 51in. - Blue,interior,Brand New,P4,,no,,,,0,2,yes,yes,150,not started,0,,
808,NRG Heart Quick Release Kit Gen 143 - Mint Body / Mint Heart Ring,interior,Brand New,P4,,no,,,,0,1,yes,yes,187,not started,0,,
809,NRG Heart Quick Release Kit Gen 143 - Pink Body / Pink Heart Ring,interior,Brand New,P4,,no,,,,0,2,yes,yes,187,not started,0,,
810,NRG Heart Quick Release Kit Gen 143 - Red Body / Red Heart Ring,interior,Brand New,P4,,no,,,,0,2,yes,yes,185,not started,0,,
811,NRG Hood Damper Kit (Polished) - 94-01 Acura Integra,body-parts,Brand New,P4,,no,,,,0,2,no,yes,174,not started,0,,
812,NRG Memory Foam Neck Pillow For Any Seats- Red,interior,Brand New,P4,,no,,,,0,2,no,yes,168,not started,0,,
813,NRG Quick Lock - Neochrome,interior,Brand New,P4,,no,,,,0,6,no,yes,148,not started,0,,
814,NRG Quick Lock - Red,interior,Brand New,P4,,no,,,,0,2,no,yes,142,not started,0,,
815,NRG Quick Lock - Shine Black,interior,Brand New,P4,,no,,,,0,2,no,yes,150,not started,0,,
816,NRG Quick Lock V2 w/Free Spin - Chrome Gold (Will Not Work w/Thin Version QR or Quick Tilt System),interior,Brand New,P4,,no,,,,0,2,yes,yes,220,not started,0,,
817,NRG Quick Release - Gold Body/Chrome Gold Ring,interior,Brand New,P4,,no,,,,0,2,yes,yes,168,not started,0,,
818,NRG Quick Release - Silver Body/ Red Chrome Ring,interior,Brand New,P4,,no,,,,0,2,no,yes,170,not started,0,,
819,NRG Quick Release Gen 1.5 - Black Body / Carbon Fiber Ring,interior,Brand New,P4,,no,,,,0,2,no,yes,180,not started,0,,
820,NRG Quick Release Gen 2.0 - Black Body / Black Carbon Fiber Ring,interior,Brand New,P4,,no,,,,0,2,yes,yes,186,not started,0,,
821,NRG Quick Release Gen 2.0 - Black Body / Black Ring,interior,Brand New,P4,,no,,,,0,2,yes,yes,173,not started,0,,
822,NRG Quick Release Gen 2.0 - Black Body / Neochrome Ring,interior,Brand New,P4,,no,,,,0,2,yes,yes,177,not started,0,,
823,NRG Quick Release Gen 2.0 - Minty Fresh Body / Titanium Chrome Ring,interior,Brand New,P4,,no,,,,0,2,yes,yes,189,not started,0,,
824,NRG Quick Release Gen 2.0 - Orange Body / Titanium Chrome Ring,interior,Brand New,P4,,no,,,,0,2,yes,yes,184,not started,0,,
825,NRG Quick Release Gen 2.0 - Purple Body / Purple Ring,interior,Brand New,P4,,no,,,,0,2,yes,yes,175,not started,0,,
826,NRG Quick Release Gen 2.0 - Red Body / Red Ring,interior,Brand New,P4,,no,,,,0,2,yes,yes,169,not started,0,,
827,NRG Quick Release Gen 2.0 - Silver Body / Chrome Ring SFI Spec 42.1,interior,Brand New,P4,,no,,,,0,2,yes,yes,189,not started,0,,
828,NRG Quick Release Gen 2.0 - Silver Body / Titanium Chrome Ring,interior,Brand New,P4,,no,,,,0,2,yes,yes,184,not started,0,,
829,NRG Quick Release Gen 2.0 - Silver Shiny Body / Brushed Silver Ring,interior,Brand New,P4,,no,,,,0,2,yes,yes,189,not started,0,,
830,NRG Quick Release Gen 2.8 - Black Body / Neochrome Ring,interior,Brand New,P4,,no,,,,0,2,yes,yes,177,not started,0,,
831,NRG Quick Release Gen 2.8 - Blue Body / Neochrome Ring,interior,Brand New,P4,,no,,,,0,2,yes,yes,176,not started,0,,
832,NRG Quick Release Kit - Black Body/ Black Chrome Oval Ring,interior,Brand New,P4,,no,,,,0,2,yes,yes,180,not started,0,,
833,NRG Quick Release Kit - Black Body/ White Ring w/ Handles,interior,Brand New,P4,,no,,,,0,2,yes,yes,179,not started,0,,
834,NRG Quick Release Kit - Pyramid Edition - Black Body / Black Pyramid Ring,interior,Brand New,P4,,no,,,,0,2,yes,yes,195,not started,0,,
835,NRG Quick Release Kit - Pyramid Edition - Black Body / Chrome Gold Pyramid Ring,interior,Brand New,P4,,no,,,,0,2,yes,yes,201,not started,0,,
836,NRG Quick Release Kit - Pyramid Edition - Black Body / Glow In The Dark Pyramid Ring,interior,Brand New,P4,,no,,,,0,2,yes,yes,206,not started,0,,
837,NRG Quick Release Kit - Pyramid Edition - Black Body / Neochrome Pyramid Ring,interior,Brand New,P4,,no,,,,0,2,yes,yes,199,not started,0,,
838,NRG Quick Release Kit Gen 2.5 - Black / Black Ring (6 Hole Base 5 Hole Top),interior,Brand New,P4,,no,,,,0,2,yes,yes,197,not started,0,,
839,NRG Quick Release Kit Gen 2.5 - Black / Black Ring w/Finger Grooves,interior,Brand New,P4,,no,,,,0,2,yes,yes,189,not started,0,,
840,NRG Quick Release Kit Gen 2.5 - Black / CF Ring,interior,Brand New,P4,,no,,,,0,2,yes,yes,169,not started,0,,
841,NRG Quick Release Kit Gen 2.5 - Black / Gunmetal Ring,interior,Brand New,P4,,no,,,,0,2,yes,yes,175,not started,0,,
842,NRG Quick Release Kit Gen 2.5 - Blue / Blue Ring,interior,Brand New,P4,,no,,,,0,2,yes,yes,170,not started,0,,
843,NRG Quick Release Kit Gen 2.5 - Green Body / Titanium Chrome Ring,interior,Brand New,P4,,no,,,,0,2,yes,yes,187,not started,0,,
844,NRG Quick Release Kit Gen 2.5 - Orange Body / Titanium Chrome Ring,interior,Brand New,P4,,no,,,,0,2,yes,yes,188,not started,0,,
845,NRG Quick Release Kit Gen 2.5 - Pink Body / Pink Ring,interior,Brand New,P4,,no,,,,0,2,yes,yes,175,not started,0,,
846,NRG Quick Release Kit Gen 2.5 - Rose Gold / Rose Gold Ring,interior,Brand New,P4,,no,,,,0,2,yes,yes,180,not started,0,,
847,NRG Quick Release Kit Gen 2.8 - Black / Gunmetal Ring,interior,Brand New,P4,,no,,,,0,2,yes,yes,175,not started,0,,
848,NRG Quick Release Kit Gen 3.0 - Blue Body / Blue Ring w/Handles,interior,Brand New,P4,,no,,,,0,2,yes,yes,185,not started,0,,
849,NRG Quick Release Kit Gen 3.0 - Green Body / Green Ring w/Handles,interior,Brand New,P4,,no,,,,0,2,yes,yes,187,not started,0,,
850,NRG Quick Release Kit Gen 3.0 - Gunmetal Body / Gunmetal Ring w/Handles,interior,Brand New,P4,,no,,,,0,1,yes,yes,193,not started,0,,
851,NRG Quick Release Kit Gen 3.0 - Pink Body / Pink Ring w/Handles,interior,Brand New,P4,,no,,,,0,2,yes,yes,185,not started,0,,
852,NRG Quick Release Kit Gen 3.0 - Purple Body / Purple Ring w/Handles,interior,Brand New,P4,,no,,,,0,2,yes,yes,189,not started,0,,
853,NRG Quick Release Kit Gen 3.0 - Silver Body / Silver Ring w/Handles,interior,Brand New,P4,,no,,,,0,2,yes,yes,189,not started,0,,
854,NRG Quick Release Kit Gen 4.0 - Black Body / Black Ring w/ CF Handles,interior,Brand New,P4,,no,,,,0,2,yes,yes,191,not started,0,,
855,NRG Quick Release Kit Gen 4.0 - Black Body / Black Ring w/ Handles,interior,Brand New,P4,,no,,,,0,2,yes,yes,188,not started,0,,
856,NRG Quick Release Kit Gen 4.0 - Purple Body / Purple Ring w/ Handles,interior,Brand New,P4,,no,,,,0,2,yes,yes,190,not started,0,,
857,NRG Quick Release SFI SPEC 42.1 - Shinny Black Body / Red Shinny Ring,interior,Brand New,P4,,no,,,,0,2,no,yes,191,not started,0,,
858,NRG Race Short Hub Datsun - Black Body Blue Ring,interior,Brand New,P4,,no,,,,0,2,no,yes,170,not started,0,,
859,NRG Reinforced Steering Wheel (320mm) Black Leather w/Black Stitching,interior,Brand New,P4,,no,,,,0,3,no,yes,191,not started,0,,
860,NRG Reinforced Steering Wheel (320mm) Blk Leather w/Dual Buttons,interior,Brand New,P4,,no,,,,0,2,no,yes,186,not started,0,,
861,NRG Reinforced Steering Wheel (320mm) Blk Suede w/Dual Buttons,interior,Brand New,P4,,no,,,,0,2,no,yes,184,not started,0,,
862,NRG Reinforced Steering Wheel (320mm) Blk w/Blue Trim,interior,Brand New,P4,,no,,,,0,2,yes,yes,175,not started,0,,
863,NRG Reinforced Steering Wheel (320mm) Blk w/Gloss Black Trim,interior,Brand New,P4,,no,,,,0,3,yes,yes,182,not started,0,,
864,NRG Reinforced Steering Wheel (320mm) Blk w/Red Trim & 5mm 3-Spoke,interior,Brand New,P4,,no,,,,0,2,yes,yes,188,not started,0,,
865,NRG Reinforced Steering Wheel (320mm) Sport Leather Flat Bottom w/ Red Center Mark/ Red Stitching,interior,Brand New,P4,,no,,,,0,3,yes,yes,219,not started,0,,
866,NRG Reinforced Steering Wheel (350mm / 2.5in. Deep) Blk Suede Comfort Grip w/5mm Matte Blk Spokes,interior,Brand New,P4,,no,,,,0,3,yes,yes,219,not started,0,,
867,NRG Reinforced Steering Wheel (350mm / 2.5in. Deep) Leather Race Comfort Grip w/4mm Gold Spokes,interior,Brand New,P4,,no,,,,0,4,yes,yes,217,not started,0,,
868,NRG Reinforced Steering Wheel (350mm / 2.5in. Deep)Blk Alcantara Comfort Grip w/4mm Matte Blk Spokes,interior,Brand New,P4,,no,,,,0,3,yes,yes,222,not started,0,,
869,NRG Reinforced Steering Wheel (350mm / 3in Deep) Classic Blk Sparkle Wood Grain w/Blk 3-Spoke Center,interior,Brand New,P4,,no,,,,0,3,yes,yes,222,not started,0,,
870,NRG Reinforced Steering Wheel (350mm / 3in. Deep) Bk Leather w/Bk BBall Stitch (Odi Bakchis Edition),interior,Brand New,P4,,no,,,,0,3,yes,yes,222,not started,0,,
871,NRG Reinforced Steering Wheel (350mm / 3in. Deep) Black Leather w/ Alcantara Stitching,interior,Brand New,P4,,no,,,,0,4,yes,yes,208,not started,0,,
872,NRG Reinforced Steering Wheel (350mm / 3in. Deep) Black Leather w/ Black Stitching,interior,Brand New,P4,,no,,,,0,4,yes,yes,204,not started,0,,
873,NRG Reinforced Steering Wheel (350mm / 3in. Deep) Black Leather w/Purple Center & Purple Stitching,interior,Brand New,P4,,no,,,,0,4,yes,yes,220,not started,0,,
874,NRG Reinforced Steering Wheel (350mm / 3in. Deep) Black Multi Color Flake Wood w/ Black Matte Center,interior,Brand New,P4,,no,,,,0,4,yes,yes,222,not started,0,,
875,NRG Reinforced Steering Wheel (350mm / 3in. Deep) Black Suede w/ 5mm Floral 3-Spoke Center,interior,Brand New,P4,,no,,,,0,4,yes,yes,212,not started,0,,
876,NRG Reinforced Steering Wheel (350mm / 3in. Deep) Black w/Black Chrome Solid 3-Spoke Center,interior,Brand New,P4,,no,,,,0,4,yes,yes,213,not started,0,,
877,NRG Reinforced Steering Wheel (350mm / 3in. Deep) Blk Leather w/Blk Cutout Spoke/Yellow Center Mark,interior,Brand New,P4,,no,,,,0,3,yes,yes,221,not started,0,,
878,NRG Reinforced Steering Wheel (350mm / 3in. Deep) Blk Leather w/Blue Cutout Spoke & Single Yellow CM,interior,Brand New,P4,,no,,,,0,3,yes,yes,222,not started,0,,
879,NRG Reinforced Steering Wheel (350mm / 3in. Deep) Blk Leather w/Gunmetal Circle Cutout Spokes,interior,Brand New,P4,,no,,,,0,3,yes,yes,215,not started,0,,
880,NRG Reinforced Steering Wheel (350mm / 3in. Deep) Blk Leather w/Gunmetal Cutout Spoke & Yellow CM,interior,Brand New,P4,,no,,,,0,3,yes,yes,219,not started,0,,
881,NRG Reinforced Steering Wheel (350mm / 3in. Deep) Blk Leather w/Hydrodipped Digi-Camo Spokes,interior,Brand New,P4,,no,,,,0,3,yes,yes,214,not started,0,,
882,NRG Reinforced Steering Wheel (350mm / 3in. Deep) Blk Leather/Blk Stitch w/Neochrome Slits,interior,Brand New,P4,,no,,,,0,3,yes,yes,212,not started,0,,
883,NRG Reinforced Steering Wheel (350mm / 3in. Deep) Blk Leather/Red BBall Stitch w/4mm Gold Spokes,interior,Brand New,P4,,no,,,,0,4,yes,yes,218,not started,0,,
884,NRG Reinforced Steering Wheel (350mm / 3in. Deep) Blk Suede w/Circle Cut Spokes & Single Yellow CM,interior,Brand New,P4,,no,,,,0,3,yes,yes,220,not started,0,,
885,NRG Reinforced Steering Wheel (350mm / 3in. Deep) Blk Suede w/Hydrodipped Digi-Camo Spokes,interior,Brand New,P4,,no,,,,0,3,yes,yes,212,not started,0,,
886,NRG Reinforced Steering Wheel (350mm / 3in. Deep) Blk Suede w/Red BBall Stitch & Black 3-Spoke,interior,Brand New,P4,,no,,,,0,4,no,yes,216,not started,0,,
887,NRG Reinforced Steering Wheel (350mm / 3in. Deep) Blk Suede/Blk Bball Stitch w/5mm Matte Black Spoke,interior,Brand New,P4,,no,,,,0,4,no,yes,222,not started,0,,
888,NRG Reinforced Steering Wheel (350mm / 3in. Deep) Blk Suede/Blk Stitch w/Black Circle Cutout Spokes,interior,Brand New,P4,,no,,,,0,3,yes,yes,221,not started,0,,
889,NRG Reinforced Steering Wheel (350mm / 3in. Deep) Blk Wood w/Blk Matte Spoke/Black Center Mark,interior,Brand New,P4,,no,,,,0,3,yes,yes,216,not started,0,,
890,NRG Reinforced Steering Wheel (350mm / 3in. Deep) Blk Wood w/Blk Matte Spoke/Neochrome Center Mark,interior,Brand New,P4,,no,,,,0,3,yes,yes,220,not started,0,,
891,NRG Reinforced Steering Wheel (350mm / 3in. Deep) Brown Wood w/Blk Matte Spoke/Neochrome Center Mark,interior,Brand New,P4,,no,,,,0,3,yes,yes,222,not started,0,,
892,NRG Reinforced Steering Wheel (350mm / 3in. Deep) Classic White w/4mm Neochrome Solid 3-Spoke,interior,Brand New,P4,,no,,,,0,4,yes,yes,215,not started,0,,
893,NRG Reinforced Steering Wheel (350mm / 3in. Deep) Red Leather/Blk Stitch w/Blk Spokes (Hole Cutouts),interior,Brand New,P4,,no,,,,0,4,yes,yes,222,not started,0,,
894,NRG Reinforced Steering Wheel (350mm/ 2.5in. Deep) Sport Leather Racing/ 4mm Matte Black Spoke,interior,Brand New,P4,,no,,,,0,4,yes,yes,216,not started,0,,
895,NRG Reinforced Steering Wheel (350mm/ 3in. Deep) Black Suede/ Teal Center Mark/ Teal Stitching,interior,Brand New,P4,,no,,,,0,4,yes,yes,216,not started,0,,
896,NRG Seat Belt Pads 2.7in (Wide) X 11in - Purple(2 Piece) Short,interior,Brand New,P4,,no,,,,0,3,no,yes,184,not started,0,,
897,NRG Seat Belt Pads 2.7in. W x 11in. L (Black) Short - 2pc,interior,Brand New,P4,,no,,,,0,3,yes,yes,179,not started,0,,
898,NRG Seat Brackets - 79-98 Ford Mustang - Pair,interior,Brand New,P4,,no,,,,0,1,yes,yes,167,not started,0,,
899,NRG Seat Brackets - 89-97 Mazda Mx-5 Miata NA - Pair,interior,Brand New,P4,,no,,,,0,1,yes,yes,174,not started,0,,
900,NRG Seat Brackets - 92-99 BMW E36 Coupe - Pair,interior,Brand New,P4,,no,,,,0,1,yes,yes,168,not started,0,,
901,NRG Seat Brackets - 98-05 Mazda Mx-5 Miata NB - Pair,interior,Brand New,P4,,no,,,,0,1,yes,yes,174,not started,0,,
902,NRG Seat Sliders - Single,interior,Brand New,P4,,no,,,,0,1,yes,yes,147,not started,0,,
903,NRG SFI 16.1 5Pt 3 Inch Seat Belt Harness with Pads / Cam Lock - Purple,interior,Brand New,P4,,no,,,,0,3,yes,yes,193,not started,0,,
904,NRG Short Hub Adapter 90-04 Ford Mustang,interior,Brand New,P4,,no,,,,0,1,no,yes,162,not started,0,,
905,NRG Short Hub Adapter Gm / Dodge / Chevy,interior,Brand New,P4,,no,,,,0,1,no,yes,162,not started,0,,
906,NRG Short Hub Adapter Mazda,interior,Brand New,P4,,no,,,,0,1,no,yes,149,not started,0,,
907,NRG Short Spline Adapter - Polaris RZR / Ranger (Secures w/OEM Lock Nut / Fits Quick Lock) - Black,interior,Brand New,P4,,no,,,,0,2,no,yes,220,not started,0,,
908,OBS Chevy Complete Fuel System W/ Tank,engine,Brand New,P3,fuel-kit,yes,derived,listed,fuel,7,0,no,no,842,original text kept; sections added from the listing's own statements,0,fitment; specifications,batch-2
909,"PERFORMANCE ALUMINUM RADIATOR, GM 1500 V8 2014–2018",engine,Brand New,P5,,no,,,,0,0,no,no,406,not started,0,,
910,Phantom 340 Stealth Fuel System,engine,Brand New,P3,fuel-kit,yes,derived,unconfirmed,fuel,0,0,yes,no,1602,original text kept; sections added from the listing's own statements,0,package contents; specifications,batch-2
911,Pitch Black Series Drivetrains,engine,Brand New,P5,,no,,,,0,2,no,no,686,not started,0,,
912,PWM Fuel System w/ ZL1 Fuel Pump,engine,Brand New,P3,fuel-kit,yes,derived,listed,fuel,6,1,no,no,767,original text kept; sections added from the listing's own statements,0,fitment; specifications,batch-2
913,QA1 07-18 Chevrolet Silverado 2WD 12-800lb/in. Front Pro-Coil Kit S-Adj,suspension,Brand New,P3,suspension-kit,yes,derived,unconfirmed,suspension,0,1,yes,yes,2728,original text kept; sections added from the listing's own statements,0,package contents; specifications,batch-2
914,QA1 62-72 70-74 Mopar B/E Body Suspension System 0-2in Drop - Single Adjustable Front,suspension,Brand New,P3,suspension-kit,yes,derived,unconfirmed,suspension,0,0,no,no,207,original text kept; sections added from the listing's own statements,0,package contents; fitment; specifications,batch-2
915,QA1 63-72 Chevrolet C10 Front Suspension Kit - Double Adj. - 750lb/in,suspension,Brand New,P3,suspension-kit,yes,derived,listed,suspension,1,1,yes,yes,428,original text kept; sections added from the listing's own statements,0,specifications,batch-2
916,QA1 63-72 Chevrolet C10 Front Suspension Kit - Single Adj. - 750lb/in,suspension,Brand New,P3,suspension-kit,yes,derived,listed,suspension,1,1,yes,yes,428,original text kept; sections added from the listing's own statements,0,specifications,batch-2
917,QA1 63-72 Chevrolet C10 Rear Suspension Conversion System - Medium - Double Adjustable (200lbs/in),suspension,Brand New,P3,suspension-kit,yes,derived,unconfirmed,suspension,0,1,yes,yes,1488,original text kept; sections added from the listing's own statements,0,package contents; specifications,batch-2
918,QA1 63-72 Chevrolet C10 Rear Suspension Conversion System - Medium - Single Adjustable (200lbs/in),suspension,Brand New,P3,suspension-kit,yes,derived,partial,suspension,6,3,yes,yes,220,original text kept; sections added from the listing's own statements,0,remaining contents not confirmed,batch-2
919,QA1 63-72 Chevrolet C10 Rear Sway Bar - 1-1/4in,suspension,Brand New,P5,,no,,,,0,2,yes,yes,681,not started,0,,
920,QA1 63-87 Chevrolet C10 (w/UCA) Front Coil-Over Conversion Kit - Double Adjustable (650lbs/in),suspension,Brand New,P3,suspension-kit,yes,derived,listed,suspension,1,1,yes,yes,1490,original text kept; sections added from the listing's own statements,0,specifications,batch-2
921,QA1 63-87 Chevrolet C10 (w/UCA) Front Coil-Over Conversion Kit - Single Adjustable (650lbs/in),suspension,Brand New,P3,suspension-kit,yes,derived,listed,suspension,1,1,yes,yes,1490,original text kept; sections added from the listing's own statements,0,specifications,batch-2
922,QA1 63-87 Chevrolet C10 (w/UCA) Front Coil-Over Conversion Kit - Single Adjustable (750lbs/in),suspension,Brand New,P3,suspension-kit,yes,derived,listed,suspension,1,1,yes,yes,1490,original text kept; sections added from the listing's own statements,0,specifications,batch-2
923,QA1 64-66 Ford Mustang Pro Front Coil-Over System - Single Adj. - 10in x 400lbs/in - Aluminum,suspension,Brand New,P3,suspension-kit,yes,derived,unconfirmed,suspension,0,1,yes,yes,1539,original text kept; sections added from the listing's own statements,0,package contents; specifications,batch-2
924,QA1 64-67 GM A-Body (w/Trailing Arm) Adjustable Rear Frame Support,suspension,Brand New,P5,,no,,,,0,1,yes,yes,1466,not started,0,,
925,QA1 64-67 GM A-Body Non-Adjustable Rear Frame Support,suspension,Brand New,P5,,yes,derived,listed,,1,1,yes,yes,1203,original text kept; sections added from the listing's own statements,0,specifications,batch-2 (stated only)
926,QA1 64-67 GM A-Body Trailing Arms Upper Non-Adjustable Tubular Trailing Arms,suspension,Brand New,P5,,no,,,,0,1,yes,yes,2561,not started,0,,
927,QA1 64-67 GM A-Body Upper Adjustable Trailing Arms,suspension,Brand New,P5,,no,,,,0,1,yes,yes,2535,not started,0,,
928,QA1 64-72 GM A-Body Anti-Hop Bars - Rear,suspension,Brand New,P5,,yes,derived,listed,,1,1,yes,yes,1412,original text kept; sections added from the listing's own statements,0,specifications,batch-2 (stated only)
929,QA1 64-72 GM A-Body Front & Rear Sway Bar Kit (1-1/4in Front & 1in Rear),suspension,Brand New,P3,suspension-kit,yes,derived,unconfirmed,suspension,0,2,yes,yes,2424,original text kept; sections added from the listing's own statements,0,package contents; specifications,batch-2
930,QA1 64-72 GM A-Body Front Sway Bar - 1-1/4in,suspension,Brand New,P5,,no,,,,0,2,yes,yes,2016,not started,0,,
931,QA1 64-72 GM A-Body Lower Boxed Trailing Arms,suspension,Brand New,P5,,no,,,,0,1,yes,yes,3158,not started,0,,
932,QA1 64-72 GM A-Body Rear Sway Bar - 1in,suspension,Brand New,P5,,no,,,,0,2,yes,yes,2003,not started,0,,
933,QA1 64-72 GM A/G-Body Pro Rear Coil-Over System - Double Adj. - 12in x 170lbs/in - Aluminum,suspension,Brand New,P3,suspension-kit,yes,derived,unconfirmed,suspension,0,1,yes,yes,3100,original text kept; sections added from the listing's own statements,0,package contents; specifications,batch-2
934,QA1 64-72 GM A/G-Body Pro Rear Coil-Over System - Single Adj. - 12in x 150lbs/in - Aluminum,suspension,Brand New,P3,suspension-kit,yes,derived,unconfirmed,suspension,0,1,yes,yes,3101,original text kept; sections added from the listing's own statements,0,package contents; specifications,batch-2
935,QA1 64-72 GM A/G-Body Pro Rear Coil-Over System - Single Adj. - 12in x 170lbs/in - Aluminum,suspension,Brand New,P3,suspension-kit,yes,derived,unconfirmed,suspension,0,1,yes,yes,3101,original text kept; sections added from the listing's own statements,0,package contents; specifications,batch-2
936,QA1 64-72 GM A/G-Body Street Performance Lower Control Arm Kit - Front,suspension,Brand New,P3,suspension-kit,yes,derived,unconfirmed,suspension,0,1,yes,yes,2637,original text kept; sections added from the listing's own statements,0,package contents; specifications,batch-2
937,QA1 64-72 GM A/G-Body Street Performance Upper Control Arm Kit - Front,suspension,Brand New,P3,suspension-kit,yes,derived,unconfirmed,suspension,0,1,yes,yes,2637,original text kept; sections added from the listing's own statements,0,package contents; specifications,batch-2
938,QA1 65-72 Ford F100 Rear Coil-Over Conversion System - Medium - Single Adjustable (200lbs/in),suspension,Brand New,P3,suspension-kit,yes,derived,unconfirmed,suspension,0,1,yes,yes,940,original text kept; sections added from the listing's own statements,0,package contents; specifications,batch-2
939,QA1 65-72 Ford F100 Rear Sway Bar - 1-1/4in,suspension,Brand New,P5,,no,,,,0,2,yes,yes,579,not started,0,,
940,QA1 65-79 Ford F-100 Front Coil-Over Conversion Kit Engine Mounts - FE Engines,suspension,Brand New,P3,suspension-kit,yes,derived,unconfirmed,suspension,0,1,yes,yes,869,original text kept; sections added from the listing's own statements,0,package contents; specifications,batch-2
941,QA1 65-79 Ford F-100 Front Coil-Over Conversion Kit Engine Mounts - Modular/Coyote Engines,suspension,Brand New,P3,suspension-kit,yes,derived,unconfirmed,suspension,0,1,yes,yes,889,original text kept; sections added from the listing's own statements,0,package contents; specifications,batch-2
942,QA1 65-79 Ford F-100 Front Coil-Over Conversion Kit Engine Mounts - Windsor 5.0L Engines,suspension,Brand New,P3,suspension-kit,yes,derived,unconfirmed,suspension,0,1,yes,yes,884,original text kept; sections added from the listing's own statements,0,package contents; specifications,batch-2
943,QA1 65-79 Ford F100 Front Coil-Over Conversion Kit (3-5in Drop) - Single Adjustable (500lbs/in),suspension,Brand New,P3,suspension-kit,yes,derived,unconfirmed,suspension,0,2,yes,yes,1698,original text kept; sections added from the listing's own statements,0,package contents; specifications,batch-2
944,QA1 65-79 Ford F100 Front Sway Bar - 1-3/8in,suspension,Brand New,P5,,no,,,,0,2,yes,yes,986,not started,0,,
945,QA1 67-69 GM F-Body/68-74 X-Body Front Sway Bar - 1-1/4in,suspension,Brand New,P5,,no,,,,0,2,yes,yes,1203,not started,0,,
946,QA1 67-69 GM F-Body/68-74 X-Body Street Performance Upper Control Arm Kit - Front,suspension,Brand New,P3,suspension-kit,yes,derived,unconfirmed,suspension,0,1,yes,yes,1759,original text kept; sections added from the listing's own statements,0,package contents; specifications,batch-2
947,QA1 67-73 Ford Mustang Pro Front Coil-Over System - Single Adj. - 10in x 400lbs/in - Aluminum,suspension,Brand New,P3,suspension-kit,yes,derived,unconfirmed,suspension,0,1,yes,yes,1539,original text kept; sections added from the listing's own statements,0,package contents; specifications,batch-2
948,QA1 67-73 Ford Mustang Pro Front Coil-Over System - Single Adj. - 10in x 450lbs/in - Aluminum,suspension,Brand New,P3,suspension-kit,yes,derived,unconfirmed,suspension,0,1,yes,yes,1539,original text kept; sections added from the listing's own statements,0,package contents; specifications,batch-2
949,QA1 67-73 Ford Mustang Pro Front Coil-Over System - Single Adj. - 10in x 500lbs/in - Aluminum,suspension,Brand New,P3,suspension-kit,yes,derived,unconfirmed,suspension,0,1,yes,yes,1539,original text kept; sections added from the listing's own statements,0,package contents; specifications,batch-2
950,QA1 68-72 GM A-Body Adjustable Rear Frame Support,suspension,Brand New,P5,,no,,,,0,1,yes,yes,1877,not started,0,,
951,QA1 68-72 GM A-Body Non-Adjustable Rear Frame Support,suspension,Brand New,P5,,yes,derived,listed,,1,1,yes,yes,1631,original text kept; sections added from the listing's own statements,0,specifications,batch-2 (stated only)
952,QA1 68-72 GM A-Body Trailing Arms Upper Non-Adjustable Tubular Trailing Arms,suspension,Brand New,P5,,no,,,,0,1,yes,yes,2924,not started,0,,
953,QA1 68-72 GM A-Body Upper Adjustable Trailing Arms,suspension,Brand New,P5,,no,,,,0,1,yes,yes,2963,not started,0,,
954,QA1 70-81 GM F-Body/73-77 A-Body/75-79 X-Body/78-96 B-Body Pro-Touring Upper Control Arm Kit - Front,suspension,Brand New,P3,suspension-kit,yes,derived,unconfirmed,suspension,0,1,yes,yes,5330,original text kept; sections added from the listing's own statements,0,package contents; specifications,batch-2
955,QA1 70-81 GM F-Body/73-77 A-Body/75-79 X-Body/78-96 B-Body Street Perf Lower Control Arm Kit - Front,suspension,Brand New,P3,suspension-kit,yes,derived,unconfirmed,suspension,0,1,yes,yes,5254,original text kept; sections added from the listing's own statements,0,package contents; specifications,batch-2
956,QA1 70-81 GM F-Body/73-77 A-Body/75-79 X-Body/78-96 B-Body Street Perf Upper Control Arm Kit - Front,suspension,Brand New,P3,suspension-kit,yes,derived,unconfirmed,suspension,0,1,yes,yes,4564,original text kept; sections added from the listing's own statements,0,package contents; specifications,batch-2
957,QA1 71-76 GM B-Body Control Arm Kit Lower Street Perform,suspension,Brand New,P3,suspension-kit,yes,derived,unconfirmed,suspension,0,1,yes,yes,696,original text kept; sections added from the listing's own statements,0,package contents; specifications,batch-2
958,QA1 71-76 GM B-Body Sway Bar Kit Front 1-3/8in,suspension,Brand New,P3,suspension-kit,yes,derived,unconfirmed,suspension,0,2,yes,yes,681,original text kept; sections added from the listing's own statements,0,package contents; specifications,batch-2
959,QA1 71-96 GM B-Body Big Wheel Sway Bar Kit Rear 1-1/4in,suspension,Brand New,P3,suspension-kit,yes,derived,unconfirmed,suspension,0,2,no,yes,240,original text kept; sections added from the listing's own statements,0,package contents; fitment; specifications,batch-2
960,QA1 71-96 GM B-Body Trailing Arms Lower Adjustable,suspension,Brand New,P5,,no,,,,0,1,yes,yes,1021,not started,0,,
961,QA1 75-79 GM X-Body/73-77 A-Body/70-81 Chevrolet Camaro Front Sway Bar - 1-3/8in,suspension,Brand New,P5,,no,,,,0,2,yes,yes,3353,not started,0,,
962,QA1 78-96 GM B-Body Upper Adjustable Trailing Arms,suspension,Brand New,P5,,no,,,,0,1,yes,yes,3731,not started,0,,
963,QA1 79-04 Ford Mustang LS K-Member Engine Mount Kit,engine,Brand New,P5,,no,,,,0,1,yes,yes,928,not started,0,,
964,QA1 79-04 Ford Mustang Rear Sway Bar - 1in,suspension,Brand New,P5,,no,,,,0,2,yes,yes,1129,not started,0,,
965,QA1 79-04 Ford Mustang Upper Adjustable Trailing Arms,suspension,Brand New,P5,,no,,,,0,1,yes,yes,2893,not started,0,,
966,QA1 79-04 Ford Mustang/79-86 Mercury Capri Lower Boxed Trailing Arms,suspension,Brand New,P5,,no,,,,0,1,yes,yes,2908,not started,0,,
967,QA1 79-89 Ford Mustang Proma Star Coilover Strut Kit Double Adjust 200lb/in.,suspension,Brand New,P3,suspension-kit,yes,derived,listed,suspension,1,1,yes,yes,1276,original text kept; sections added from the listing's own statements,0,specifications,batch-2
968,QA1 79-93 Ford Mustang (w/94-04 Spindle) Eco Street Tubular Control Arm Kit - Front,suspension,Brand New,P3,suspension-kit,yes,derived,unconfirmed,suspension,0,1,no,yes,205,original text kept; sections added from the listing's own statements,0,package contents; fitment; specifications,batch-2
969,QA1 79-93 Ford Mustang (w/o Engine Mounts) Tubular K-Member,engine,Brand New,P5,,yes,derived,stated,,0,1,yes,yes,1361,original text kept; sections added from the listing's own statements,1,specifications,batch-2 (stated only)
970,QA1 79-93 Ford Mustang 5.0L Bump Steer Kit,suspension,Brand New,P3,suspension-kit,yes,derived,unconfirmed,suspension,0,1,no,yes,697,original text kept; sections added from the listing's own statements,0,package contents; fitment; specifications,batch-2
971,QA1 79-93 Ford Mustang Front Sway Bar - 1-1/4in,suspension,Brand New,P5,,no,,,,0,2,yes,yes,1072,not started,0,,
972,QA1 79-95 Ford Mustang 5.0L K-Member Engine Mount Kit,engine,Brand New,P5,,no,,,,0,1,yes,yes,808,not started,0,,
973,QA1 82-92 Chevrolet Camaro Proma Star Coilover Strut Kit Single Adjust,suspension,Brand New,P3,suspension-kit,yes,derived,unconfirmed,suspension,0,1,yes,yes,1191,original text kept; sections added from the listing's own statements,0,package contents; specifications,batch-2
974,QA1 88-98 C1500 Handling Kit Level 3 w/Shocks,suspension,Brand New,P3,suspension-kit,yes,derived,listed,suspension,1,1,yes,yes,1118,original text kept; sections added from the listing's own statements,0,specifications,batch-2
975,QA1 88-98 C1500 Level 2 Front Coil-Over Conversion Kit - Single Adjustable (550lbs/in),suspension,Brand New,P3,suspension-kit,yes,derived,unconfirmed,suspension,0,1,yes,yes,791,original text kept; sections added from the listing's own statements,0,package contents; specifications,batch-2
976,QA1 88-98 C1500 Level 3 Front Coil-Over Conversion Kit - Double Adjustable (600lbs/in),suspension,Brand New,P3,suspension-kit,yes,derived,unconfirmed,suspension,0,1,yes,yes,932,original text kept; sections added from the listing's own statements,0,package contents; specifications,batch-2
977,QA1 94-04 Ford Mustang (4.6/5.0L) Race Lower Control Arm Kit - Front,suspension,Brand New,P3,suspension-kit,yes,derived,unconfirmed,suspension,0,1,no,yes,190,original text kept; sections added from the listing's own statements,0,package contents; fitment; specifications,batch-2
978,QA1 94-04 Ford Mustang 4.6/5.0L (w/Power Steering) Bump Steer Kit,suspension,Brand New,P3,suspension-kit,yes,derived,unconfirmed,suspension,0,1,no,yes,720,original text kept; sections added from the listing's own statements,0,package contents; fitment; specifications,batch-2
979,QA1 94-04 Ford Mustang Eco Street Tubular Lower Control Arm Kit - Front,suspension,Brand New,P3,suspension-kit,yes,derived,unconfirmed,suspension,0,1,no,yes,193,original text kept; sections added from the listing's own statements,0,package contents; fitment; specifications,batch-2
980,QA1 GM Pro Front Coil-Over System - Double Adj. - 10in x 450lbs/in - Pigtail - Aluminum,suspension,Brand New,P3,suspension-kit,yes,derived,unconfirmed,suspension,0,1,yes,yes,2516,original text kept; sections added from the listing's own statements,0,package contents; specifications,batch-2
981,Ram Air VI 6.6L Aluminum engine Package,engine,Brand New,P1,engine-assembly,yes,derived,unconfirmed,engine,0,0,no,no,1539,original text kept; sections added from the listing's own statements,0,package contents; fitment; specifications,batch-1
982,Recaro Specialist M Seat - Black Nardo/Black Artista,interior,Brand New,P4,,no,,,,0,2,no,yes,174,not started,0,,
983,Ridetech 58-64 Chevy Front Lower StrongArms for use with CoolRide,suspension,Brand New,P5,,yes,derived,listed,,1,1,yes,yes,801,original text kept; sections added from the listing's own statements,0,specifications,batch-2 (stated only)
984,Ridetech 58-64 Chevy Impala MUSCLEbar Sway Bar Rear,suspension,Brand New,P5,,yes,derived,listed,,1,1,yes,yes,764,original text kept; sections added from the listing's own statements,0,specifications,batch-2 (stated only)
985,Ridetech 58-64 Chevy StrongArms CoolRide Rear Lower,suspension,Brand New,P5,,yes,derived,listed,,1,1,yes,yes,791,original text kept; sections added from the listing's own statements,0,specifications,batch-2 (stated only)
986,Ridetech 58-64 Impala Front MuscleBar,suspension,Brand New,P5,,yes,derived,listed,,1,1,yes,yes,717,original text kept; sections added from the listing's own statements,0,specifications,batch-2 (stated only)
987,Ridetech 59-64 Chevy Impala Panhard Bar,suspension,Brand New,P5,,yes,derived,listed,,1,1,yes,yes,678,original text kept; sections added from the listing's own statements,0,specifications,batch-2 (stated only)
988,Ridetech 59-64 Chevy Impala StrongArms Rear Upper,suspension,Brand New,P5,,yes,derived,listed,,1,1,yes,yes,680,original text kept; sections added from the listing's own statements,0,specifications,batch-2 (stated only)
989,Ridetech 63-82 Chevy Corvette Front Sway Bar,suspension,Brand New,P5,,yes,derived,listed,,1,1,yes,yes,554,original text kept; sections added from the listing's own statements,0,specifications,batch-2 (stated only)
990,Ridetech 63-87 Chevy C10 2WD Front MuscleBar Sway Bar use with Stock Lower Arms,suspension,Brand New,P5,,yes,derived,listed,,1,1,yes,yes,3052,original text kept; sections added from the listing's own statements,0,specifications,batch-2 (stated only)
991,Ridetech 64-70 Ford Mustang Bolt-On 4 Link System Double Adjustable,suspension,Brand New,P3,suspension-kit,yes,derived,listed,suspension,1,1,yes,yes,710,original text kept; sections added from the listing's own statements,1,specifications,batch-2
992,Ridetech 64-72 GM A-Body HQ Series CoilOvers Rear Pair,suspension,Brand New,P3,suspension-kit,yes,derived,listed,suspension,2,1,yes,yes,2196,original text kept; sections added from the listing's own statements,0,specifications,batch-2
993,Ridetech 64-72 GM A-Body StrongArms Front Lower,suspension,Brand New,P5,,yes,derived,listed,,1,1,yes,yes,2138,original text kept; sections added from the listing's own statements,0,specifications,batch-2 (stated only)
994,Ridetech 64-72 GM A-Body StrongArms Front Upper,suspension,Brand New,P5,,yes,derived,listed,,1,1,yes,yes,2147,original text kept; sections added from the listing's own statements,0,specifications,batch-2 (stated only)
995,Ridetech 64-72 GM A-Body StrongArms Rear Lower,suspension,Brand New,P5,,yes,derived,listed,,1,1,yes,yes,2128,original text kept; sections added from the listing's own statements,0,specifications,batch-2 (stated only)
996,Ridetech 64-77 GM A-Body and 78-88 GM G-Body Rear Upper R-Joint Assembly,suspension,Brand New,P3,suspension-kit,yes,derived,listed,suspension,1,1,yes,yes,5072,original text kept; sections added from the listing's own statements,0,specifications,batch-2
997,Ridetech 65-70 Impala Rear HQ CoilOver Upgrade Package,suspension,Brand New,P3,suspension-kit,yes,derived,listed,suspension,1,1,yes,yes,637,original text kept; sections added from the listing's own statements,0,specifications,batch-2
998,Ridetech 67-69 Camaro and Firebird Bolt-On 4 Link System,suspension,Brand New,P3,suspension-kit,yes,derived,unconfirmed,suspension,0,1,yes,yes,2491,original text kept; sections added from the listing's own statements,1,package contents; specifications,batch-2
999,Ridetech 67-69 Camaro and Firebird HQ Series Front CoilOvers Pair,suspension,Brand New,P3,suspension-kit,yes,derived,listed,suspension,1,1,yes,yes,776,original text kept; sections added from the listing's own statements,0,specifications,batch-2
1000,Ridetech 67-69 Camaro and Firebird Rear HQ Series CoilOver Pair,suspension,Brand New,P3,suspension-kit,yes,derived,listed,suspension,1,1,yes,yes,752,original text kept; sections added from the listing's own statements,0,specifications,batch-2
1001,Ridetech 67-69 Camaro Bolt-In Subframe Connectors,suspension,Brand New,P4,,no,,,,0,4,yes,yes,171,not started,0,,
1002,Ridetech 67-69 Camaro Firebird and 68-74 Nova Front Lower StrongArms,suspension,Brand New,P5,,yes,derived,listed,,1,1,yes,yes,887,original text kept; sections added from the listing's own statements,0,specifications,batch-2 (stated only)
1003,Ridetech 67-69 Camaro Firebird and 68-74 Nova Front MuscleBar,suspension,Brand New,P5,,yes,derived,listed,,1,1,yes,yes,965,original text kept; sections added from the listing's own statements,0,specifications,batch-2 (stated only)
1004,Ridetech 67-69 Camaro Firebird and 68-74 Nova Front Upper StrongArms,suspension,Brand New,P5,,yes,derived,listed,,1,1,yes,yes,1023,original text kept; sections added from the listing's own statements,0,specifications,batch-2 (stated only)
1005,Ridetech 67-69 Camaro Firebird Rear MuscleBar Sway Bar Modular design w/ PosiLinks,suspension,Brand New,P5,,yes,derived,listed,,1,1,yes,yes,747,original text kept; sections added from the listing's own statements,0,specifications,batch-2 (stated only)
1006,Ridetech 67-69 GM F-Body 68-74 X-Body 64-72 A-Body Tall Spindles Pair,body-parts,Brand New,P5,,yes,derived,listed,,1,1,yes,yes,2737,original text kept; sections added from the listing's own statements,0,specifications,batch-2 (stated only)
1007,Ridetech 67-70 Ford Mustang 4 Hole Ball Joint Wedge Plates Pair,suspension,Brand New,P3,suspension-kit,yes,derived,listed,suspension,1,1,yes,yes,672,original text kept; sections added from the listing's own statements,0,specifications,batch-2
1008,Ridetech 68-72 GM A-Body Front MuscleBar,suspension,Brand New,P5,,yes,derived,listed,,1,1,yes,yes,1756,original text kept; sections added from the listing's own statements,0,specifications,batch-2 (stated only)
1009,Ridetech 68-72 GM A-Body HQ Series CoilOvers Front Pair,suspension,Brand New,P3,suspension-kit,yes,derived,listed,suspension,1,1,yes,yes,1818,original text kept; sections added from the listing's own statements,0,specifications,batch-2
1010,Ridetech 68-72 GM A-Body Rear MuscleBar,suspension,Brand New,P5,,yes,derived,listed,,1,1,yes,yes,1605,original text kept; sections added from the listing's own statements,0,specifications,batch-2 (stated only)
1011,Ridetech 68-72 GM A-Body StrongArms Rear Upper,suspension,Brand New,P5,,yes,derived,listed,,1,1,yes,yes,1748,original text kept; sections added from the listing's own statements,0,specifications,batch-2 (stated only)
1012,Ridetech 68-79 Chevy C3 Corvette HQ Series CoilOvers Front Pair,suspension,Brand New,P3,suspension-kit,yes,derived,listed,suspension,1,1,yes,yes,610,original text kept; sections added from the listing's own statements,0,specifications,batch-2
1013,Ridetech 73-87 Chevy C10 Front StrongArm Control Arms Uppers and Lowers for use with CoilOvers,suspension,Brand New,P5,,yes,derived,listed,,1,1,yes,yes,2964,original text kept; sections added from the listing's own statements,1,specifications,batch-2 (stated only)
1014,Ridetech 88-98 Chevy C1500 StrongArms Front Upper Control Arms,suspension,Brand New,P5,,yes,derived,listed,,1,1,yes,yes,1238,original text kept; sections added from the listing's own statements,0,specifications,batch-2 (stated only)
1015,Ridetech Air Compressor 309 Model Thomas,suspension,Brand New,P4,,yes,derived,listed,,1,1,no,yes,266,original text kept; sections added from the listing's own statements,0,fitment; specifications,batch-2 (stated only)
1016,Ridetech CoilOver Spanner Wrench,suspension,Brand New,P5,,no,,,,0,1,yes,yes,7568,not started,0,,
1017,Ridetech HQ Series Rear ShockWaves 5in Travel 5in dia Rolling Sleeve .625 Bearing/.625 Bearing,suspension,Brand New,P5,,yes,derived,listed,,1,2,yes,yes,4402,original text kept; sections added from the listing's own statements,0,specifications,batch-2 (stated only)
1018,Ridetech RidePro E5 Air Ride Suspension Control System 5 Gallon Dual Compressor AirPod 1/4in Valves,suspension,Brand New,P3,suspension-kit,yes,derived,listed,suspension,1,2,yes,yes,7624,original text kept; sections added from the listing's own statements,0,specifications,batch-2
1019,Ridetech RidePro E5 Ride Height Sensor Kit,suspension,Brand New,P3,suspension-kit,yes,derived,listed,suspension,1,1,yes,yes,7659,original text kept; sections added from the listing's own statements,0,specifications,batch-2
1020,Ridetech Weld On Rear Axle Bracket for Bolt-On 4 Link,aftermarket,Brand New,P4,,no,,,,0,1,no,yes,175,not started,0,,
1021,SPAL 1074 CFM 16in Fan - Pull (VA18-AP10/C-41A),aftermarket,Brand New,P4,,no,,,,0,2,no,yes,169,not started,0,,
1022,SPAL 1168 CFM 13in Medium Profile Fan - Pull (VA13-AP51/C-35A),aftermarket,Brand New,P4,,no,,,,0,2,no,yes,184,not started,0,,
1023,SPAL 1186 CFM 13in Medium Profile Fan - Push (VA13-AP51/C-35S),aftermarket,Brand New,P4,,no,,,,0,2,no,yes,184,not started,0,,
1024,SPAL 1226 CFM 12in Medium Profile Fan - Pull/Curved (VA10-AP50/C-61A),aftermarket,Brand New,P4,,no,,,,0,2,no,yes,191,not started,0,,
1025,SPAL 1310 CFM 11in High Performance Fan - Push (VA03-AP70/LL-37S),aftermarket,Brand New,P4,,no,,,,0,2,no,yes,187,not started,0,,
1026,SPAL 1310 CFM 14in Medium Profile Fan - Pull (VA08-AP51/C-23A),aftermarket,Brand New,P4,,no,,,,0,2,no,yes,184,not started,0,,
1027,SPAL 1375 CFM 11in High Performance Fan - Pull (VA03-AP70/LL-37A),aftermarket,Brand New,P4,,no,,,,0,2,no,yes,187,not started,0,,
1028,SPAL 1451 CFM 12in High Performance Fan - Pull/Curved (VA10-AP70/LL-61A),aftermarket,Brand New,P4,,no,,,,0,2,no,yes,194,not started,0,,
1029,SPAL 1469 CFM 16in Medium Profile Fan - Pull (VA18-AP51/C-41A),aftermarket,Brand New,P4,,no,,,,0,2,no,yes,184,not started,0,,
1030,SPAL 147 CFM 4in Fan - Pull (VA32-A101-62A),aftermarket,Brand New,P4,,no,,,,0,3,no,yes,165,not started,0,,
1031,SPAL 1604 CFM 11in High Output (H.O.) Fan - Pull (VA03-AP90/LL-68A),aftermarket,Brand New,P4,,no,,,,0,2,no,yes,189,not started,0,,
1032,SPAL 1623 CFM 14in High Performance Fan - Pull/Straight (VA08-AP70/LL-23MA),aftermarket,Brand New,P4,,no,,,,0,2,no,yes,197,not started,0,,
1033,SPAL 1682 CFM 13in High Performance Fan - Push/Curved (VA13-AP70/LL-63S),aftermarket,Brand New,P4,,no,,,,0,2,no,yes,194,not started,0,,
1034,SPAL 1864 CFM 14in High Performance Fan - Pull/Curved (VA08-AP71/LL-53A),aftermarket,Brand New,P4,,no,,,,0,12,no,yes,194,not started,0,,
1035,SPAL 1870 CFM 12in High Performance (H.O.) Fan - Pull (VA01-AP90/VLL-66A),aftermarket,Brand New,P4,,no,,,,0,2,no,yes,195,not started,0,,
1036,SPAL 195 Degree Thermo-Switch/Relay & Harness,electronics,Brand New,P4,,no,,,,0,0,no,no,167,not started,0,,
1037,SPAL 2024 CFM 16in High Performance Fan - Pull/Curved (VA18-AP71/LL-59A),aftermarket,Brand New,P4,,no,,,,0,2,no,yes,194,not started,0,,
1038,SPAL 2467 CFM 16in High Performance Race Fan - Pull/Curved (VA18-AP70/LL/F-59A),aftermarket,Brand New,P4,,no,,,,0,2,no,yes,201,not started,0,,
1039,SPAL 2720 CFM 11in Dual High Performance Fan - Pull (2VA06-AP70/LL-37A),aftermarket,Brand New,P4,,no,,,,0,2,no,yes,193,not started,0,,
1040,SPAL 301 CFM 6.5in Fan - Push (VA22-AP11/C-50S),aftermarket,Brand New,P4,,no,,,,0,3,no,yes,169,not started,0,,
1041,SPAL 3168 CFM 12in Dual High Performance Fan (2VA50-AP70/LL+AP72/LL/F-66A PKSL1),aftermarket,Brand New,P4,,no,,,,0,2,no,yes,202,not started,0,,
1042,SPAL 342 CFM 5.2in Fan - Pull (VA31-A101-46A),aftermarket,Brand New,P4,,no,,,,0,3,no,yes,167,not started,0,,
1043,SPAL 407 CFM 7.5in High Performance Fan - Pull/Paddle,aftermarket,Brand New,P4,,no,,,,0,3,no,yes,175,not started,0,,
1044,SPAL 643 CFM 10in Fan - Pull (VA11-AP8/C-29A),aftermarket,Brand New,P4,,no,,,,0,2,no,yes,167,not started,0,,
1045,SPAL 755 CFM 11in Fan - Pull (VA09-AP8/C-27A),aftermarket,Brand New,P4,,no,,,,0,2,no,yes,167,not started,0,,
1046,SPAL 802 CFM 10in Low Profile Fan - Pull/Curved (VA11-AP7/C-57A),aftermarket,Brand New,P4,,no,,,,0,2,no,yes,186,not started,0,,
1047,SPAL 856 CFM 12in Fan - Push (VA10-AP9/C-25S),aftermarket,Brand New,P4,,no,,,,0,2,no,yes,167,not started,0,,
1048,SPAL 944 CFM 11in Medium Profile Fan - Push (VA09-AP50/C-27S),aftermarket,Brand New,P4,,no,,,,0,2,no,yes,183,not started,0,,
1049,SPAL Fan Harness With Relay,electronics,Brand New,P4,,no,,,,0,1,no,yes,149,not started,0,,
1050,SPAL Fan Mounting Pin (1 Piece),aftermarket,Brand New,P4,,no,,,,0,1,no,yes,153,not started,0,,
1051,Sparco Seat CIRCUIT QRT,interior,Brand New,P4,,no,,,,0,1,no,yes,145,not started,0,,
1052,Sparco Seat EVO - XL QRT,interior,Brand New,P4,,no,,,,0,1,no,yes,146,not started,0,,
1053,Sparco Seat EVO L QRT,interior,Brand New,P4,,no,,,,0,1,no,yes,143,not started,0,,
1054,Sparco Seat GT Black,interior,Brand New,P4,,no,,,,0,2,no,yes,142,not started,0,,
1055,Sparco Seat QRT-K Kevlar Black,interior,Brand New,P4,,no,,,,0,2,no,yes,152,not started,0,,
1056,Sparco Seat R333 2021 Black,interior,Brand New,P4,,no,,,,0,2,no,yes,149,not started,0,,
1057,Sparco Seat R333 2021 Black/Grey,interior,Brand New,P4,,no,,,,0,1,no,yes,154,not started,0,,
1058,Sparco Seat R333 2021 Black/Red,interior,Brand New,P4,,no,,,,0,1,no,yes,153,not started,0,,
1059,Sparco Steering Wheel F10C Carbon Suede Black,interior,Brand New,P4,,no,,,,0,2,no,yes,167,not started,0,,
1060,Sparco Steering Wheel R350 Leather,interior,Brand New,P4,,no,,,,0,1,no,yes,156,not started,0,,
1061,Sparco Steering Wheel R350 Suede,interior,Brand New,P4,,no,,,,0,1,no,yes,154,not started,0,,
1062,Sparco Steering Wheel R350B Suede w/ Button,interior,Brand New,P4,,no,,,,0,1,no,yes,165,not started,0,,
1063,Sparco Steering Wheel R383 Champion Black Leather / Black Stitching,interior,Brand New,P4,,no,,,,0,2,no,yes,189,not started,0,,
1064,Stainless Works 14-16 Chevy Silverado/GMC Sierra Fit 5.3L Only Header High-Flow Cats Factory Conn,engine,Brand New,P5,,no,,,,0,1,yes,yes,1070,not started,0,,
1065,Stainless Works 16-21 Camaro SS 3in Redline Factory Connect Axle Back w/Valve - 4in Quad Black Tips,engine,Brand New,P2,transfer-case-differential,yes,derived,unconfirmed,drivetrain,0,3,no,yes,635,original text kept; sections added from the listing's own statements,1,package contents; fitment,batch-1
1066,Stainless Works 20-21 Ford F-250/F-350 7.3L Headers 1-7/8in Primaries 3in Collectors High Flow Cats,engine,Brand New,P5,,yes,derived,listed,,1,2,no,yes,483,original text kept; sections added from the listing's own statements,0,fitment; specifications,batch-2 (stated only)
1067,Stainless Works 2007-13 Chevy Silverado/GMC Sierra Headers 1-7/8in Primaries High-Flow Cats Y-Pipe,engine,Brand New,P5,,yes,derived,listed,,1,9,yes,yes,1299,original text kept; sections added from the listing's own statements,0,,batch-2 (stated only)
1068,Stainless Works 2014-16 Chevy Silverado/GMC Sierra Headers High-Flow Cats,engine,Brand New,P5,,no,,,,0,1,yes,yes,931,not started,0,,
1069,Stainless Works 2014-18 Corvette 6.2L Headers 2in Primaries w/ High-Flow Cats X-Pipe,engine,Brand New,P5,,yes,derived,listed,,1,2,yes,yes,775,original text kept; sections added from the listing's own statements,0,specifications,batch-2 (stated only)
1070,Stainless Works 2019+ Chevrolet Silverado 5.3/6.2 Catted Headers 1-7/8in Primaries 3in Leads X-Pipe,engine,Brand New,P5,,no,,,,0,2,yes,yes,1668,not started,0,,
1071,Stainless Works 2019+ Chevrolet Silverado 5.3L Catted Headers 1-7/8in Primaries 3in Leads Y-Pipe,engine,Brand New,P5,,no,,,,0,2,yes,yes,1650,not started,0,,
1072,Stainless Works Catalytic Converter - GESi High Flow,engine,Brand New,P5,,no,,,,0,1,no,yes,503,not started,0,,
1073,Stainless Works Chevy Camaro 1967-69 Exhaust,engine,Brand New,P4,,no,,,,0,0,yes,no,221,not started,0,,
1074,Stainless Works Ford 5.2L/5.0L Coyote Round Port Header 304SS Exhaust Flanges 1-7/8in Primaries,engine,Brand New,P4,,no,,,,0,0,no,no,217,not started,0,,
1075,Stainless Works Smooth Oval Muffler - 24in Long 2 1/2in ID Inlets Both Ends,engine,Brand New,P5,,no,,,,0,2,no,yes,685,not started,0,,
1076,TCU Programmed,aftermarket,Brand New,P4,,no,,,,0,0,no,no,136,not started,0,,
1077,TiAL Sport F38 Wastegate 38mm .5 Bar (7.25 PSI) - Black,turbocharger,Brand New,P4,,no,,,,0,4,no,yes,177,not started,0,,
1078,TiAL Sport F38 Wastegate 38mm .5 Bar (7.25 PSI) - Silver,turbocharger,Brand New,P4,,no,,,,0,4,no,yes,178,not started,0,,
1079,TiAL Sport F38 Wastegate 38mm 1.0 Bar (14.50 PSI) - Silver,turbocharger,Brand New,P4,,no,,,,0,4,no,yes,180,not started,0,,
1080,TiAL Sport MVR Wastegate 44mm (All Springs) w/Clamps - Black,turbocharger,Brand New,P4,,no,,,,0,3,no,yes,182,not started,0,,
1081,TiAL Sport MVR Wastegate 44mm (All Springs) w/Clamps - Blue,turbocharger,Brand New,P4,,no,,,,0,3,no,yes,181,not started,0,,
1082,TiAL Sport MVR Wastegate 44mm (All Springs) w/Clamps - Purple,turbocharger,Brand New,P4,,no,,,,0,3,no,yes,183,not started,0,,
1083,TiAL Sport MVR Wastegate 44mm (All Springs) w/Clamps - Red,turbocharger,Brand New,P4,,no,,,,0,3,no,yes,180,not started,0,,
1084,TiAL Sport MVR Wastegate 44mm (All Springs) w/Clamps - Silver,turbocharger,Brand New,P4,,no,,,,0,3,no,yes,183,not started,0,,
1085,TiAL Sport MVR Wastegate 44mm 14.5 PSI w/Clamps - Black,turbocharger,Brand New,P4,,no,,,,0,4,no,yes,177,not started,0,,
1086,TiAL Sport MVR Wastegate 44mm 14.5 PSI w/Clamps - Purple,turbocharger,Brand New,P4,,no,,,,0,4,no,yes,178,not started,0,,
1087,TiAL Sport MVS Wastegate (All Springs) w/Clamps - Black,turbocharger,Brand New,P4,,no,,,,0,2,no,yes,177,not started,0,,
1088,TiAL Sport MVS Wastegate (All Springs) w/Clamps - Red,turbocharger,Brand New,P4,,no,,,,0,2,no,yes,175,not started,0,,
1089,TiAL Sport MVS Wastegate (All Springs) w/Clamps - Silver,turbocharger,Brand New,P4,,no,,,,0,2,no,yes,178,not started,0,,
1090,TiAL Sport MVS Wastegate 38mm 1.0 Bar (14.50 PSI) w/Clamps - Black,turbocharger,Brand New,P4,,no,,,,0,4,no,yes,188,not started,0,,
1091,TiAL Sport Q BOV 10 PSI Spring - Black,turbocharger,Brand New,P4,,no,,,,0,3,no,yes,160,not started,0,,
1092,TiAL Sport Q BOV 10 PSI Spring - Blue,turbocharger,Brand New,P4,,no,,,,0,3,no,yes,159,not started,0,,
1093,TiAL Sport Q BOV 10 PSI Spring - Purple,turbocharger,Brand New,P4,,no,,,,0,3,no,yes,161,not started,0,,
1094,TiAL Sport Q BOV 10 PSI Spring - Red,turbocharger,Brand New,P4,,no,,,,0,3,no,yes,158,not started,0,,
1095,TiAL Sport Q BOV 11 PSI Spring - Black,turbocharger,Brand New,P4,,no,,,,0,3,no,yes,160,not started,0,,
1096,TiAL Sport Q BOV 11 PSI Spring - Blue,turbocharger,Brand New,P4,,no,,,,0,3,no,yes,159,not started,0,,
1097,TiAL Sport Q BOV 11 PSI Spring - Red,turbocharger,Brand New,P4,,no,,,,0,3,no,yes,158,not started,0,,
1098,TiAL Sport Q BOV 11 PSI Spring - Silver,turbocharger,Brand New,P4,,no,,,,0,5,no,yes,161,not started,0,,
1099,TiAL Sport Q BOV 12 PSI Spring - Purple,turbocharger,Brand New,P4,,no,,,,0,3,no,yes,161,not started,0,,
1100,TiAL Sport Q BOV 12 PSI Spring - Red,turbocharger,Brand New,P4,,no,,,,0,3,no,yes,158,not started,0,,
1101,TiAL Sport Q BOV 12 PSI Spring - Silver,turbocharger,Brand New,P4,,no,,,,0,3,no,yes,161,not started,0,,
1102,TiAL Sport Q BOV 2 PSI Spring - Black,turbocharger,Brand New,P4,,no,,,,0,3,no,yes,159,not started,0,,
1103,TiAL Sport Q BOV 2 PSI Spring - Red,turbocharger,Brand New,P4,,no,,,,0,3,no,yes,157,not started,0,,
1104,TiAL Sport Q BOV 6 PSI Spring - Blue,turbocharger,Brand New,P4,,no,,,,0,3,no,yes,158,not started,0,,
1105,TiAL Sport Q BOV 6 PSI Spring - Red,turbocharger,Brand New,P4,,no,,,,0,3,no,yes,157,not started,0,,
1106,TiAL Sport Q BOV 6 PSI Spring - Silver,turbocharger,Brand New,P4,,no,,,,0,3,no,yes,160,not started,0,,
1107,TiAL Sport Q BOV 8 PSI Spring - Blue,turbocharger,Brand New,P4,,no,,,,0,3,no,yes,158,not started,0,,
1108,TiAL Sport Q BOV 8 PSI Spring - Purple,turbocharger,Brand New,P4,,no,,,,0,3,no,yes,160,not started,0,,
1109,TiAL Sport Q BOV 8 PSI Spring - Red,turbocharger,Brand New,P4,,no,,,,0,3,no,yes,157,not started,0,,
1110,TiAL Sport Q BOV 8 PSI Spring - Silver,turbocharger,Brand New,P4,,no,,,,0,3,no,yes,160,not started,0,,
1111,TiAL Sport QR BOV 10 PSI Spring - Black (34mm),turbocharger,Brand New,P4,,no,,,,0,4,no,yes,168,not started,0,,
1112,TiAL Sport QRJ BOV 3 PSI Spring - Black (Excl Flanges),turbocharger,Brand New,P4,,no,,,,0,3,no,yes,176,not started,0,,
1113,TiAL Sport QRJ BOV 3 PSI Spring - Red (Excl Flanges),turbocharger,Brand New,P4,,no,,,,0,3,no,yes,174,not started,0,,
1114,TiAL Sport V60 Wastegate Special Diaphragm,turbocharger,Brand New,P4,,no,,,,0,1,no,yes,164,not started,0,,
1115,TR6060 Transmission,transmission,Brand New,P1,transmission,yes,derived,unconfirmed,transmission,0,0,no,no,141,original text kept; sections added from the listing's own statements,0,package contents; fitment; specifications,batch-1
1116,Trifekta Phantom In-Tank Kit,aftermarket,Brand New,P5,,yes,derived,stated,,0,1,yes,no,1722,original text kept; sections added from the listing's own statements,2,specifications,batch-2 (stated only)
1117,Turbosmart 0-2 Bar 52mm Boost Gauge,electronics,Brand New,P5,,yes,derived,stated,,0,3,yes,yes,898,original text kept; sections added from the listing's own statements,1,,batch-2 (stated only)
1118,Turbosmart Billet Turbo Oil Feed Filter w/ 44 Micron Pleated Disc AN-3 Male Inlet - Black,engine,Brand New,P5,,no,,,,0,4,no,yes,824,not started,0,,
1119,Turbosmart Billet Turbo Oil Feed Filter w/ 44 Micron Pleated Disc AN-4 Male to AN-4 ORB- Black,engine,Brand New,P5,,no,,,,0,4,no,yes,829,not started,0,,
1120,Turbosmart Billet Turbo Oil Feed Filter w/44 Micron Pleated Disc -4AN Male Inlet - Black,engine,Brand New,P5,,no,,,,0,4,no,yes,824,not started,0,,
1121,Turbosmart Boost Gauge 0-30psi 52mm - 2 1/16,electronics,Brand New,P5,,no,,,,0,3,yes,yes,816,not started,0,,
1122,Turbosmart BOV Kompact Dual Port-20mm,turbocharger,Brand New,P5,,no,,,,0,2,yes,yes,516,not started,0,,
1123,Turbosmart BOV Kompact Dual Port-25mm,turbocharger,Brand New,P5,,no,,,,0,2,no,yes,624,not started,0,,
1124,Turbosmart BOV Power Port - Black,turbocharger,Brand New,P5,,no,,,,0,2,no,yes,1669,not started,0,,
1125,Turbosmart BOV RacePort - Blue - Gen V,turbocharger,Brand New,P5,,no,,,,0,2,yes,yes,1116,not started,0,,
1126,Turbosmart BOV RacePort - Purple - Gen V,turbocharger,Brand New,P5,,no,,,,0,2,yes,yes,1118,not started,0,,
1127,Turbosmart BOV RacePort - Red - Gen V,turbocharger,Brand New,P5,,no,,,,0,2,yes,yes,1115,not started,0,,
1128,Turbosmart BOV RacePort - Sleeper,turbocharger,Brand New,P5,,no,,,,0,1,yes,yes,1109,not started,0,,
1129,Turbosmart BOV RacePort Female Gen V - Blue No Weld Flange,turbocharger,Brand New,P4,,no,,,,0,2,yes,yes,180,not started,0,,
1130,Turbosmart BOV RacePort Female Gen-V Purple - No Weld Flange,turbocharger,Brand New,P5,,no,,,,0,2,yes,yes,1643,not started,0,,
1131,Turbosmart BOV RacePort Female Gen-V Red - No Weld Flange,turbocharger,Brand New,P5,,no,,,,0,2,yes,yes,1208,not started,0,,
1132,Turbosmart BOV RacePort Female GenV Sleeper (No Weld Flange),turbocharger,Brand New,P5,,no,,,,0,1,yes,yes,1211,not started,0,,
1133,Turbosmart BOV RacePort Gen V Supercharger - Black,turbocharger,Brand New,P2,turbo-supercharger,yes,derived,unconfirmed,supercharger,0,2,no,yes,958,original text kept; sections added from the listing's own statements,0,package contents; fitment; specifications,batch-1
1134,Turbosmart BOV RacePort Plumb Back GenV Sleeper,turbocharger,Brand New,P5,,no,,,,0,1,no,yes,1819,not started,0,,
1135,Turbosmart BOV Vee Port Pro - Blue,turbocharger,Brand New,P5,,no,,,,0,2,yes,yes,936,not started,0,,
1136,Turbosmart Diaphragm Used On IG75,turbocharger,Brand New,P5,,no,,,,0,1,no,yes,898,not started,0,,
1137,Turbosmart Dual Stage Boost Controller V2 - Black,turbocharger,Brand New,P5,,no,,,,0,2,yes,yes,1350,not started,0,,
1138,Turbosmart Dual Stage Boost Controller V2 - Blue,turbocharger,Brand New,P5,,no,,,,0,2,yes,yes,1365,not started,0,,
1139,Turbosmart eB2 4 Port Solenoid,turbocharger,Brand New,P5,,no,,,,0,1,yes,yes,1136,not started,0,,
1140,Turbosmart eB2 60mm Dash Mounting Kit,electronics,Brand New,P5,,no,,,,0,2,yes,yes,707,not started,0,,
1141,Turbosmart eB2 Re-loom kit,turbocharger,Brand New,P5,,yes,derived,listed,,1,1,yes,yes,531,original text kept; sections added from the listing's own statements,0,specifications,batch-2 (stated only)
1142,Turbosmart eBG50 Electronic BoostGate - Black,turbocharger,Brand New,P5,,no,,,,0,2,no,yes,1900,not started,0,,
1143,Turbosmart Electronic StraightGate ESG40 External Wastegate - Black,turbocharger,Brand New,P5,,no,,,,0,2,yes,yes,2555,not started,0,,
1144,Turbosmart Electronic StraightGate ESG50 External Wastegate,turbocharger,Brand New,P5,,no,,,,0,1,yes,yes,2512,not started,0,,
1145,Turbosmart EM Kompact BOV Plumb Back VR18,turbocharger,Brand New,P5,,no,,,,0,1,no,yes,1601,not started,0,,
1146,Turbosmart FCD-1 (pneumatic),turbocharger,Brand New,P5,,no,,,,0,1,no,yes,1235,not started,0,,
1147,Turbosmart FCD-2 (electronic),turbocharger,Brand New,P5,,no,,,,0,1,no,yes,1236,not started,0,,
1148,Turbosmart FPR Gauge 0-100psi Liquid Fill,electronics,Brand New,P5,,no,,,,0,2,no,yes,645,not started,0,,
1149,Turbosmart FPR10 Fuel Pressure Regulator Suit -10AN - Black,aftermarket,Brand New,P5,,no,,,,0,3,yes,yes,1110,not started,0,,
1150,Turbosmart FPR6 Fuel Pressure Regulator Suit -6AN - Black,aftermarket,Brand New,P5,,no,,,,0,3,yes,yes,1099,not started,0,,
1151,Turbosmart FPR6 Fuel Pressure Regulator Suit -6AN - Blue,aftermarket,Brand New,P5,,no,,,,0,3,yes,yes,1098,not started,0,,
1152,Turbosmart FPR6 Fuel Pressure Regulator Suit -6AN - Purple,aftermarket,Brand New,P5,,no,,,,0,3,yes,yes,1100,not started,0,,
1153,Turbosmart FPR8 Fuel Pressure Regulator (Sleeper),aftermarket,Brand New,P5,,no,,,,0,1,yes,yes,1093,not started,0,,
1154,Turbosmart FPR8 Fuel Pressure Regulator Suit -8AN - Black,aftermarket,Brand New,P5,,no,,,,0,3,yes,yes,1101,not started,0,,
1155,Turbosmart Fuel Pressure Regulator Kompact Universal 1/8in NPT - Sleeper,aftermarket,Brand New,P5,,no,,,,0,2,yes,yes,1033,not started,0,,
1156,Turbosmart Gauge Mounting Cup 52mm - 2 1/16,electronics,Brand New,P4,,no,,,,0,2,yes,yes,239,not started,0,,
1157,Turbosmart GBCV In Cabin Black,turbocharger,Brand New,P5,,no,,,,0,2,yes,yes,1384,not started,0,,
1158,Turbosmart Gen V RacePort BOV - Black,turbocharger,Brand New,P5,,no,,,,0,2,yes,yes,1163,not started,0,,
1159,Turbosmart Gen V WG40 CompGate40 14 PSI External Wastegate - Black,turbocharger,Brand New,P5,,no,,,,0,3,yes,yes,1703,not started,0,,
1160,Turbosmart Gen V WG45 HyperGate45 External Wastegate - Black,turbocharger,Brand New,P5,,no,,,,0,2,yes,yes,1772,not started,0,,
1161,Turbosmart Gen-V WG38 Ultra-Gate 38mm Valve Seat,turbocharger,Brand New,P5,,no,,,,0,2,no,yes,866,not started,0,,
1162,Turbosmart Gen-V WG38/40 14psi Red Outer Spring,turbocharger,Brand New,P5,,no,,,,0,3,no,yes,757,not started,0,,
1163,Turbosmart Gen-V WG38/40 3psi Black Inner Spring,turbocharger,Brand New,P5,,no,,,,0,3,no,yes,760,not started,0,,
1164,Turbosmart Gen-V WG40/45 HP 40 PSI Spring Upgrade - Black/Red,turbocharger,Brand New,P4,,no,,,,0,2,yes,yes,314,not started,0,,
1165,Turbosmart Gen-V WG45/50 3psi Orange Inner Spring,turbocharger,Brand New,P4,,no,,,,0,3,yes,yes,171,not started,0,,
1166,Turbosmart Gen-V WG45/50 7psi Green Middle Spring,turbocharger,Brand New,P4,,no,,,,0,3,yes,yes,171,not started,0,,
1167,Turbosmart Gen4 CompGate40 14psi - Black,turbocharger,Brand New,P5,,no,,,,0,3,yes,yes,1530,not started,0,,
1168,Turbosmart GenV 54mm ProPort Universal Blow Off Valve - Black,turbocharger,Brand New,P5,,no,,,,0,3,yes,yes,2038,not started,0,,
1169,Turbosmart GenV Actuator Collar Tool (WG45/50),turbocharger,Brand New,P5,,no,,,,0,1,yes,yes,971,not started,0,,
1170,Turbosmart GenV CompGate40 7psi External Wastegate - Black,turbocharger,Brand New,P5,,no,,,,0,3,yes,yes,1695,not started,0,,
1171,Turbosmart GenV Electronic ProGate50 Electronic External Wastegate,turbocharger,Brand New,P5,,no,,,,0,1,yes,yes,2254,not started,0,,
1172,Turbosmart GenV HyperGate45 7psi External Wastegate - Black,turbocharger,Brand New,P5,,no,,,,0,3,yes,yes,1771,not started,0,,
1173,Turbosmart GenV PowerGate60 14psi External Wastegate - Black,turbocharger,Brand New,P5,,no,,,,0,3,yes,yes,1788,not started,0,,
1174,Turbosmart GenV ProPort Universal 54mm Blow Off Valve - Sleeper,turbocharger,Brand New,P5,,no,,,,0,2,yes,yes,2040,not started,0,,
1175,Turbosmart GenV RacePort Blow Off Valve - Black (For Female Flange),turbocharger,Brand New,P5,,no,,,,0,2,yes,yes,1218,not started,0,,
1176,Turbosmart GenV WG60 Powergate 60 Compressed Gas 7psi - Black,turbocharger,Brand New,P5,,no,,,,0,3,yes,yes,2055,not started,0,,
1177,Turbosmart IWG75 Garrett GT2860RS 5 PSI Black Internal Wastegate Actuator,turbocharger,Brand New,P5,,yes,derived,stated,,0,3,no,yes,1501,original text kept; sections added from the listing's own statements,1,fitment,batch-2 (stated only)
1178,Turbosmart IWG75 Garrett GT2860RS 7 PSI Black Internal Wastegate Actuator,turbocharger,Brand New,P5,,yes,derived,stated,,0,3,no,yes,1499,original text kept; sections added from the listing's own statements,1,fitment,batch-2 (stated only)
1179,Turbosmart Oil Cooled 5862 V-Band Inlet/Outlet A/R 0.82 External Wastegate TS-1 Turbocharger,turbocharger,Brand New,P4,,no,,,,0,0,no,no,214,not started,0,,
1180,Turbosmart Oil Cooled 6262 V-Band Inlet/Outlet A/R 0.82 External Wastegate TS-1 Turbocharger,turbocharger,Brand New,P5,,no,,,,0,1,no,yes,2354,not started,0,,
1181,Turbosmart Oil Cooled 6466 Reverse Rotation V-Band In/Out A/R 0.82 External WG TS-1 Turbocharger,turbocharger,Brand New,P5,,no,,,,0,1,no,yes,2358,not started,0,,
1182,Turbosmart Oil Cooled 6466 V-Band Inlet/Outlet A/R 0.82 External Wastegate TS-1 Turbocharger,turbocharger,Brand New,P4,,no,,,,0,1,no,yes,214,not started,0,,
1183,Turbosmart ProOPR Rising Rate Turbo Oil Pressure Regulator,aftermarket,Brand New,P5,,no,,,,0,1,no,yes,1686,not started,0,,
1184,Turbosmart ProOPR Rising Rate Turbo Oil Pressure Regulator (Twin Outlet),aftermarket,Brand New,P5,,no,,,,0,1,no,yes,1755,not started,0,,
1185,Turbosmart PSG40 Pneumatic Straight Gate 6psi Black,turbocharger,Brand New,P5,,no,,,,0,3,yes,yes,2196,not started,0,,
1186,Turbosmart PSG50V Pneumatic Straight Gate (Vacuum) 6in Hg Black,turbocharger,Brand New,P4,,no,,,,0,0,no,no,185,not started,0,,
1187,Turbosmart Universal Big Bubba BPV - Sleeper,turbocharger,Brand New,P5,,no,,,,0,1,yes,yes,1090,not started,0,,
1188,Turbosmart Universal Bubba Sonic BOV - Sleeper,turbocharger,Brand New,P5,,no,,,,0,1,yes,yes,1107,not started,0,,
1189,Turbosmart Vee Port Pro BOV - Black,turbocharger,Brand New,P5,,no,,,,0,2,yes,yes,937,not started,0,,
1190,Turbosmart Water Cooled 6262 V-Band Inlet/Outlet A/R 0.82 External Wastegate TS-2 Turbocharger,turbocharger,Brand New,P5,,no,,,,0,1,no,yes,2394,not started,0,,
1191,Turbosmart Water Cooled 6466 T4 Divided 1.00AR Externally Wastegated TS-2 Turbocharger,turbocharger,Brand New,P2,turbo-supercharger,yes,derived,unconfirmed,turbocharger,0,2,no,yes,2392,original text kept; sections added from the listing's own statements,0,package contents; fitment; specifications,batch-1
1192,Turbosmart Water Cooled 6466 V-Band Inlet/Outlet A/R 0.82 External Wastegate TS-2 Turbocharger,turbocharger,Brand New,P4,,no,,,,0,0,no,no,216,not started,0,,
1193,Turbosmart WG38 Gen V Ultragate 38 14psi Purple,turbocharger,Brand New,P5,,no,,,,0,3,yes,yes,1583,not started,0,,
1194,Turbosmart WG38 Gen V Ultragate 38 14psi Sleeper,turbocharger,Brand New,P5,,no,,,,0,2,yes,yes,1584,not started,0,,
1195,Turbosmart WG40 CompGate 40mm - 7 PSI BLACK,turbocharger,Brand New,P5,,no,,,,0,4,yes,yes,1533,not started,0,,
1196,Turbosmart WG40 Gen V Comp-Gate 40mm - 14 PSI Blue,turbocharger,Brand New,P5,,no,,,,0,4,yes,yes,1693,not started,0,,
1197,Turbosmart WG40 Gen V Comp-Gate 40mm - 14 PSI Red,turbocharger,Brand New,P5,,no,,,,0,4,yes,yes,1678,not started,0,,
1198,Turbosmart WG40 Gen V Comp-Gate 40mm Motorsport - 14 PSI Black,turbocharger,Brand New,P5,,no,,,,0,4,yes,yes,2635,not started,0,,
1199,Turbosmart WG40 Gen V Comp-Gate40 - 14PSI Sleeper,turbocharger,Brand New,P5,,no,,,,0,2,yes,yes,1692,not started,0,,
1200,Turbosmart WG40 Gen V Compgate 40mm - 14 PSI Purple,turbocharger,Brand New,P5,,no,,,,0,4,yes,yes,1682,not started,0,,
1201,Turbosmart WG40 Gen V CompGate 40mm - 5 PSI Black,turbocharger,Brand New,P5,,no,,,,0,4,yes,yes,1941,not started,0,,
1202,Turbosmart WG40ALV Gen V Comp-Gate 40mm - 5 PSI Black,turbocharger,Brand New,P5,,no,,,,0,4,no,yes,1390,not started,0,,
1203,Turbosmart WG40HP Gen-V Comp-Gate High Pressure 40mm - 35 PSI Black,turbocharger,Brand New,P5,,no,,,,0,4,yes,yes,1688,not started,0,,
1204,Turbosmart WG40HP Gen-V Comp-Gate High Pressure 45mm - 35 PSI Black,turbocharger,Brand New,P5,,no,,,,0,4,yes,yes,1676,not started,0,,
1205,Turbosmart WG45 2011 Hyper-Gate 45 14psi Black,turbocharger,Brand New,P5,,no,,,,0,3,yes,yes,1558,not started,0,,
1206,Turbosmart WG45 2011 Hyper-Gate 45 7psi Black,turbocharger,Brand New,P5,,no,,,,0,3,yes,yes,1559,not started,0,,
1207,Turbosmart WG45 Gen V Hyper-Gate 45 14psi Blue,turbocharger,Brand New,P5,,no,,,,0,3,yes,yes,1765,not started,0,,
1208,Turbosmart WG45 Gen V Hyper-Gate 45 14psi Purple,turbocharger,Brand New,P5,,no,,,,0,3,yes,yes,1767,not started,0,,
1209,Turbosmart WG45 Gen V Hyper-Gate 45 14psi Red,turbocharger,Brand New,P5,,no,,,,0,3,yes,yes,1754,not started,0,,
1210,Turbosmart WG45 Gen V Hyper-Gate 45 14psi Sleeper,turbocharger,Brand New,P4,,no,,,,0,0,no,no,171,not started,0,,
1211,Turbosmart WG45 Gen V Hyper-Gate 45 5psi Black,turbocharger,Brand New,P5,,no,,,,0,3,yes,yes,1862,not started,0,,
1212,Turbosmart WG45 Gen V Hyper-Gate 45 Electronic Wastegate - Black,turbocharger,Brand New,P5,,no,,,,0,2,yes,yes,2255,not started,0,,
1213,Turbosmart WG45 Gen V Hyper-Gate 45 Motorsport 14psi Black,turbocharger,Brand New,P5,,no,,,,0,3,yes,yes,2711,not started,0,,
1214,Turbosmart WG45 Gen V Hyper-Gate45 - 14PSI Sleeper,turbocharger,Brand New,P4,,no,,,,0,0,no,no,172,not started,0,,
1215,Turbosmart WG45 Gen V Power-Gate 60 Electronic Wastegate - Black,turbocharger,Brand New,P5,,no,,,,0,2,yes,yes,2260,not started,0,,
1216,Turbosmart WG50 Gen V Pro-Gate 50 14psi Black,turbocharger,Brand New,P5,,no,,,,0,3,yes,yes,1733,not started,0,,
1217,Turbosmart WG50 Gen V Pro-Gate 50 14psi Blue,turbocharger,Brand New,P5,,no,,,,0,3,yes,yes,1736,not started,0,,
1218,Turbosmart WG50 Gen V Pro-Gate 50 14psi Purple,turbocharger,Brand New,P5,,no,,,,0,3,yes,yes,1734,not started,0,,
1219,Turbosmart WG50 Gen V Pro-Gate 50 14psi Red,turbocharger,Brand New,P5,,no,,,,0,3,yes,yes,1731,not started,0,,
1220,Turbosmart WG50 Gen V Pro-Gate 50 14psi Sleeper,turbocharger,Brand New,P5,,no,,,,0,2,yes,yes,1735,not started,0,,
1221,Turbosmart WG50 Gen V Pro-Gate 50 7psi Black,turbocharger,Brand New,P5,,no,,,,0,3,yes,yes,1732,not started,0,,
1222,Turbosmart WG60 Gen V Power-Gate 60 14psi Blue,turbocharger,Brand New,P4,,no,,,,0,3,yes,yes,168,not started,0,,
1223,Turbosmart WG60 Gen V Power-Gate 60 14psi Purple,turbocharger,Brand New,P5,,no,,,,0,3,yes,yes,1776,not started,0,,
1224,Turbosmart WG60 Gen V Power-Gate 60 14psi Red,turbocharger,Brand New,P5,,no,,,,0,3,yes,yes,1775,not started,0,,
1225,Turbosmart WG60 Gen V Power-Gate 60 14psi Sleeper,turbocharger,Brand New,P5,,no,,,,0,2,yes,yes,1777,not started,0,,
1226,Turbosmart WG60 Gen V Power-Gate 60 7psi Black,turbocharger,Brand New,P5,,no,,,,0,3,yes,yes,1774,not started,0,,
1227,UMI 65-70 Chevy B-Body Front Sway Bar Solid - 1-1/8 - Red,suspension,Brand New,P4,,no,,,,0,0,no,no,179,not started,0,,
1228,UMI 82-02 GM F-Body Rear Sway Bar - Splined,suspension,Brand New,P5,,no,,,,0,1,yes,yes,1531,not started,0,,
1229,UMI 82-02 GM F-Body Rear Sway Bar - Splined - Black,suspension,Brand New,P5,,no,,,,0,2,yes,yes,1539,not started,0,,
1230,UMI Performance 64-67 GM A-Body Control Arm Reinforcements/Frame Braces,suspension,Brand New,P5,,yes,derived,listed,,1,1,yes,yes,1596,original text kept; sections added from the listing's own statements,0,specifications,batch-2 (stated only)
1231,UMI Performance 64-67 GM A-Body Tubular Non-Adjustable Upper Control Arms,suspension,Brand New,P5,,no,,,,0,1,yes,yes,2089,not started,0,,
1232,UMI Performance 64-70 GM A-Body Tie Rod Adjusters,suspension,Brand New,P5,,no,,,,0,1,yes,yes,2388,not started,0,,
1233,UMI Performance 64-72 GM A-Body 1-1/4in Solid Front Sway Bar - Black,suspension,Brand New,P5,,yes,derived,listed,,1,3,yes,yes,4356,original text kept; sections added from the listing's own statements,0,,batch-2 (stated only)
1234,UMI Performance 64-72 GM A-Body 1in Lowering Spring Front - Set,suspension,Brand New,P3,suspension-kit,yes,derived,unconfirmed,suspension,0,0,no,no,185,original text kept; sections added from the listing's own statements,0,package contents; fitment; specifications,batch-2
1235,UMI Performance 64-72 GM A-Body 1in Solid CrMo Rear Sway Bar (Unit 1),suspension,Brand New,P4,,no,,,,0,0,no,no,191,not started,0,,
1236,UMI Performance 64-72 GM A-Body 1in Solid CrMo Rear Sway Bar (Unit 2),suspension,Brand New,P4,,no,,,,0,0,no,no,191,not started,0,,
1237,UMI Performance 64-72 GM A-Body 78-88 G-Body 1in Lowering Spring Rear,suspension,Brand New,P4,,no,,,,0,0,no,no,191,not started,0,,
1238,UMI Performance 64-72 GM A-Body 78-88 G-Body 2in Lowering Spring Rear,suspension,Brand New,P4,,no,,,,0,0,no,no,191,not started,0,,
1239,UMI Performance 64-72 GM A-Body Body Mount Frame Repair Kit,body-parts,Brand New,P5,,yes,derived,stated,,0,1,yes,yes,1859,original text kept; sections added from the listing's own statements,1,specifications,batch-2 (stated only)
1240,UMI Performance 64-72 GM A-Body Factory Height Springs Front,suspension,Brand New,P4,,no,,,,0,0,no,no,182,not started,0,,
1241,UMI Performance 64-72 GM A-Body Rear Coilover Kit Control Arm Relocation Bolt In,suspension,Brand New,P3,suspension-kit,yes,derived,unconfirmed,suspension,0,1,yes,yes,2635,original text kept; sections added from the listing's own statements,0,package contents; specifications,batch-2
1242,UMI Performance 64-72 GM A-Body Solid Front and Rear Sway Bar Kit (Unit 1),suspension,Brand New,P3,suspension-kit,yes,derived,unconfirmed,suspension,0,0,no,no,196,original text kept; sections added from the listing's own statements,0,package contents; fitment; specifications,batch-2
1243,UMI Performance 64-72 GM A-Body Solid Front and Rear Sway Bar Kit (Unit 2),suspension,Brand New,P3,suspension-kit,yes,derived,unconfirmed,suspension,0,0,no,no,196,original text kept; sections added from the listing's own statements,0,package contents; fitment; specifications,batch-2
1244,UMI Performance 64-72 GM A-Body Tubular Lower Control Arms,suspension,Brand New,P5,,no,,,,0,1,yes,yes,2450,not started,0,,
1245,UMI Performance 64-72 GM A-Body Tubular Upper & Lower Front A-Arm Kit - Black,suspension,Brand New,P3,suspension-kit,yes,derived,unconfirmed,suspension,0,4,yes,yes,3718,original text kept; sections added from the listing's own statements,0,package contents,batch-2
1246,UMI Performance 64-72 GM A-Body Upper & Lower A-Arm Mounting Hardware,body-parts,Brand New,P5,,yes,derived,listed,,2,1,yes,yes,2282,original text kept; sections added from the listing's own statements,0,specifications,batch-2 (stated only)
1247,UMI Performance 64-77 A-Body 70-81 F-Body GM Front Sway Bar 1-1/4in Solid,suspension,Brand New,P5,,yes,derived,listed,,1,2,yes,yes,4157,original text kept; sections added from the listing's own statements,0,specifications,batch-2 (stated only)
1248,UMI Performance 64-77 GM A-Body Complete Rear Control Arm Bolt Upgrade Kit,suspension,Brand New,P3,suspension-kit,yes,derived,listed,suspension,1,1,yes,yes,2550,original text kept; sections added from the listing's own statements,0,specifications,batch-2
1249,UMI Performance 64-77 GM A-Body Rear Control Arm Bolt Upgrade Kit,suspension,Brand New,P3,suspension-kit,yes,derived,listed,suspension,1,1,yes,yes,2486,original text kept; sections added from the listing's own statements,0,specifications,batch-2
1250,UMI Performance 65-70 Chevy B-Body Solid 1in Rear Sway Bar,suspension,Brand New,P5,,no,,,,0,2,yes,yes,962,not started,0,,
1251,UMI Performance 65-87 GM Polyurethane Rear End Housing Replacement Bushings (Unit 1),suspension,Brand New,P4,,no,,,,0,0,no,no,206,not started,0,,
1252,UMI Performance 65-87 GM Polyurethane Rear End Housing Replacement Bushings (Unit 2),suspension,Brand New,P4,,no,,,,0,0,no,no,206,not started,0,,
1253,UMI Performance 67-72 GM A-Body Factory Height Springs Rear,suspension,Brand New,P5,,no,,,,0,1,yes,yes,2191,not started,0,,
1254,UMI Performance 68-72 GM A-Body Control Arm Reinforcements/Frame Braces,suspension,Brand New,P5,,yes,derived,listed,,1,1,yes,yes,1792,original text kept; sections added from the listing's own statements,0,specifications,batch-2 (stated only)
1255,UMI Performance 68-72 GM A-Body LSX Motor Mounts (Unit 1),body-parts,Brand New,P4,,no,,,,0,0,no,no,179,not started,0,,
1256,UMI Performance 68-72 GM A-Body LSX Motor Mounts (Unit 2),body-parts,Brand New,P4,,no,,,,0,0,no,no,179,not started,0,,
1257,UMI Performance 68-72 GM A-Body Rear Shock Tower Brace Bolt In,suspension,Brand New,P5,,no,,,,0,1,yes,yes,1968,not started,0,,
1258,UMI Performance 68-72 GM A-Body Tubular Non-Adjustable Upper Control Arms,suspension,Brand New,P5,,no,,,,0,1,yes,yes,2580,not started,0,,
1259,UMI Performance 68-72 GM A-Body Tubular Upper & Lower Control Arms,suspension,Brand New,P5,,no,,,,0,1,yes,yes,2626,not started,0,,
1260,UMI Performance 70-81 GM F-Body Lowering Spring Front 2in Lowering,suspension,Brand New,P5,,yes,derived,stated,,0,2,yes,yes,1388,original text kept; sections added from the listing's own statements,1,specifications,batch-2 (stated only)
1261,UMI Performance 70-81 GM F-Body Rear Leaf Spring Set 2in Lowering,suspension,Brand New,P3,suspension-kit,yes,derived,unconfirmed,suspension,0,2,yes,yes,1205,original text kept; sections added from the listing's own statements,1,package contents; specifications,batch-2
1262,UMI Performance 70-81 Polyurethane Leaf Spring Shackle Kit,suspension,Brand New,P3,suspension-kit,yes,derived,listed,suspension,1,1,yes,yes,956,original text kept; sections added from the listing's own statements,0,specifications,batch-2
1263,UMI Performance 78-02 GM Rear Control Arm Bolt Upgrade Kit,suspension,Brand New,P3,suspension-kit,yes,derived,listed,suspension,1,1,yes,yes,2914,original text kept; sections added from the listing's own statements,0,specifications,batch-2
1264,UMI Performance 78-88 GM Complete Rear Control Arm Bolt Upgrade Kit,suspension,Brand New,P3,suspension-kit,yes,derived,listed,suspension,1,1,yes,yes,2842,original text kept; sections added from the listing's own statements,0,specifications,batch-2
1265,UMI Performance 78-88 GM G-Body Front 1in 70-81 F-Body 2-1/2in Lowering Spring,suspension,Brand New,P5,,no,,,,0,2,yes,yes,3839,not started,0,,
1266,UMI Performance 78-92 GM G-Body & F-Body Front A-Arm Hardware Kit,body-parts,Brand New,P5,,no,,,,0,1,yes,yes,2450,not started,0,,
1267,UMI Performance 79-04 Ford Mustang Rear End Housing Bushings,suspension,Brand New,P5,,no,,,,0,1,yes,yes,1223,not started,0,,
1268,UMI Performance 82-02 GM F-Body Factory Torque Arm Replacement Bushing,suspension,Brand New,P5,,no,,,,0,1,yes,yes,1031,not started,0,,
1269,UMI Performance 82-02 GM F-Body Lower Control Arm Relocation Brackets - Bolt-In,suspension,Brand New,P5,,no,,,,0,1,yes,yes,1750,not started,0,,
1270,UMI Performance 82-02 GM F-Body Lower Control Arms & On-Car Adjustable Panhard Bar Kit,suspension,Brand New,P3,suspension-kit,yes,derived,unconfirmed,suspension,0,1,yes,yes,1553,original text kept; sections added from the listing's own statements,0,package contents; specifications,batch-2
1271,UMI Performance 82-02 GM F-Body Panhard Bar Relocation Kit,suspension,Brand New,P3,suspension-kit,yes,derived,unconfirmed,suspension,0,1,yes,yes,1402,original text kept; sections added from the listing's own statements,0,package contents; specifications,batch-2
1272,UMI Performance 82-02 GM F-Body Rear Sway Bar 22mm Tubular,suspension,Brand New,P5,,yes,derived,listed,,1,2,yes,yes,1616,original text kept; sections added from the listing's own statements,0,specifications,batch-2 (stated only)
1273,UMI Performance 82-02 GM F-Body Rear Torque Arm Hardware Kit,body-parts,Brand New,P5,,no,,,,0,1,yes,yes,1383,not started,0,,
1274,UMI Performance 82-02 GM F-Body Transmission Mounted Adjustable Torque Arm,suspension,Brand New,P5,,yes,derived,listed,,1,1,yes,yes,2035,original text kept; sections added from the listing's own statements,0,specifications,batch-2 (stated only)
1275,UMI Performance 82-02 GM F-Body Tubular Lower Control Arms Non-Ajustable Panhard Bar Kit,suspension,Brand New,P3,suspension-kit,yes,derived,unconfirmed,suspension,0,1,yes,yes,1698,original text kept; sections added from the listing's own statements,0,package contents; specifications,batch-2
1276,UMI Performance 82-02 GM F-Body Tubular Non-Adjustable Lower Control Arms,suspension,Brand New,P5,,no,,,,0,1,yes,yes,1474,not started,0,,
1277,UMI Performance 82-02 GM F-Body Tubular Non-Adjustable Lower Control Arms - Red,suspension,Brand New,P5,,no,,,,0,2,yes,yes,1480,not started,0,,
1278,UMI Performance 82-92 F-Body 78-88 G-Body S10 Tubular Front Lower A-Arms Poly (Unit 1),suspension,Brand New,P4,,no,,,,0,0,no,no,208,not started,0,,
1279,UMI Performance 82-92 F-Body 78-88 G-Body S10 Tubular Front Lower A-Arms Poly (Unit 2),suspension,Brand New,P4,,no,,,,0,0,no,no,208,not started,0,,
1280,UMI Performance 82-92 GM F-Body Boxed Style Weld-In Subframe Connectors,suspension,Brand New,P5,,yes,derived,stated,,0,1,yes,yes,2308,original text kept; sections added from the listing's own statements,1,specifications,batch-2 (stated only)
1281,UMI Performance 82-92 GM F-Body Front Sway Bar 35mm,suspension,Brand New,P5,,yes,derived,listed,,2,2,yes,yes,1672,original text kept; sections added from the listing's own statements,1,specifications,batch-2 (stated only)
1282,UMI Performance 82-92 GM F-Body Spherical Caster/Camber Plates,suspension,Brand New,P5,,no,,,,0,1,yes,yes,1487,not started,0,,
1283,UMI Performance 82-92 GM F-Body Tubular K-member Coil Springs,body-parts,Brand New,P5,,no,,,,0,1,yes,yes,1939,not started,0,,
1284,UMI Performance 91-96 Impala SS Adjustable Extended Length Lower Control Arms (Unit 1),suspension,Brand New,P4,,no,,,,0,0,no,no,208,not started,0,,
1285,UMI Performance 91-96 Impala SS Adjustable Extended Length Lower Control Arms (Unit 2),suspension,Brand New,P4,,no,,,,0,0,no,no,208,not started,0,,
1286,UMI Performance 93-02 GM F-Body Front and Rear Sway Bar Kit Tubular (Unit 1),suspension,Brand New,P3,suspension-kit,yes,derived,unconfirmed,suspension,0,0,no,no,198,original text kept; sections added from the listing's own statements,0,package contents; fitment; specifications,batch-2
1287,UMI Performance 93-02 GM F-Body Front and Rear Sway Bar Kit Tubular (Unit 2),suspension,Brand New,P3,suspension-kit,yes,derived,unconfirmed,suspension,0,0,no,no,198,original text kept; sections added from the listing's own statements,0,package contents; fitment; specifications,batch-2
1288,UMI Performance 93-02 GM F-Body Front Sway Bar 35mm Tubular,suspension,Brand New,P5,,yes,derived,listed,,1,2,yes,yes,1302,original text kept; sections added from the listing's own statements,0,specifications,batch-2 (stated only)
1289,UMI Performance 93-02 GM F-Body Lowering Springs Front 1.25in Lowering,suspension,Brand New,P5,,no,,,,0,1,yes,yes,1067,not started,0,,
1290,UMI Performance 93-02 GM F-Body Lowering Springs Rear 1.5in Lowering,suspension,Brand New,P5,,no,,,,0,2,yes,yes,1505,not started,0,,
1291,UMI Performance 93-02 GM F-Body Shock Tower Brace,suspension,Brand New,P5,,no,,,,0,1,yes,yes,1075,not started,0,,
1292,UMI Performance 93-02 GM F-Body Tubular Subframe Connectors - Bolt-In,suspension,Brand New,P5,,no,,,,0,1,yes,yes,1231,not started,0,,
1293,UMI Performance 93-02 GM F-Body Tunnel Brace Mount Long Tube Header Set-Ups w/ Loop,suspension,Brand New,P3,suspension-kit,yes,derived,unconfirmed,suspension,0,1,yes,yes,628,original text kept; sections added from the listing's own statements,0,package contents; specifications,batch-2
1294,UMI Performance 93-02 GM F-Body Upper & Lower A-Arm Hardware Kit,body-parts,Brand New,P5,,no,,,,0,1,yes,yes,590,not started,0,,
1295,UMI Performance 93-02 GM F-Body Upper A-Arms Non-Adjustable,suspension,Brand New,P5,,no,,,,0,1,yes,yes,1108,not started,0,,
1296,UMI Performance 98-02 GM F-Body Manual / Torque Arm Relocation Kit,body-parts,Brand New,P5,,no,,,,0,1,yes,yes,1377,not started,0,,
1297,UMI Performance 98-02 GM F-Body Torque Arm Relocation Kit - 4L80E,body-parts,Brand New,P5,,yes,derived,stated,,0,1,yes,yes,1494,original text kept; sections added from the listing's own statements,1,specifications,batch-2 (stated only)
1298,UMI Performance 98-02 GM F-Body Tubular K-Member - LS1,body-parts,Brand New,P5,,no,,,,0,1,yes,yes,1357,not started,0,,
1299,UMI Performance LSX Poly Engine Mounts,engine,Brand New,P5,,no,,,,0,1,yes,yes,735,not started,0,,
1300,UMI Performance Super Lube Synthetic 14oz. Grease Tube,engine,Brand New,P5,,no,,,,0,1,no,yes,430,not started,0,,
1301,UMI Performance Thrust Bearing Kit Viking Coilovers & UMI Coilovers,suspension,Brand New,P3,suspension-kit,yes,derived,unconfirmed,suspension,0,1,no,yes,577,original text kept; sections added from the listing's own statements,1,package contents; fitment; specifications,batch-2
1302,UMI Performance Thrust Bearing Kit Viking Coilovers and UMI Coilovers + Spanner Wrench,suspension,Brand New,P3,suspension-kit,yes,derived,unconfirmed,suspension,0,1,no,yes,596,original text kept; sections added from the listing's own statements,1,package contents; fitment; specifications,batch-2
1303,USA MADE 60-87 C10 Gen V LT Swap Headers,engine,Brand New,P5,,no,,,,0,0,yes,no,1229,not started,0,,
1304,Used 2014-2018 L83 / L86 Water Pump,aftermarket,Used,P4,,no,,,,0,0,yes,no,157,not started,0,,
1305,Walbro 155lph Fuel Pump Kit for 85-97 Ford Mustang (EXCLUDES 96-97 Cobra),engine,Brand New,P3,fuel-kit,yes,derived,unconfirmed,fuel,0,2,yes,yes,326,original text kept; sections added from the listing's own statements,1,package contents; specifications,batch-2
1306,Walbro 155lph Universal In-Line Pump,engine,Brand New,P4,,no,,,,0,2,yes,yes,158,not started,0,,
1307,Walbro 190lph High Pressure Fuel Pump *WARNING - GSS 250*,engine,Brand New,P5,,no,,,,0,2,no,yes,1485,not started,0,,
1308,Walbro 255lph High Pressure Fuel Pump *WARNING - GSS 340*,engine,Brand New,P5,,no,,,,0,2,no,yes,1485,not started,0,,
1309,Walbro 255lph High Pressure Fuel Pump *WARNING - GSS 341*,engine,Brand New,P5,,no,,,,0,2,no,yes,1485,not started,0,,
1310,Walbro 255lph High Pressure Fuel Pump *WARNING - GSS 342*,engine,Brand New,P5,,no,,,,0,2,no,yes,1485,not started,0,,
1311,Walbro 350lph High Pressure Fuel Pump *WARNING - GSS 351* (11mm Inlet - 180 Degree From the Outlet),engine,Brand New,P5,,no,,,,0,3,no,yes,1527,not started,0,,
1312,Walbro 350lph High Pressure Fuel Pump *WARNING - GSS 352* (11mm Inlet - Inline w/the Outlet),engine,Brand New,P5,,no,,,,0,3,no,yes,1520,not started,0,,
1313,Walbro 350lph Universal High Pressure Inline Fuel Pump- Gasoline Only Not Approved for E85,engine,Brand New,P4,,no,,,,0,2,yes,yes,212,not started,0,,
1314,Walbro 400lph 39/50 DC/SS Pump/Kit Package,engine,Brand New,P3,fuel-kit,yes,derived,unconfirmed,fuel,0,2,no,yes,164,original text kept; sections added from the listing's own statements,0,package contents; fitment; specifications,batch-2
1315,Walbro 450 In-Tank Fuel Pump F90000267,engine,Brand New,P5,,yes,derived,stated,,0,0,no,no,1383,original text kept; sections added from the listing's own statements,2,fitment; specifications,batch-2 (stated only)
1316,Walbro 450lph E85 Compatible Universal Fuel Pump & Installation Kit,engine,Brand New,P3,fuel-kit,yes,derived,unconfirmed,fuel,0,2,yes,yes,189,original text kept; sections added from the listing's own statements,0,package contents; specifications,batch-2
1317,Walbro 450lph E85 Universal Dual Fuel Pump Assembly,engine,Brand New,P3,fuel-kit,yes,derived,unconfirmed,fuel,0,2,yes,yes,173,original text kept; sections added from the listing's own statements,0,package contents; specifications,batch-2
1318,Walbro 85-92 Chevy Camaro / Pontiac Firebird/Fiero Fuel Pump & Setup Kit,engine,Brand New,P3,fuel-kit,yes,derived,unconfirmed,fuel,0,1,yes,yes,644,original text kept; sections added from the listing's own statements,0,package contents; specifications,batch-2
1319,Walbro 85-97 Ford Mustang (Excludes Cobra) 70 Micron Fuel Pump & Setup Kit,engine,Brand New,P3,fuel-kit,yes,derived,unconfirmed,fuel,0,2,yes,yes,424,original text kept; sections added from the listing's own statements,1,package contents; specifications,batch-2
1320,Walbro 85-98 GM Car & Truck 255LPH Fuel Pump,engine,Brand New,P4,,no,,,,0,2,no,yes,166,not started,0,,
1321,Walbro Ford GT Style Pump,engine,Brand New,P4,,no,,,,0,1,no,yes,147,not started,0,,
1322,Walbro Fuel Pump Kit for 82-95 Chevy / 85-98 Chevy Trucks/Vans / 82-94 Pontiac/Oldsmobile,engine,Brand New,P3,fuel-kit,yes,derived,unconfirmed,fuel,0,1,no,yes,211,original text kept; sections added from the listing's own statements,0,package contents; fitment; specifications,batch-2
1323,Walbro PUMP & INSTALLATION KIT PACKAGE,engine,Brand New,P3,fuel-kit,yes,derived,unconfirmed,fuel,0,1,no,yes,160,original text kept; sections added from the listing's own statements,0,package contents; fitment; specifications,batch-2
1324,Walbro Universal 39/80 Flex Fuel Hellcat In-Tank Fuel Pump,engine,Brand New,P5,,no,,,,0,1,yes,yes,1486,not started,0,,
1325,Walbro Universal 400lph In-Tank Fuel Pump NOT E85 Compatible,engine,Brand New,P5,,no,,,,0,2,yes,yes,1488,not started,0,,
1326,Walbro Universal 450lph In-Tank Fuel Pump E85 Version,engine,Brand New,P5,,no,,,,0,2,yes,yes,1481,not started,0,,
1327,Walbro Universal 450lph In-Tank Fuel Pump High Pressure Version,engine,Brand New,P5,,no,,,,0,2,yes,yes,1491,not started,0,,
1328,Walbro Universal 535lph In-Tank Fuel Pump E85 Version,engine,Brand New,P5,,no,,,,0,2,yes,yes,1481,not started,0,,
1329,Walbro Universal Installation Kit for F90000262 Pump w/Fuel Filter/Wiring Harness/Fuel Line,electronics,Brand New,P3,fuel-kit,yes,derived,unconfirmed,fuel,0,1,yes,yes,213,original text kept; sections added from the listing's own statements,0,package contents; specifications,batch-2
1330,Walbro Universal Installation Kit: Fuel Filter/Wiring Harness/Fuel Line for F90000267 E85 Pump,electronics,Brand New,P3,fuel-kit,yes,derived,unconfirmed,fuel,0,1,yes,yes,216,original text kept; sections added from the listing's own statements,0,package contents; specifications,batch-2
1331,Wegner LT4 Accessory Drive - Wet Sump,engine,Brand New,P4,,no,,,,0,5,no,no,159,not started,0,,
1332,Weld S104 18x8 Ventura 5x120.65 ET00 BS4.50 Gloss BLK MIL DIA 78.1,aftermarket,Brand New,P4,,no,,,,0,1,no,yes,188,not started,0,,
1333,Weld S106 20x9.5 Ventura 6 6x135 ET28 BS6.375 Gloss BLK MIL DIA 87.1,aftermarket,Brand New,P4,,no,,,,0,1,no,yes,190,not started,0,,
1334,Weld S155 17x10 Ventura Drag 5x112 ET40 BS7.1 Gloss BLK MIL DIA 78.1,aftermarket,Brand New,P4,,no,,,,0,1,no,yes,190,not started,0,,
1335,Weld S156 15x10 Ventura 6 Drag 6x139.7 ET38 BS7.00 Gloss BLK MIL DIA 106.1,aftermarket,Brand New,P4,,no,,,,0,1,no,yes,196,not started,0,,
1336,Weld S156 17x10 Ventura 6 Drag 6x135 ET42 BS7.25 Gloss BLK MIL DIA 87.1,aftermarket,Brand New,P4,,no,,,,0,1,no,yes,193,not started,0,,
1337,Weld S156 20x7 Ventura 6 Drag 6x139.7 ET13 BS4.50 Gloss BLK MIL DIA 106.1,aftermarket,Brand New,P4,,no,,,,0,1,no,yes,195,not started,0,,
1338,Weld S71 15x10.33 / 5x4.5 BP / 7.5in. BS Black Wheel (Medium Pad) - Black Single Beadlock MT,aftermarket,Brand New,P5,,no,,,,0,3,no,yes,659,not started,0,,
1339,Wilwood 07-18 Chevy Silverado/GMC Sierra Aero6-DM Front Brake Kit - D&S - Red,brakes,Brand New,P3,brake-kit,yes,derived,unconfirmed,brakes,0,7,no,yes,199,original text kept; sections added from the listing's own statements,0,package contents; fitment,batch-2
1340,Wilwood 10:1 Pedal Assembly Dual M/C (M/C Not Included),interior,Brand New,P4,,no,,,,0,1,no,yes,177,not started,0,,
1341,Wilwood 19-21 Chevy Silverado/GMC Sierra Aero6-DM Front Brake Kit - D&S,brakes,Brand New,P3,brake-kit,yes,derived,unconfirmed,brakes,0,1,no,yes,193,original text kept; sections added from the listing's own statements,0,package contents; fitment; specifications,batch-2
1342,Wilwood 570 Brake Fluid - 6 Pack 12 oz Bottles,brakes,Brand New,P4,,no,,,,0,1,no,yes,168,not started,0,,
1343,Wilwood 63-70 Chevrolet C10 2.5in Drop Pro Spindle Kit,engine,Brand New,P4,,no,,,,0,2,no,yes,176,not started,0,,
1344,Wilwood 63-87 Chevy C10 Narrow Superlite 6R Front Brake Kit Drilled & Slotted 12.19in Rotors - Red,brakes,Brand New,P3,brake-kit,yes,derived,unconfirmed,brakes,0,2,no,yes,220,original text kept; sections added from the listing's own statements,0,package contents; fitment; specifications,batch-2
1345,Wilwood 71-87 Chevrolet C10 2.5in Drop Pro Spindle Kit,engine,Brand New,P4,,no,,,,0,2,no,yes,176,not started,0,,
1346,Wilwood 88-98 Chevrolet C1500 2in Drop Pro Spindle Kit,engine,Brand New,P4,,no,,,,0,2,no,yes,234,not started,0,,
1347,Wilwood 99-06 Chevy Silverado/GMC Sierra Aero6-DM Front Brake Kit - D&S,brakes,Brand New,P3,brake-kit,yes,derived,unconfirmed,brakes,0,1,no,yes,193,original text kept; sections added from the listing's own statements,0,package contents; fitment; specifications,batch-2
1348,Wilwood 99-06 Chevy Silverado/GMC Sierra Aero6-DM Front Brake Kit - D&S - Red,brakes,Brand New,P3,brake-kit,yes,derived,unconfirmed,brakes,0,2,no,yes,199,original text kept; sections added from the listing's own statements,0,package contents; fitment; specifications,batch-2
1349,Wilwood 99-18 Chevy Silverado/GMC Sierra 16x1.25 D&S Rotor TX4R 4 Piston Rear Brake Kit - Red,brakes,Brand New,P3,brake-kit,yes,derived,unconfirmed,brakes,0,2,no,yes,215,original text kept; sections added from the listing's own statements,0,package contents; fitment; specifications,batch-2
1350,"Wilwood Adjustable Balance Bar Brake, Clutch, Throttle - Floor Mount - 4.75-5.75:1",interior,Brand New,P4,,no,,,,0,1,no,yes,204,not started,0,,
1351,Wilwood Adjustable Dual Pedal - Brake / Clutch - Fwd. Swing Mount - 6.25:1,interior,Brand New,P5,,no,,,,0,1,no,yes,1127,not started,0,,
1352,Wilwood Adjustable Dual Pedal - Brake / Clutch - Rev. Swing Mount - 5.1:1,interior,Brand New,P5,,no,,,,0,1,no,yes,1124,not started,0,,
1353,Wilwood Adjustable Dual Pedal - Brake / Clutch - Rev. Swing Mount - 6.25:1,interior,Brand New,P5,,no,,,,0,1,no,yes,1126,not started,0,,
1354,Wilwood Adjustable Single Clutch Pedal - Floor Mount - 5.25-6:1,interior,Brand New,P4,,no,,,,0,1,no,yes,185,not started,0,,
1355,Wilwood Adjustable Single Pedal - Floor Mount - 6:1,interior,Brand New,P5,,yes,derived,stated,,0,1,no,yes,741,original text kept; sections added from the listing's own statements,1,fitment; specifications,batch-2 (stated only)
1356,Wilwood Adjustable Single Pedal - Reverse Mount - 6:1,interior,Brand New,P5,,yes,derived,stated,,0,1,no,yes,746,original text kept; sections added from the listing's own statements,1,fitment; specifications,batch-2 (stated only)
1357,Wilwood Adjustable-Tandem Dual Pedal - Brake / Clutch - Fwd. Swing Mount - 6.25:1 - Black E-Coat,interior,Brand New,P5,,yes,derived,stated,,0,2,no,yes,1037,original text kept; sections added from the listing's own statements,1,fitment; specifications,batch-2 (stated only)
1358,Wilwood Adjustable-Tandem Dual Pedal - Brake / Clutch - Fwd. Swing Mount - 7.0:1 - Black E-Coat,interior,Brand New,P5,,yes,derived,stated,,0,2,no,yes,1036,original text kept; sections added from the listing's own statements,1,fitment; specifications,batch-2 (stated only)
1359,Wilwood AERO4 Rear P-Brake Kit 14.00in Drilled Red Chevy C-10 2.42 Offset 5-lug,brakes,Brand New,P3,brake-kit,yes,derived,unconfirmed,brakes,0,2,yes,yes,2954,original text kept; sections added from the listing's own statements,0,package contents; specifications,batch-2
1360,Wilwood AERO4 RearTruck Kit 14.25in Drill Red 1999-2010 GM 1500-SUV 1 Piston OE Caliper,brakes,Brand New,P3,brake-kit,yes,derived,unconfirmed,brakes,0,2,yes,yes,3173,original text kept; sections added from the listing's own statements,0,package contents; specifications,batch-2
1361,Wilwood AERO4 RearTruck Kit 14.25in Drilled 1999-2010 GM 1500-SUV 1 Piston OE Caliper,brakes,Brand New,P3,brake-kit,yes,derived,unconfirmed,brakes,0,1,yes,yes,3171,original text kept; sections added from the listing's own statements,0,package contents; specifications,batch-2
1362,Wilwood AERO6 Front Truck Kit 14.25in Drill Red 1999-2014 GM Truck/SUV 1500,brakes,Brand New,P3,brake-kit,yes,derived,unconfirmed,brakes,0,2,yes,yes,3716,original text kept; sections added from the listing's own statements,0,package contents; specifications,batch-2
1363,Wilwood AERO6 Front Truck Kit 14.25in Drilled 1999-2014 GM Truck/SUV 1500,brakes,Brand New,P3,brake-kit,yes,derived,unconfirmed,brakes,0,1,yes,yes,3714,original text kept; sections added from the listing's own statements,0,package contents; specifications,batch-2
1364,Wilwood Aluminum Master Cylinder - .700in Bore,brakes,Brand New,P5,,no,,,,0,1,no,yes,456,not started,0,,
1365,Wilwood Aluminum Master Cylinder - 3/4in Bore,brakes,Brand New,P5,,no,,,,0,2,no,yes,455,not started,0,,
1366,Wilwood Aluminum Master Cylinder - 5/8in Bore,brakes,Brand New,P5,,no,,,,0,2,no,yes,455,not started,0,,
1367,Wilwood Compact Remote Aluminum Master Cylinder - .625in Bore,brakes,Brand New,P5,,no,,,,0,1,no,yes,684,not started,0,,
1368,Wilwood Compact Tandem Master Cylinder - 1.12in Bore - w/Pushrod (Black),brakes,Brand New,P4,,no,,,,0,2,no,yes,269,not started,0,,
1369,Wilwood Compact Tandem Master Cylinder - 1in Bore - (Black),brakes,Brand New,P4,,no,,,,0,3,no,yes,254,not started,0,,
1370,Wilwood Compact Tandem Master Cylinder - 1in Bore - w/Pushrod (Black),brakes,Brand New,P4,,no,,,,0,3,no,yes,266,not started,0,,
1371,Wilwood D154 P/S P-B Kit Drilled-Red Chevy C-10 2.42 Offset 5-lug,brakes,Brand New,P3,brake-kit,yes,derived,unconfirmed,brakes,0,1,yes,yes,3006,original text kept; sections added from the listing's own statements,0,package contents; specifications,batch-2
1372,Wilwood D154 P/S Park Brake Kit Drilled Chevy C-10 2.42 Offset 5-lug,brakes,Brand New,P3,brake-kit,yes,derived,unconfirmed,brakes,0,1,yes,yes,3009,original text kept; sections added from the listing's own statements,0,package contents; specifications,batch-2
1373,Wilwood D8-4 Front Caliper Kit Clear Corvette C2 / C3 65-82,brakes,Brand New,P3,brake-kit,yes,derived,unconfirmed,brakes,0,0,no,no,181,original text kept; sections added from the listing's own statements,0,package contents; fitment; specifications,batch-2
1374,Wilwood D8-4 Front Caliper Kit Red Corvette C2 / C3 65-82,brakes,Brand New,P3,brake-kit,yes,derived,unconfirmed,brakes,0,0,no,no,179,original text kept; sections added from the listing's own statements,0,package contents; fitment; specifications,batch-2
1375,Wilwood D8-4 Rear Caliper Kit Black Corvette C2 / C3 65-82,brakes,Brand New,P3,brake-kit,yes,derived,unconfirmed,brakes,0,0,no,no,180,original text kept; sections added from the listing's own statements,0,package contents; fitment; specifications,batch-2
1376,Wilwood D8-4 Rear Caliper Kit Red Corvette C2 / C3 65-82,brakes,Brand New,P3,brake-kit,yes,derived,unconfirmed,brakes,0,0,no,no,178,original text kept; sections added from the listing's own statements,0,package contents; fitment; specifications,batch-2
1377,Wilwood D8-6 Front Caliper Kit Clear Corvette C2 / C3 65-82,brakes,Brand New,P3,brake-kit,yes,derived,unconfirmed,brakes,0,0,no,no,181,original text kept; sections added from the listing's own statements,0,package contents; fitment; specifications,batch-2
1378,Wilwood Dynapro 6 Front Hub Kit 12.19in Drilled 67-69 Camaro (*Line Kit Needed*),brakes,Brand New,P3,brake-kit,yes,derived,unconfirmed,brakes,0,1,yes,yes,2403,original text kept; sections added from the listing's own statements,0,package contents; specifications,batch-2
1379,Wilwood Dynapro 6 Front Hub Kit 12.19in Drilled Red 67-69 Camaro (*Line Kit Needed*),brakes,Brand New,P3,brake-kit,yes,derived,unconfirmed,brakes,0,2,yes,yes,2407,original text kept; sections added from the listing's own statements,0,package contents; specifications,batch-2
1380,Wilwood Dynapro 6 Front Kit 11.75 Rotor Black 57-67 Ford F100,brakes,Brand New,P3,brake-kit,yes,derived,unconfirmed,brakes,0,2,no,yes,936,original text kept; sections added from the listing's own statements,1,package contents; fitment; specifications,batch-2
1381,Wilwood Dynapro 6 Front Kit 11.75 Rotor Black 68-72 Ford F100,brakes,Brand New,P3,brake-kit,yes,derived,unconfirmed,brakes,0,2,no,yes,937,original text kept; sections added from the listing's own statements,1,package contents; fitment; specifications,batch-2
1382,Wilwood Dynapro 6 Front Kit 11.75 Rotor Red 68-72 Ford F100,brakes,Brand New,P3,brake-kit,yes,derived,unconfirmed,brakes,0,2,no,yes,935,original text kept; sections added from the listing's own statements,1,package contents; fitment; specifications,batch-2
1383,Wilwood Dynapro Low-Profile 11.00in P-Brake Kit Drill-Red Chevy 12 Bolt 2.75in Off w/ C-Clips,brakes,Brand New,P3,brake-kit,yes,derived,unconfirmed,brakes,0,1,no,yes,948,original text kept; sections added from the listing's own statements,0,package contents; fitment; specifications,batch-2
1384,Wilwood Dynapro Low-Profile 11.00in P-Brake Kit Drilled Chevy 12 Bolt 2.75in Off w/ C-Clips,brakes,Brand New,P3,brake-kit,yes,derived,unconfirmed,brakes,0,1,no,yes,946,original text kept; sections added from the listing's own statements,0,package contents; fitment; specifications,batch-2
1385,Wilwood Dynapro Low-Profile 11.00in P-Brake Kit Drilled New Big Ford 2.50in Offset,brakes,Brand New,P3,brake-kit,yes,derived,unconfirmed,brakes,0,1,no,yes,937,original text kept; sections added from the listing's own statements,0,package contents; fitment; specifications,batch-2
1386,Wilwood Electronic Parking Brake Caliper Harness Wiring,brakes,Brand New,P4,,no,,,,0,1,no,yes,177,not started,0,,
1387,Wilwood Electronic Parking Brake Rear Retrofit Brake Kit - Black Powder Coat Caliper,brakes,Brand New,P3,brake-kit,yes,derived,unconfirmed,brakes,0,2,no,yes,206,original text kept; sections added from the listing's own statements,0,package contents; fitment; specifications,batch-2
1388,Wilwood Electronic Parking Brake Rear Retrofit Kit - 0.810in Rotor Black,brakes,Brand New,P3,brake-kit,yes,derived,unconfirmed,brakes,0,2,no,yes,194,original text kept; sections added from the listing's own statements,0,package contents; fitment; specifications,batch-2
1389,Wilwood Forged Dynalite Front Drag Kit Drilled Rotor 87-93 Mustang 84-86 SVO 5 Lug,brakes,Brand New,P3,brake-kit,yes,derived,unconfirmed,brakes,0,1,yes,yes,990,original text kept; sections added from the listing's own statements,0,package contents; specifications,batch-2
1390,Wilwood Forged Dynalite Front Kit 11.00in 67-69 Camaro 64-72 Nova Chevelle,brakes,Brand New,P3,brake-kit,yes,derived,unconfirmed,brakes,0,1,yes,yes,2899,original text kept; sections added from the listing's own statements,2,package contents; specifications,batch-2
1391,Wilwood Forged Dynalite Front Kit 11.00in Drill-Red 67-69 Camaro 64-72 Nova Chevelle,brakes,Brand New,P3,brake-kit,yes,derived,unconfirmed,brakes,0,1,yes,yes,2909,original text kept; sections added from the listing's own statements,2,package contents; specifications,batch-2
1392,Wilwood Forged Dynalite Front Kit 11.00in Drilled 67-69 Camaro 64-72 Nova Chevelle,brakes,Brand New,P3,brake-kit,yes,derived,unconfirmed,brakes,0,1,yes,yes,2907,original text kept; sections added from the listing's own statements,2,package contents; specifications,batch-2
1393,Wilwood Forged Dynalite Front Kit 11.00in Drilled Red 87-93 Mustang 5 Lug,brakes,Brand New,P3,brake-kit,yes,derived,unconfirmed,brakes,0,2,yes,yes,979,original text kept; sections added from the listing's own statements,1,package contents; specifications,batch-2
1394,Wilwood Forged Dynalite Front Kit 12.19in Drilled Red 67-69 Camaro 64-72 Nova Chevelle,brakes,Brand New,P3,brake-kit,yes,derived,unconfirmed,brakes,0,2,yes,yes,2412,original text kept; sections added from the listing's own statements,0,package contents; specifications,batch-2
1395,Wilwood Forged Dynalite P/S P-B Kit Drilled-Red Chevy 12 Bolt w/ C-Clips,brakes,Brand New,P3,brake-kit,yes,derived,unconfirmed,brakes,0,1,no,yes,807,original text kept; sections added from the listing's own statements,0,package contents; fitment; specifications,batch-2
1396,Wilwood Forged Dynalite P/S Park Brake Kit Drill-Red Impala 59-64 / Corvette 57-62,brakes,Brand New,P3,brake-kit,yes,derived,unconfirmed,brakes,0,1,yes,yes,904,original text kept; sections added from the listing's own statements,0,package contents; specifications,batch-2
1397,Wilwood Forged Dynalite P/S Park Brake Kit Drilled 12 Bolt 2.75in offset Staggered Shock,brakes,Brand New,P3,brake-kit,yes,derived,unconfirmed,brakes,0,1,no,yes,823,original text kept; sections added from the listing's own statements,0,package contents; fitment; specifications,batch-2
1398,Wilwood Forged Dynalite P/S Park Brake Kit Drilled Chevy 12 Bolt w/ C-Clips,brakes,Brand New,P3,brake-kit,yes,derived,unconfirmed,brakes,0,1,no,yes,810,original text kept; sections added from the listing's own statements,0,package contents; fitment; specifications,batch-2
1399,Wilwood Forged Dynalite P/S Park Brake Kit Drilled Chevy C-10 2.42 Offset 5-lug,brakes,Brand New,P3,brake-kit,yes,derived,unconfirmed,brakes,0,1,yes,yes,2963,original text kept; sections added from the listing's own statements,0,package contents; specifications,batch-2
1400,Wilwood Forged Dynalite P/S Park Brake Kit Drilled New Big Ford 2.50in Offset,brakes,Brand New,P3,brake-kit,yes,derived,unconfirmed,brakes,0,1,no,yes,812,original text kept; sections added from the listing's own statements,0,package contents; fitment; specifications,batch-2
1401,Wilwood Forged Dynalite P/S Park Brake Kit Drilled Red 12 Bolt 2.75in offset Staggered Shock,brakes,Brand New,P3,brake-kit,yes,derived,unconfirmed,brakes,0,2,no,yes,827,original text kept; sections added from the listing's own statements,0,package contents; fitment; specifications,batch-2
1402,Wilwood Forged Dynalite P/S Park Brake Kit Drilled Red BOP Axle 2.75in Bearing 2.75 Offset,brakes,Brand New,P3,brake-kit,yes,derived,unconfirmed,brakes,0,2,no,yes,825,original text kept; sections added from the listing's own statements,0,package contents; fitment; specifications,batch-2
1403,Wilwood Forged Dynalite P/S Park Brake Kit Drilled Red Chevy C-10 2.42 Offset 5-lug,brakes,Brand New,P3,brake-kit,yes,derived,unconfirmed,brakes,0,2,yes,yes,2967,original text kept; sections added from the listing's own statements,0,package contents; specifications,batch-2
1404,Wilwood Forged Dynalite-M Front Kit 11.00in 1 PC Rotor&Hub Red 67-69 Camaro 64-72 Nova Chevelle,brakes,Brand New,P3,brake-kit,yes,derived,unconfirmed,brakes,0,2,yes,yes,3092,original text kept; sections added from the listing's own statements,1,package contents; specifications,batch-2
1405,Wilwood Forged Dynalite-M Front Kit 11.30in 1 PC Rotor&Hub 1970-1973 Mustang Disc & Drum Spindle,brakes,Brand New,P3,brake-kit,yes,derived,unconfirmed,brakes,0,1,yes,yes,2051,original text kept; sections added from the listing's own statements,1,package contents; specifications,batch-2
1406,Wilwood Forged Dynalite-M Front Kit 11.30in 1 PC Rotor&Hub Drill-Red 1965-1969 Mustang Disc & Drum,brakes,Brand New,P3,brake-kit,yes,derived,unconfirmed,brakes,0,1,yes,yes,1849,original text kept; sections added from the listing's own statements,1,package contents; specifications,batch-2
1407,Wilwood Forged Dynalite-M Front Kit 11.30in 1 PC Rotor&Hub Red 1965-1969 Mustang Disc & Drum Spindle,brakes,Brand New,P3,brake-kit,yes,derived,unconfirmed,brakes,0,2,yes,yes,1851,original text kept; sections added from the listing's own statements,1,package contents; specifications,batch-2
1408,Wilwood Forged Dynalite-M Front Kit 11.30in 1 PC Rotor&Hub-Drill 65-69 Mustang Disc & Drum Spindle,brakes,Brand New,P3,brake-kit,yes,derived,unconfirmed,brakes,0,1,yes,yes,1849,original text kept; sections added from the listing's own statements,1,package contents; specifications,batch-2
1409,Wilwood High Volume Aluminum Master Cylinder - 3/4in Bore,brakes,Brand New,P5,,no,,,,0,2,no,yes,799,not started,0,,
1410,Wilwood High Volume Tandem Master Cylinder - 1 1/8in Bore,brakes,Brand New,P5,,yes,derived,listed,,1,2,no,yes,1297,original text kept; sections added from the listing's own statements,0,fitment; specifications,batch-2 (stated only)
1411,Wilwood High Volume Tandem Master Cylinder - 1 1/8in Bore Ball Burnished,brakes,Brand New,P5,,yes,derived,listed,,1,2,no,yes,1312,original text kept; sections added from the listing's own statements,0,fitment; specifications,batch-2 (stated only)
1412,Wilwood High Volume Tandem Master Cylinder - 1 1/8in Bore Black,brakes,Brand New,P5,,yes,derived,listed,,1,3,no,yes,1303,original text kept; sections added from the listing's own statements,0,fitment,batch-2 (stated only)
1413,Wilwood High Volume Tandem Master Cylinder - 15/16in Bore Black-W/Pushrod,brakes,Brand New,P5,,yes,derived,listed,,1,2,no,yes,1055,original text kept; sections added from the listing's own statements,0,fitment; specifications,batch-2 (stated only)
1414,Wilwood High Volume Tandem Master Cylinder - 7/8in Bore Black-W/Pushrod,brakes,Brand New,P5,,yes,derived,listed,,1,3,no,yes,1053,original text kept; sections added from the listing's own statements,0,fitment,batch-2 (stated only)
1415,Wilwood Narrow Superlite 4R Rear P-Brk Kit 12.88in Drilled Big Ford New Style 2.50in Offset,brakes,Brand New,P3,brake-kit,yes,derived,unconfirmed,brakes,0,1,no,yes,844,original text kept; sections added from the listing's own statements,0,package contents; fitment; specifications,batch-2
1416,Wilwood Narrow Superlite 4R Rear P-Brk Kit 12.88in Drilled Red Chevy C-10 2.42 Offset 5-lug,brakes,Brand New,P3,brake-kit,yes,derived,unconfirmed,brakes,0,2,yes,yes,2993,original text kept; sections added from the listing's own statements,0,package contents; specifications,batch-2
1417,Wilwood Narrow Superlite 4R-MC4 Red Rear Kit 12.88in Drilled Rotor 88-96 Chevy Corvette C4,brakes,Brand New,P3,brake-kit,yes,derived,unconfirmed,brakes,0,2,no,yes,821,original text kept; sections added from the listing's own statements,0,package contents; fitment; specifications,batch-2
1418,Wilwood Narrow Superlite 6R Front Hat Kit 14.00 63-87 C10 w/ Wilwood Pro Spindles,brakes,Brand New,P3,brake-kit,yes,derived,unconfirmed,brakes,0,0,no,no,203,original text kept; sections added from the listing's own statements,0,package contents; fitment; specifications,batch-2
1419,Wilwood Narrow Superlite 6R Front Hub & 1PC Rtr Kit 12.88in Dril -Red 67-69 Camaro 64-72 Nova,brakes,Brand New,P3,brake-kit,yes,derived,unconfirmed,brakes,0,1,yes,yes,2468,original text kept; sections added from the listing's own statements,0,package contents; specifications,batch-2
1420,Wilwood Narrow Superlite 6R Front Hub & 1PC Rtr Kit 12.88in Dril 67-69 Camaro 64-72 Nova Chevelle,brakes,Brand New,P3,brake-kit,yes,derived,unconfirmed,brakes,0,1,yes,yes,2472,original text kept; sections added from the listing's own statements,0,package contents; specifications,batch-2
1421,Wilwood Narrow Superlite 6R Front Hub Kit 13.06in Drilled Chevy C-10 60-87 CPP Drop Spindle,brakes,Brand New,P3,brake-kit,yes,derived,unconfirmed,brakes,0,0,no,no,213,original text kept; sections added from the listing's own statements,0,package contents; fitment; specifications,batch-2
1422,Wilwood Narrow Superlite 6R Front Hub Kit 14.00in Drill Red 67-69 Camaro 64-72 Nova Chevelle,brakes,Brand New,P3,brake-kit,yes,derived,unconfirmed,brakes,0,2,yes,yes,2429,original text kept; sections added from the listing's own statements,0,package contents; specifications,batch-2
1423,Wilwood Narrow Superlite 6R Front Hub Kit 14.00in Drill Red Chevy C-10 60-87 CPP Drop Spindle,brakes,Brand New,P3,brake-kit,yes,derived,unconfirmed,brakes,0,0,no,no,215,original text kept; sections added from the listing's own statements,0,package contents; fitment; specifications,batch-2
1424,Wilwood Narrow Superlite 6R Front Hub Kit 14.00in Drilled 67-69 Camaro 64-72 Nova Chevelle,brakes,Brand New,P3,brake-kit,yes,derived,unconfirmed,brakes,0,1,yes,yes,2427,original text kept; sections added from the listing's own statements,0,package contents; specifications,batch-2
1425,Wilwood Rotor Kit Front/Rear-Drilled 65-82 Corvette C2/C3 (1Pc Rotors),brakes,Brand New,P3,brake-kit,yes,derived,unconfirmed,brakes,0,0,no,no,192,original text kept; sections added from the listing's own statements,0,package contents; fitment; specifications,batch-2
1426,Wilwood Rotor Kit Rear-Drilled 65-82 Corvette C2/C3 (1Pc Rotors),brakes,Brand New,P3,brake-kit,yes,derived,unconfirmed,brakes,0,0,no,no,186,original text kept; sections added from the listing's own statements,0,package contents; fitment; specifications,batch-2
1427,Wilwood Spindle Kit Pair 64-74 GM AFX body 2.00in Drop,body-parts,Brand New,P4,,no,,,,0,1,no,yes,176,not started,0,,
1428,Wilwood Spindle Kit Pair w/ Hub & Steering Arm 63-70 C10 Pickup 2.50in Drop,engine,Brand New,P4,,no,,,,0,1,no,yes,197,not started,0,,
1429,Wilwood WWE Pro Spindle 71-80 Pinto/Must II w/ 2in drop W/ Steering Arm,engine,Brand New,P4,,no,,,,0,2,no,yes,193,not started,0,,
1430,Wiseco Boostline Rods,aftermarket,Brand New,P5,,no,,,,0,0,no,no,1341,not started,0,,
1431,Wiseco L83 Drop in Pistons,engine,Brand New,P4,,no,,,,0,0,no,no,148,not started,0,,
185,Bilstein Suspension,aftermarket,Used Like New,P5,,no,,,,0,0,yes,no,397,not started,0,,
184,ARB Classic Plus Canopy for 2016 Toyota Hilux Dual Cab,aftermarket,Used Like New,P5,,no,,,,0,1,yes,no,551,not started,0,,
183,White Leer Cab High 100XR Shell,aftermarket,Used,P5,,no,,,,0,1,yes,no,477,not started,0,,
182,Ute Canopy,aftermarket,Used,P5,,no,,,,0,1,yes,no,421,not started,0,,
181,Metal Camper Shell Topper Canopy Bed Cap For F150 5.5 Ft 2015 to 2020,aftermarket,Used,P5,,no,,,,0,1,yes,no,531,not started,0,,
180,Leer Camper Shell,aftermarket,Used,P5,,no,,,,0,1,yes,no,433,not started,0,,
179,Leer 100XR,aftermarket,Used,P5,,no,,,,0,1,yes,no,449,not started,0,,
178,EOI 1200 Black Canopy,aftermarket,Used,P5,,no,,,,0,1,yes,no,428,not started,0,,
177,Canopy,aftermarket,Used,P5,,no,,,,0,2,no,no,442,not started,0,,
176,Camper Shell Snugtop,aftermarket,Used,P5,,no,,,,0,1,yes,no,457,not started,0,,
175,Aluminum Canopy,aftermarket,Used,P5,,no,,,,0,2,no,no,444,not started,0,,
174,Alloy Ute Canopy,aftermarket,Used,P5,,no,,,,0,2,yes,no,457,not started,0,,
173,1500 mm Aluminum Canopy,aftermarket,Used,P5,,no,,,,0,2,yes,no,485,not started,0,,
2116,"Tough Dog 2"" Lift Kit for GWM Tank 300 — 40mm 9-Stage Adjustable Foam Cell",suspension,Brand New,P3,suspension-kit,yes,derived,partial,suspension,7,5,yes,no,1239,original text kept; sections added from the listing's own statements,1,remaining contents not confirmed,batch-2
