priority,risk,id,name,category,price_usd,current_label,label_source,reason,freight_notes
1,possible false negative,227,2014 - 2018 GM 1500 L87 Swap kit,turbocharger,6380.00,parcel,category,"parcel by category or name, but the name reads as a bulky item",
1,possible false negative,4262,BD Diesel High Power Injection Pump P7100 400hp 3200rpm Dodge Cummins 5-speed Manual Transmission 1996–1998 — 1052913,engine,3660.00,parcel,listing,notes say parcel but the name reads as a bulky item,Ships as a parcel.
1,possible false negative,4263,BD Diesel High Power Injection Pump P7100 400hp 3200rpm Dodge Cummins Automatic Transmission 1996–1998 — 1052911,engine,3585.00,parcel,listing,notes say parcel but the name reads as a bulky item,Ships as a parcel.
1,possible false negative,4265,BD Diesel High Power Injection Pump P7100 300hp 3000rpm Dodge Cummins Automatic Transmission 1996–1998 — 1051911,engine,2720.00,parcel,listing,notes say parcel but the name reads as a bulky item,Ships as a parcel.
1,possible false negative,4264,BD Diesel High Power Injection Pump P7100 300hp 3000rpm Dodge Cummins 5-speed Manual Transmission 1996–1998 — 1051913,engine,2585.00,parcel,listing,notes say parcel but the name reads as a bulky item,Ships as a parcel.
1,possible false negative,4266,BD Diesel High Power Injection Pump P7100 300hp 3000rpm Dodge Cummins Automatic Transmission 1994–1995 — 1051854,engine,2585.00,parcel,listing,notes say parcel but the name reads as a bulky item,Ships as a parcel.
1,possible false negative,4267,BD Diesel High Power Injection Pump P7100 300hp 3000rpm Dodge Cummins 5-speed Manual Transmission 1994–1995 — 1051841,engine,2585.00,parcel,listing,notes say parcel but the name reads as a bulky item,Ships as a parcel.
1,possible false negative,4271,BD Diesel P7100 Stock Exchange injection Pump Dodge Cummins 5-speed Manual Transmission 1994–1995 — 1050841,engine,2260.00,parcel,listing,notes say parcel but the name reads as a bulky item,Ships as a parcel.
1,possible false negative,4268,BD Diesel P7100 Stock Exchange injection Pump Dodge Cummins 5-speed Manual Transmission 1996–1998 — 1050913,engine,2250.00,parcel,listing,notes say parcel but the name reads as a bulky item,Ships as a parcel.
1,possible false negative,4270,BD Diesel P7100 Stock Exchange injection Pump Dodge Cummins Automatic Transmission 1994–1995 — 1050854,engine,2205.00,parcel,listing,notes say parcel but the name reads as a bulky item,Ships as a parcel.
1,possible false negative,4269,BD Diesel P7100 Stock Exchange injection Pump Dodge Cummins Automatic Transmission 1996–1998 — 1050911,engine,2140.00,parcel,listing,notes say parcel but the name reads as a bulky item,Ships as a parcel.
1,possible false negative,707,Injector Dynamics 2600-XDS Injectors - 60mm Length - 14mm Top - 14mm Bottom Adapter (Set of 8),engine,2005.00,parcel,category,"parcel by category, but the price suggests a large assembly",
1,possible false negative,2582,Mishimoto Performance Intercooler Kit — 2019–2026 Ram 6.7L Cummins — MMINT-RAM-19KSLP,engine,1850.00,parcel,listing,notes say parcel but the name reads as a bulky item,Ships as a parcel.
1,possible false negative,2583,"Mishimoto Performance Intercooler Kit with Piping, Black — 2010–2012 Ram 6.7L Cummins — MMINT-RAM-10KBK",engine,1525.00,parcel,listing,notes say parcel but the name reads as a bulky item,Ships as a parcel.
1,possible false negative,2413,"Mishimoto Performance Intercooler Kit with Pipes, Silver — 2007.5–2009 Dodge Ram 6.7L Cummins — MMINT-RAM-07KSL",engine,1345.00,parcel,listing,notes say parcel but the name reads as a bulky item,Ships as a parcel.
1,possible false negative,2414,"Mishimoto Performance Intercooler Kit with Pipes, Silver — 2003–2007 Dodge Ram 5.9L Cummins — MMINT-RAM-03KSL",engine,1295.00,parcel,listing,notes say parcel but the name reads as a bulky item,Ships as a parcel.
1,possible false negative,1065,Stainless Works 16-21 Camaro SS 3in Redline Factory Connect Axle Back w/Valve - 4in Quad Black Tips,engine,1075.00,parcel,category,"parcel by category or name, but the name reads as a bulky item",
1,possible false negative,4046,BD Diesel Transmission Geartrain Dodge 48RE 6-pin 2003–2007 — 1030342,transmission,665.00,parcel,listing,notes say parcel but the name reads as a bulky item,Ships as a parcel.
1,possible false negative,2691,"XDP Stock+ Power Steering Gearbox, New — 2003–2008 Dodge Ram 2500 / 3500 4WD — XD750",suspension,620.00,parcel,listing,notes say parcel but the name reads as a bulky item,Ships as a parcel.
1,possible false positive,680,Gen V LT4 All Inclusive Mid-Mount Serpentine System,engine,1350.00,freight,category,"freight by category, but the name or price suggests a component that may ship as a parcel",
1,possible false positive,728,L83 / L86 Top Mount Power steering Accessory Drive,engine,525.00,freight,category,"freight by category, but the name or price suggests a component that may ship as a parcel",
1,possible false positive,236,60-87 C10 Drivetrain Mount kit,engine,155.00,freight,category,"freight by category, but the name or price suggests a component that may ship as a parcel",
1,possible false positive,1429,Wilwood WWE Pro Spindle 71-80 Pinto/Must II w/ 2in drop W/ Steering Arm,engine,145.00,freight,category,"freight by category, but the name or price suggests a component that may ship as a parcel",
1,possible false positive,1075,Stainless Works Smooth Oval Muffler - 24in Long 2 1/2in ID Inlets Both Ends,engine,140.00,freight,category,"freight by category, but the name or price suggests a component that may ship as a parcel",
1,possible false positive,553,DeatschWerks Inline Electric Fuel Pumps 9-350,engine,130.00,freight,category,"freight by category, but the name or price suggests a component that may ship as a parcel",
1,possible false positive,765,McLeod NODular Flywheel 97-04 LS1 & LS6,transmission,130.00,freight,category,"freight by category, but the name or price suggests a component that may ship as a parcel",
1,possible false positive,235,60-72 Frame Mounts For LS and LT Mount kit,engine,125.00,freight,category,"freight by category, but the name or price suggests a component that may ship as a parcel",
1,possible false positive,1074,Stainless Works Ford 5.2L/5.0L Coyote Round Port Header 304SS Exhaust Flanges 1-7/8in Primaries,engine,125.00,freight,category,"freight by category, but the name or price suggests a component that may ship as a parcel",
1,possible false positive,412,BMR 15-18 Dodge Challenger (Auto Trans) Hellcat/Demon Driveshaft Safety Loop - Black Hammertone,engine,115.00,freight,category,"freight by category, but the name or price suggests a component that may ship as a parcel",
1,possible false positive,413,BMR 15-18 Dodge Challenger (Auto Trans) Hellcat/Demon Driveshaft Safety Loop - Red,engine,115.00,freight,category,"freight by category, but the name or price suggests a component that may ship as a parcel",
1,possible false positive,408,BMR 11-18 Dodge Challenger Motor Mount Solid Bushing Upgrade Kit - Black Anodized,engine,100.00,freight,category,"freight by category, but the name or price suggests a component that may ship as a parcel",
1,possible false positive,1526,A-Premium Front Catalytic Converter,engine,95.00,freight,category,"freight by category, but the name or price suggests a component that may ship as a parcel",
1,possible false positive,495,BMR 98-02 Chevrolet Camaro Motor Mount Kit (Steel) w/ Poly Bushings - Black Hammertone,engine,95.00,freight,category,"freight by category, but the name or price suggests a component that may ship as a parcel",
1,possible false positive,496,BMR 98-02 Chevrolet Camaro Motor Mount Kit (Steel) w/ Poly Bushings - Red,engine,95.00,freight,category,"freight by category, but the name or price suggests a component that may ship as a parcel",
1,possible false positive,1299,UMI Performance LSX Poly Engine Mounts,engine,95.00,freight,category,"freight by category, but the name or price suggests a component that may ship as a parcel",
1,possible false positive,745,MagnaFlow Stainless Steel Tru-X Pipe,engine,90.00,freight,category,"freight by category, but the name or price suggests a component that may ship as a parcel",
1,possible false positive,1973,Sonnax Zip Kit ZF8-ZIP — ZF 8HP45 / 8HP55 / 8HP70 and Chrysler 845RE,transmission,80.00,freight,category,"freight by category, but the name or price suggests a component that may ship as a parcel",
1,possible false positive,750,Manley Chevy Small Block LS-1 6.125in H Beam w/ ARP 2000 Connecting Rod *Single,engine,80.00,freight,category,"freight by category, but the name or price suggests a component that may ship as a parcel",
1,possible false positive,1971,TransGo SHIFT KIT SK 6L80 — GM 6L45 / 6L50 / 6L80 / 6L90,transmission,75.00,freight,category,"freight by category, but the name or price suggests a component that may ship as a parcel",
1,possible false positive,940,QA1 65-79 Ford F-100 Front Coil-Over Conversion Kit Engine Mounts - FE Engines,suspension,75.00,multibox,category,"multi-box by category, but the name or price suggests a single parcel",
1,possible false positive,941,QA1 65-79 Ford F-100 Front Coil-Over Conversion Kit Engine Mounts - Modular/Coyote Engines,suspension,75.00,multibox,category,"multi-box by category, but the name or price suggests a single parcel",
1,possible false positive,942,QA1 65-79 Ford F-100 Front Coil-Over Conversion Kit Engine Mounts - Windsor 5.0L Engines,suspension,75.00,multibox,category,"multi-box by category, but the name or price suggests a single parcel",
1,possible false positive,963,QA1 79-04 Ford Mustang LS K-Member Engine Mount Kit,engine,75.00,freight,category,"freight by category, but the name or price suggests a component that may ship as a parcel",
1,possible false positive,972,QA1 79-95 Ford Mustang 5.0L K-Member Engine Mount Kit,engine,75.00,freight,category,"freight by category, but the name or price suggests a component that may ship as a parcel",
1,possible false positive,494,BMR 98-02 Chevrolet Camaro Motor Mount Kit (Solid Steel) - Red,engine,60.00,freight,category,"freight by category, but the name or price suggests a component that may ship as a parcel",
1,possible false positive,743,Magnaflow 4x9 Muffler,engine,60.00,freight,category,"freight by category, but the name or price suggests a component that may ship as a parcel",
1,possible false positive,1541,Long Car and Truck Exhaust Pipes,engine,50.00,freight,category,"freight by category, but the name or price suggests a component that may ship as a parcel",
1,possible false positive,742,"MagnaFlow 4"" Round Center/Center Straight Through Performance Muffler",engine,50.00,freight,category,"freight by category, but the name or price suggests a component that may ship as a parcel",
1,possible false positive,726,Kooks GM LS Engines 1 7/8in SS LS1 Flange (Bank),engine,40.00,freight,category,"freight by category, but the name or price suggests a component that may ship as a parcel",
1,possible false positive,727,Kooks GM LSX Cylinder Heads Cometic MLS (Multi-Layer Steel) Exhaust Gaskets,engine,30.00,freight,category,"freight by category, but the name or price suggests a component that may ship as a parcel",
1,possible false positive,1300,UMI Performance Super Lube Synthetic 14oz. Grease Tube,engine,20.00,freight,category,"freight by category, but the name or price suggests a component that may ship as a parcel",
1,unconfirmed,199,GM LTX Complete Swap Drivetrain Package,engine,71795.00,freight,name,"freight because the name is a whole freight unit (truck bed, complete engine/gearbox); no freight notes on the listing",
1,unconfirmed,200,GM LT Road-Race Complete Swap Drivetrain,engine,61410.00,freight,name,"freight because the name is a whole freight unit (truck bed, complete engine/gearbox); no freight notes on the listing",
1,unconfirmed,210,Supercharged LT MAX Performance Package,engine,38250.00,freight,category,freight by category; no freight notes on the listing,
1,unconfirmed,197,GM LT Twin-Turbo Complete Drivetrain,engine,37365.00,freight,category,freight by category; no freight notes on the listing,
1,unconfirmed,211,Chevrolet 427 LS7 Complete Drivetrain Package,engine,36125.00,freight,name,"freight because the name is a whole freight unit (truck bed, complete engine/gearbox); no freight notes on the listing",
1,unconfirmed,209,Ford Coyote GT-T Twin-Turbo Drivetrain,engine,31450.00,freight,category,freight by category; no freight notes on the listing,
1,unconfirmed,207,GM LT4 New Complete Drivetrain Package,engine,27625.00,freight,name,"freight because the name is a whole freight unit (truck bed, complete engine/gearbox); no freight notes on the listing",
1,unconfirmed,684,GT 1000 Supercharged Coyote,engine,26500.00,freight,category,freight by category; no freight notes on the listing,
1,unconfirmed,685,GT 1000 Supercharged Coyote Drivetrain Package,engine,26500.00,freight,name,"freight because the name is a whole freight unit (truck bed, complete engine/gearbox); no freight notes on the listing",
1,unconfirmed,208,Ford Coyote GT-S Performance Package,engine,25500.00,freight,category,freight by category; no freight notes on the listing,
1,unconfirmed,195,Chevrolet LT4 Supercharged 6.2L Swap Crate Package,engine,23280.00,freight,category,freight by category; no freight notes on the listing,
1,unconfirmed,196,GM Gen V 6.2L Complete Swap Package,engine,19605.00,freight,category,freight by category; no freight notes on the listing,
1,unconfirmed,206,Chevrolet LT4 + TR6060 Manual Drivetrain,engine,16150.00,freight,category,freight by category; no freight notes on the listing,
1,unconfirmed,205,Ford 6.7L Powerstroke + 10-Speed Diesel Drivetrain,engine,15725.00,freight,category,freight by category; no freight notes on the listing,
1,unconfirmed,578,LS.R Engine Package,engine,15405.00,freight,category,freight by category; no freight notes on the listing,
1,unconfirmed,981,Ram Air VI 6.6L Aluminum engine Package,engine,15405.00,freight,category,freight by category; no freight notes on the listing,
1,unconfirmed,192,Ford Gen 3 Coyote Complete Drivetrain,engine,14090.00,freight,category,freight by category; no freight notes on the listing,
1,unconfirmed,733,L87 8L90 stage 3 cam ***READY TO SHIP***,engine,13560.00,freight,category,freight by category; no freight notes on the listing,
1,unconfirmed,203,Chevrolet L86 6.2L + 10L80 Drivetrain Package,engine,11475.00,freight,name,"freight because the name is a whole freight unit (truck bed, complete engine/gearbox); no freight notes on the listing",
1,unconfirmed,229,2014 - 2018 Gm Truck Supercharged LT Swap Engine Package,engine,11400.00,freight,category,freight by category; no freight notes on the listing,
1,unconfirmed,231,2019 - 2026 Gm Truck Supercharged LT Swap Engine Package,engine,11400.00,freight,category,freight by category; no freight notes on the listing,
1,unconfirmed,202,Chevrolet LSA Supercharged Drivetrain,engine,11050.00,freight,category,freight by category; no freight notes on the listing,
1,unconfirmed,198,GM 6.6L Duramax Diesel Engine,engine,10415.00,freight,category,freight by category; no freight notes on the listing,
1,unconfirmed,243,67-69 Camaro / Firebird L86 / 8L90 Swap Package,engine,10260.00,freight,category,freight by category; no freight notes on the listing,
1,unconfirmed,204,Chevrolet Gen V LT1 + 10L80 Drivetrain,engine,10200.00,freight,category,freight by category; no freight notes on the listing,
1,unconfirmed,517,Coyote Swap Ready Drivetrain package,engine,9860.00,freight,name,"freight because the name is a whole freight unit (truck bed, complete engine/gearbox); no freight notes on the listing",
1,unconfirmed,187,Chevrolet L86 6.2L + 8L90 Drivetrain Package,engine,9635.00,freight,name,"freight because the name is a whole freight unit (truck bed, complete engine/gearbox); no freight notes on the listing",
1,unconfirmed,201,Chevrolet LS3 / L99 Complete Drivetrain,engine,9350.00,freight,category,freight by category; no freight notes on the listing,
1,unconfirmed,193,Ford Gen 2 Coyote 5.0L V8 Engine,engine,9350.00,freight,category,freight by category; no freight notes on the listing,
1,unconfirmed,194,Ford 3.5L EcoBoost V6 Engine,engine,8500.00,freight,category,freight by category; no freight notes on the listing,
1,unconfirmed,911,Pitch Black Series Drivetrains,engine,8475.00,freight,category,freight by category; no freight notes on the listing,
1,unconfirmed,249,68-72 Chevelle Gen V LT L86 Swap Package,engine,8380.00,freight,category,freight by category; no freight notes on the listing,
1,unconfirmed,189,Chevrolet L83 5.3L + 8L90 Drivetrain Package,engine,7820.00,freight,name,"freight because the name is a whole freight unit (truck bed, complete engine/gearbox); no freight notes on the listing",
1,unconfirmed,186,Chevrolet L86 6.2L V8 Engine,engine,7105.00,freight,category,freight by category; no freight notes on the listing,
1,unconfirmed,508,C3 Corvette Gen V LT Automatic Swap Package,engine,6870.00,freight,category,freight by category; no freight notes on the listing,
1,unconfirmed,190,Chevrolet L84 5.3L + 8L90 Drivetrain Package,engine,6800.00,freight,name,"freight because the name is a whole freight unit (truck bed, complete engine/gearbox); no freight notes on the listing",
1,unconfirmed,247,68-72 Chevelle Gen V L83 / 6l80 / 8L90 Swap Package,engine,6510.00,freight,category,freight by category; no freight notes on the listing,
1,unconfirmed,2114,Ford 7.3L Godzilla Supercharged Engine Package,engine,6350.00,freight,category,freight by category; no freight notes on the listing,
1,unconfirmed,215,1960 - 1987 C10 Gen V LT Swap Package,engine,6165.00,freight,category,freight by category; no freight notes on the listing,
1,unconfirmed,583,Reman L86 Engine & Transmission Package,engine,5855.00,freight,category,freight by category; no freight notes on the listing,
1,unconfirmed,690,Harrop TVS2650 ENGINE KIT | LT4 | WET SUMP | DRY SUMP,engine,5020.00,freight,category,freight by category; no freight notes on the listing,
1,unconfirmed,746,Manely LS / LT H-Tuff Connecting Rod,engine,4760.00,freight,category,freight by category; no freight notes on the listing,
1,unconfirmed,1954,Toyota 35000-0W010 6-Speed Automatic Transmission (Aisin AB60F / TB-68LS) — Land Cruiser (2008–2016),transmission,4590.00,freight,category,freight by category; no freight notes on the listing,
1,unconfirmed,687,Harrop L8T L87 L86 L83 TVS2650 Supercharger KIT,engine,4560.00,freight,category,freight by category; no freight notes on the listing,
1,unconfirmed,736,LSA ENGINE KIT H2650I,engine,4560.00,freight,category,freight by category; no freight notes on the listing,
1,unconfirmed,686,Harrop 7.3 Godzilla Supercharger 2650,engine,4435.00,freight,category,freight by category; no freight notes on the listing,
1,unconfirmed,1950,"BMW 23007501757 Getrag S6S420G 6-Speed Manual Transmission, Remanufactured — M5 (E39)",transmission,4335.00,freight,category,freight by category; no freight notes on the listing,
1,unconfirmed,756,Manley LS / LT H beam Connecting Rod,engine,4165.00,freight,category,freight by category; no freight notes on the listing,
1,unconfirmed,757,Manley LS / LT H-Lite Connecting Rod,engine,4165.00,freight,category,freight by category; no freight notes on the listing,
1,unconfirmed,1945,ZF 8HP90 8-Speed Automatic Transmission — Dodge Challenger / Charger SRT Hellcat,transmission,4080.00,freight,category,freight by category; no freight notes on the listing,
1,unconfirmed,1958,"GM / Allison 10L1000 10-Speed Automatic Transmission, Remanufactured — Silverado / Sierra 2500HD–3500HD 6.6L L5P (2020–2023)",transmission,3910.00,freight,category,freight by category; no freight notes on the listing,
1,unconfirmed,191,Chevrolet LV3 4.3L V6 + 6L80 Drivetrain Package,engine,3825.00,freight,name,"freight because the name is a whole freight unit (truck bed, complete engine/gearbox); no freight notes on the listing",
1,unconfirmed,188,Chevrolet L83 5.3L V8 Engine,engine,3655.00,freight,category,freight by category; no freight notes on the listing,
1,unconfirmed,1967,"GM 8L90 8-Speed Automatic Transmission, Remanufactured — Chevrolet Corvette C7 (2015–2019)",transmission,3605.00,freight,category,freight by category; no freight notes on the listing,
1,unconfirmed,1949,Getrag 6-Speed Manual Transmission,transmission,3570.00,freight,category,freight by category; no freight notes on the listing,
1,unconfirmed,688,Harrop LSA SUPERCHARGER H2650I,engine,3330.00,freight,category,freight by category; no freight notes on the listing,
1,unconfirmed,1946,Toyota 35000-WAA10 8-Speed Automatic Transmission — GR Supra (2020–2025),transmission,3315.00,freight,category,freight by category; no freight notes on the listing,
1,unconfirmed,1959,Nissan 32010-JK41A 6-Speed Manual Transmission,transmission,3230.00,freight,category,freight by category; no freight notes on the listing,
1,unconfirmed,1961,Toyota SU003-10764 6-Speed Manual Transmission (TL701V8ACA) — GR86 (2022–2024),transmission,2720.00,freight,category,freight by category; no freight notes on the listing,
1,unconfirmed,725,Kooks 19-22 Chevrolet Silverado 1500 6.2L 1-7/8 x 3 Header & Green Catted Y-Pipe Kit,engine,2690.00,freight,category,freight by category; no freight notes on the listing,
1,unconfirmed,250,68-72 Chevelle Gen V LT1 Camaro Swap Kit,engine,2680.00,freight,category,freight by category; no freight notes on the listing,
1,unconfirmed,1953,Toyota 35000-0K130 AC60F 6-Speed Automatic Transmission — Hilux 2.8L Diesel (2016+),transmission,2635.00,freight,category,freight by category; no freight notes on the listing,
1,unconfirmed,1963,Toyota 35000-0K130 AC60F 6-Speed Automatic Transmission — Hilux Revo 2.8L Diesel (2016+),transmission,2465.00,freight,category,freight by category; no freight notes on the listing,
1,unconfirmed,1964,Ford MT82-D4 6-Speed Manual Transmission — Mustang GT 5.0L (2018–2023),transmission,2400.00,freight,category,freight by category; no freight notes on the listing,
1,unconfirmed,1955,"Aisin AWR6B45 6-Speed Automatic Transmission for Isuzu D-Max / MU-X (2012–2020, 3.0L Diesel)",transmission,2380.00,freight,category,freight by category; no freight notes on the listing,
1,unconfirmed,724,Kooks 19-22 Chevrolet Silverado 1500 6.2L 1-7/8 x 3 Header & Catted Y-Pipe Kit,engine,2355.00,freight,category,freight by category; no freight notes on the listing,
1,unconfirmed,721,Kooks 15-20 Cadillac Escalade ESV Platinum Luxury 1-7/8 x 3 Header & Green Catted Y-Pipe Kit,engine,2320.00,freight,category,freight by category; no freight notes on the listing,
1,unconfirmed,1965,Ford 10R80 10-Speed Automatic Transmission — Ranger 2.3L EcoBoost (2019–2023),transmission,2280.00,freight,category,freight by category; no freight notes on the listing,
1,unconfirmed,1948,Tremec T56 Magnum XL 6-Speed Manual Transmission Kit (700 lb-ft),transmission,2275.00,freight,category,freight by category; no freight notes on the listing,
1,unconfirmed,1962,Toyota A750F 5-Speed Automatic Transmission (35000-60D90) — Land Cruiser Prado 150 4.0L (2009–2015),transmission,2155.00,freight,category,freight by category; no freight notes on the listing,
1,unconfirmed,272,Aeromotive 86-95 Ford Mustang 5.0L - A1000 Fuel System,engine,2150.00,freight,category,freight by category; no freight notes on the listing,
1,unconfirmed,2100,Hino FD500 Complete Gearbox (Casting 33111-2271),aftermarket,2085.00,freight,name,"freight because the name is a whole freight unit (truck bed, complete engine/gearbox); no freight notes on the listing",
1,unconfirmed,755,Manley Ford 5.0L V8 Coyote 5.933in Length Pro Series I Beam Connecting Rod Set,engine,2045.00,freight,category,freight by category; no freight notes on the listing,
1,unconfirmed,1952,Toyota 33030-35A22 6-Speed Manual Transmission (RA60) — Tacoma (2005–2016),transmission,2040.00,freight,category,freight by category; no freight notes on the listing,
1,unconfirmed,738,LT1 / L86 6.2 Drop in Piston and Rod Kit,engine,2015.00,freight,category,freight by category; no freight notes on the listing,
1,unconfirmed,722,Kooks 15-20 Cadillac Escalade ESV Platinum Premium 1-7/8 x 3 Header & Catted Y-Pipe Kit,engine,1985.00,freight,category,freight by category; no freight notes on the listing,
1,unconfirmed,708,Injector Dynamics 2600-XDS Injectors - 60mm Length - 14mm Top - 14mm Lower O-Ring (Set of 8),engine,1975.00,parcel,category,parcel by category; no freight notes on the listing,
1,unconfirmed,706,Injector Dynamics 2600-XDS Injectors - 34mm Length - 14mm Top - 15mm Lower O-Ring (Set of 8),engine,1965.00,parcel,category,parcel by category; no freight notes on the listing,
1,unconfirmed,723,Kooks 15-20 Chevrolet Suburban LT LS LTZ Premier 1-7/8 x 3 Header & Catted Y-Pipe Kit,engine,1965.00,freight,category,freight by category; no freight notes on the listing,
1,unconfirmed,1115,TR6060 Transmission,transmission,1905.00,freight,category,freight by category; no freight notes on the listing,
1,unconfirmed,1331,Wegner LT4 Accessory Drive - Wet Sump,engine,1880.00,freight,category,freight by category; no freight notes on the listing,
1,unconfirmed,1951,Ford MT82 6-Speed Manual Transmission — Mustang GT 5.0L (2011–2017),transmission,1870.00,freight,category,freight by category; no freight notes on the listing,
1,unconfirmed,1069,Stainless Works 2014-18 Corvette 6.2L Headers 2in Primaries w/ High-Flow Cats X-Pipe,engine,1855.00,freight,category,freight by category; no freight notes on the listing,
1,unconfirmed,1966,GM 10L80 10-Speed Automatic Transmission — Chevrolet Camaro SS 6.2L LT1 (2019–2022),transmission,1850.00,freight,category,freight by category; no freight notes on the listing,
1,unconfirmed,214,10L80 Transmission,transmission,1850.00,freight,category,freight by category; no freight notes on the listing,
1,unconfirmed,1947,Tremec TKX 5-Speed Manual Transmission — Ford Mustang Conversions,transmission,1785.00,freight,category,freight by category; no freight notes on the listing,
1,unconfirmed,679,Gen V LT1-LT4 Billet Inlet Manifold,engine,1745.00,freight,category,freight by category; no freight notes on the listing,
1,unconfirmed,248,68-72 Chevelle Gen V L86 / L83 Swap Kit,engine,1695.00,freight,category,freight by category; no freight notes on the listing,
1,unconfirmed,1070,Stainless Works 2019+ Chevrolet Silverado 5.3/6.2 Catted Headers 1-7/8in Primaries 3in Leads X-Pipe,engine,1660.00,freight,category,freight by category; no freight notes on the listing,
1,unconfirmed,2078,BMW 1972 Automatic Transmission (ZF 3HP),transmission,1615.00,freight,category,freight by category; no freight notes on the listing,
1,unconfirmed,511,Carrillo LS / LT XD H-Beam Rods,engine,1615.00,freight,category,freight by category; no freight notes on the listing,
1,unconfirmed,1066,Stainless Works 20-21 Ford F-250/F-350 7.3L Headers 1-7/8in Primaries 3in Collectors High Flow Cats,engine,1600.00,freight,category,freight by category; no freight notes on the listing,
1,unconfirmed,1068,Stainless Works 2014-16 Chevy Silverado/GMC Sierra Headers High-Flow Cats,engine,1600.00,freight,category,freight by category; no freight notes on the listing,
1,unconfirmed,257,8L90 Transmission,transmission,1570.00,freight,category,freight by category; no freight notes on the listing,
1,unconfirmed,287,Aeromotive Brushless Spur Gear In-Tank (90 Degree) Fuel Pump w/TVS Controller - 7gpm,engine,1565.00,parcel,category,parcel by category; no freight notes on the listing,
1,unconfirmed,1071,Stainless Works 2019+ Chevrolet Silverado 5.3L Catted Headers 1-7/8in Primaries 3in Leads Y-Pipe,engine,1545.00,freight,category,freight by category; no freight notes on the listing,
1,unconfirmed,232,2019+ 8L90 Transmission,transmission,1540.00,freight,category,freight by category; no freight notes on the listing,
1,unconfirmed,246,68-69 Chevelle & Malibu Fuel System W/ Tank,engine,1540.00,freight,category,freight by category; no freight notes on the listing,
1,unconfirmed,253,70-72 Chevelle & Malibu / 70 Monte Carlo Fuel System W/ Tank,engine,1540.00,freight,category,freight by category; no freight notes on the listing,
1,unconfirmed,1064,Stainless Works 14-16 Chevy Silverado/GMC Sierra Fit 5.3L Only Header High-Flow Cats Factory Conn,engine,1515.00,freight,category,freight by category; no freight notes on the listing,
1,unconfirmed,1067,Stainless Works 2007-13 Chevy Silverado/GMC Sierra Headers 1-7/8in Primaries High-Flow Cats Y-Pipe,engine,1515.00,freight,category,freight by category; no freight notes on the listing,
1,unconfirmed,908,OBS Chevy Complete Fuel System W/ Tank,engine,1510.00,freight,category,freight by category; no freight notes on the listing,
1,unconfirmed,245,67-72 C10 Complete Fuel System W/ Rear Tank,engine,1480.00,freight,category,freight by category; no freight notes on the listing,
1,unconfirmed,254,73-87 C10 Complete Fuel System W Tank,engine,1480.00,freight,category,freight by category; no freight notes on the listing,
1,unconfirmed,286,Aeromotive Brushless Spur Gear In-Tank (90 Degree) Fuel Pump w/TVS Controller - 5gpm,engine,1425.00,parcel,category,parcel by category; no freight notes on the listing,
1,unconfirmed,732,L86 L87 L83 L84 CVF Accessory Drive,engine,1350.00,freight,category,freight by category; no freight notes on the listing,
1,unconfirmed,510,"Carrillo LS / LT Bullet H-Beam Rods - 6.125in, 1800+ HP",engine,1305.00,freight,category,freight by category; no freight notes on the listing,
1,unconfirmed,700,Injector Dynamics 1340cc Injector - 48mm Length - 14mm Top - 14mm Black Bottom Adaptor (Set of 8),engine,1290.00,parcel,category,parcel by category; no freight notes on the listing,
1,unconfirmed,703,Injector Dynamics 1340cc Injectors - 60mm Length - 14mm Purple Top - 14mm Lower O-Ring (Set of 8),engine,1290.00,parcel,category,parcel by category; no freight notes on the listing,
1,unconfirmed,1975,"XClutch Twin Sprung Clutch Kit for Toyota GR Supra (B58, 2023+ Manual)",transmission,1265.00,freight,category,freight by category; no freight notes on the listing,
1,unconfirmed,290,Aeromotive Fuel Pump - Phantom Trifekta Universal In-Tank - 450lph - 6-10in Depth,engine,1240.00,parcel,category,parcel by category; no freight notes on the listing,
1,unconfirmed,1956,"Allison 1000 Automatic Transmission, Remanufactured — Chevrolet Silverado 2500HD / 3500HD 6.6L Duramax (2001–2019)",transmission,1235.00,freight,category,freight by category; no freight notes on the listing,
1,unconfirmed,1957,"Allison 1000 Automatic Transmission, Remanufactured — GMC Sierra 2500HD / 3500HD 6.6L Duramax (2001–2019)",transmission,1235.00,freight,category,freight by category; no freight notes on the listing,
1,unconfirmed,252,6L80 Transmission,transmission,1235.00,freight,category,freight by category; no freight notes on the listing,
1,unconfirmed,513,Circle D 10L90 Torque Converter,transmission,1235.00,freight,category,freight by category; no freight notes on the listing,
1,unconfirmed,275,Aeromotive 86-98.5 Ford Mustang - A1000 Stealth Fuel System w/Tank,engine,1190.00,freight,category,freight by category; no freight notes on the listing,
1,unconfirmed,769,McLeod RXT 1200 Street Twin LS Eng 1-1/8 X 26 Ceramic/Ceramic Facing 6 Bolt Crank 168 Alum Flywheel,transmission,1180.00,parcel,category,parcel by category; no freight notes on the listing,
1,unconfirmed,752,Manley Ford 4.6L Modular/5.0L V-8 22mm Pin Forced Induction Pro Series I Beam Connecting Rod Set,engine,1150.00,freight,category,freight by category; no freight notes on the listing,
1,unconfirmed,285,Aeromotive Brushless Pro+-Series Fuel Pump External In-Line,engine,1135.00,parcel,category,parcel by category; no freight notes on the listing,
1,unconfirmed,519,"CP-Carrillo, Bullet Series Connecting Rods, Chev LS / LT, 6.125""",engine,1130.00,freight,category,freight by category; no freight notes on the listing,
1,unconfirmed,1986,Centerforce DYAD DS Twin Disc Clutch and Flywheel Kit 413234805 — Ford Mustang GT,transmission,1120.00,freight,category,freight by category; no freight notes on the listing,
1,unconfirmed,1974,Xtreme Clutch Twin Plate Clutch Kit for Nissan 350Z (VQ35DE),transmission,1095.00,freight,category,freight by category; no freight notes on the listing,
1,unconfirmed,774,McLeod RXT1200 Twin Assy LS 6 Bolt Crank 1-1/8 X 26 Spline Org Facing 168,transmission,1055.00,parcel,category,parcel by category; no freight notes on the listing,
1,unconfirmed,1073,Stainless Works Chevy Camaro 1967-69 Exhaust,engine,1045.00,freight,category,freight by category; no freight notes on the listing,
1,unconfirmed,773,McLeod RXT Twin Assy LSA & LSx 8 Bolt Crank 1-1/8 X 26 Spline Brz Facing 168,transmission,1025.00,parcel,category,parcel by category; no freight notes on the listing,
1,unconfirmed,262,Aeromotive 05-18 Chevrolet Silverado 450 Triple Drop-In Phantom System,engine,1015.00,freight,category,freight by category; no freight notes on the listing,
1,unconfirmed,1984,South Bend Stage 3 Endurance Clutch Kit SDD3250-GK — Dodge / Ram 2500 Cummins 5.9L & 6.7L (2005–2018),transmission,1010.00,freight,category,freight by category; no freight notes on the listing,
1,unconfirmed,318,Aeromotive Phantom In-Tank Fuel System,engine,1005.00,freight,category,freight by category; no freight notes on the listing,
1,unconfirmed,220,1968-72 Chevelle Catback,engine,950.00,freight,category,freight by category; no freight notes on the listing,
1,unconfirmed,1981,ACT Twin Disc XT Race Clutch Kit T2R-F05 — Ford Mustang GT (2011–2017),transmission,930.00,freight,category,freight by category; no freight notes on the listing,
1,unconfirmed,261,Aeromotive 05-18 Chevrolet Silverado 450 Dual Drop-In Phantom System,engine,930.00,freight,category,freight by category; no freight notes on the listing,
1,unconfirmed,349,ATOMIC AIRFORCE MANIFOLD LT1,engine,925.00,freight,category,freight by category; no freight notes on the listing,
1,unconfirmed,912,PWM Fuel System w/ ZL1 Fuel Pump,engine,925.00,parcel,category,parcel by category; no freight notes on the listing,
1,unconfirmed,216,1966-67 Chevelle Catback,engine,900.00,freight,category,freight by category; no freight notes on the listing,
1,unconfirmed,233,350 lph In-Line Fuel System,engine,895.00,freight,category,freight by category; no freight notes on the listing,
1,unconfirmed,317,Aeromotive Phantom 450 Dual Stealth 340 Fuel Pumps 6-10in Depth,engine,895.00,freight,category,freight by category; no freight notes on the listing,
1,unconfirmed,697,In-Tank Fuel System,engine,895.00,freight,category,freight by category; no freight notes on the listing,
1,unconfirmed,515,Circle D Gen V LT 6L80 Torque Converter,transmission,880.00,freight,category,freight by category; no freight notes on the listing,
1,unconfirmed,772,McLeod RXT Street Twin Assy LSA & LSx 8 Bolt Crank 1-1/8 X 26 Spline Org Facing 168,transmission,875.00,parcel,category,parcel by category; no freight notes on the listing,
1,unconfirmed,587,FAST LSX Manifold 103MM Gen III LS Rect Port - Black,engine,840.00,freight,category,freight by category; no freight notes on the listing,
1,unconfirmed,589,FAST LSXR Manifold 102MM LS7 Car - Black,engine,830.00,freight,category,freight by category; no freight notes on the listing,
1,unconfirmed,514,Circle D 8L90 Torque Converter,transmission,815.00,freight,category,freight by category; no freight notes on the listing,
1,unconfirmed,591,FAST LSXRt Manifold 102MM - Black,engine,810.00,freight,category,freight by category; no freight notes on the listing,
1,unconfirmed,770,McLeod RXT Clutch 86-00 Mustang LX/GT 5.0L V8 RXT1200 Heavy Duty 26 Spline,transmission,810.00,freight,category,freight by category; no freight notes on the listing,
1,unconfirmed,771,McLeod RXT Clutch Gm LS 1-1/8in X 26 Spline w/ HD Pressure Plate,transmission,810.00,freight,category,freight by category; no freight notes on the listing,
1,unconfirmed,588,FAST LSXR Manifold 102MM Gen III LS - Black,engine,785.00,freight,category,freight by category; no freight notes on the listing,
1,unconfirmed,590,FAST LSXR Manifold 102MM Rect Port - Black,engine,785.00,freight,category,freight by category; no freight notes on the listing,
1,unconfirmed,682,GM LT1 Turbo Headers: Up and Forward,engine,785.00,freight,category,freight by category; no freight notes on the listing,
1,unconfirmed,1983,South Bend Stage 2 Clutch Kit — Ford F-150 5.0L (1993–1996),transmission,755.00,freight,category,freight by category; no freight notes on the listing,
1,unconfirmed,712,Injector Dynamics ID1050X Injectors 14mm (Purple) Adaptors (Set of 8),engine,750.00,parcel,category,parcel by category; no freight notes on the listing,
1,unconfirmed,704,Injector Dynamics 2600-XDS - 2017 Maverick X3 Applications Direct Replacement No Adapters (Set of 3),engine,745.00,parcel,category,parcel by category; no freight notes on the listing,
1,unconfirmed,524,DeatschWerks 05-09 GM Truck DW400 Pump Module w/PTFE fuel lines,engine,735.00,parcel,category,parcel by category; no freight notes on the listing,
1,unconfirmed,509,Carrillo Bullet Series Pistons Coyote 5.0L Modular Stroker - Stock 4V,engine,730.00,freight,category,freight by category; no freight notes on the listing,
1,unconfirmed,518,CP CARRILLO BULLET SERIES GEN V LT PISTON SET,engine,730.00,freight,category,freight by category; no freight notes on the listing,
1,unconfirmed,267,Aeromotive 68-70 Dodge Charger Hellcat Swap Fuel Tank,engine,725.00,freight,category,freight by category; no freight notes on the listing,
1,unconfirmed,747,Manley 2018+ Ford Coyote 5.0L DOHC +1cc Dish 3.662in Bore 11:1 CR Platinum Extreme Duty Piston Set,engine,710.00,freight,category,freight by category; no freight notes on the listing,
1,unconfirmed,535,DeatschWerks 5.5L Modular Surge Tank Includes 3 DW400 Fuel Pumps,engine,685.00,freight,category,freight by category; no freight notes on the listing,
1,unconfirmed,240,61-64 Impala Radiator & Fan Kit,engine,675.00,freight,category,freight by category; no freight notes on the listing,
1,unconfirmed,1303,USA MADE 60-87 C10 Gen V LT Swap Headers,engine,675.00,freight,category,freight by category; no freight notes on the listing,
1,unconfirmed,260,Aeromotive 05-18 Chevrolet Silverado 340 Dual Drop-In Phantom System,engine,650.00,freight,category,freight by category; no freight notes on the listing,
1,unconfirmed,701,Injector Dynamics 1340cc Injector 34mm Length No Adaptor Top 14mm Up O-Ring / 14mm Low O-Ring Qty 4,engine,645.00,parcel,category,parcel by category; no freight notes on the listing,
1,unconfirmed,702,Injector Dynamics 1340cc Injector 34mm Length No Adaptor Top 14mm Up O-Ring / 14mm Low O-Ring Qty 6,engine,645.00,parcel,category,parcel by category; no freight notes on the listing,
1,unconfirmed,271,Aeromotive 82-92 Chevrolet Camaro w/Filler Neck 340 Stealth Gen 2 Fuel Tank,engine,625.00,freight,category,freight by category; no freight notes on the listing,
1,unconfirmed,579,Mid length Headers,engine,615.00,freight,category,freight by category; no freight notes on the listing,
1,unconfirmed,293,Aeromotive Fuel Pump - Universal - Phantom Dual 340 - 6-10in Depth,engine,600.00,parcel,category,parcel by category; no freight notes on the listing,
1,unconfirmed,266,Aeromotive 64-68 Ford Mustang 340 Stealth Gen 2 Fuel Tank,engine,590.00,freight,category,freight by category; no freight notes on the listing,
1,unconfirmed,268,Aeromotive 69-70 Ford Mustang 340 Stealth Gen 2 Fuel Tank,engine,590.00,freight,category,freight by category; no freight notes on the listing,
1,unconfirmed,677,Gen V LT Tight Fit headers,engine,585.00,freight,category,freight by category; no freight notes on the listing,
1,unconfirmed,698,Injector Dynamics 1050X Injectors 14mm (Grey) Adaptor Top - (Silver) Bottom Adapter (Set of 6),engine,585.00,parcel,category,parcel by category; no freight notes on the listing,
1,unconfirmed,1980,ACT Heavy Duty Clutch Kit for Subaru WRX STI,transmission,580.00,freight,category,freight by category; no freight notes on the listing,
1,unconfirmed,766,McLeod RST Clutch Gm 1-1/8in X 26 Spline,transmission,580.00,freight,category,freight by category; no freight notes on the listing,
1,unconfirmed,767,McLeod RST Clutch Kit Chevy Small/Big Block 1-1/8in X 26 Spline 9.688in Diameter Disc,transmission,580.00,freight,category,freight by category; no freight notes on the listing,
1,unconfirmed,768,McLeod RST Clutch Mustang 1-1/16in X 10 Spline For 157 Tooth Flywheel Only,transmission,580.00,freight,category,freight by category; no freight notes on the listing,
1,unconfirmed,281,Aeromotive 99-04 Chevrolet Silverado 340 Dual Drop-In Phantom System,engine,570.00,freight,category,freight by category; no freight notes on the listing,
1,unconfirmed,711,Injector Dynamics ID1050X Injectors 14mm (Purple) Adaptors (Set of 6),engine,565.00,parcel,category,parcel by category; no freight notes on the listing,
1,unconfirmed,748,Manley 2018+ Ford Coyote 5.0L DOHC +1cc Dish 3.662in Bore 11:1 CR Platinum Piston Set,engine,565.00,freight,category,freight by category; no freight notes on the listing,
1,unconfirmed,751,Manley Chevy Small Block LS-1 6.125in H Beam w/ ARP 2000 Connecting Rod Set,engine,565.00,freight,category,freight by category; no freight notes on the listing,
1,unconfirmed,753,Manley Ford 5.0L Modular Coyote V8 3.630in Bore 1.165in CH 3.75 CC Piston Set,engine,565.00,freight,category,freight by category; no freight notes on the listing,
1,unconfirmed,754,Manley Ford 5.0L Modular Coyote V8 3.662in Bore 1.165in CH 6.75 CC Piston Set,engine,565.00,freight,category,freight by category; no freight notes on the listing,
1,unconfirmed,1428,Wilwood Spindle Kit Pair w/ Hub & Steering Arm 63-70 C10 Pickup 2.50in Drop,engine,560.00,freight,category,freight by category; no freight notes on the listing,
1,unconfirmed,1431,Wiseco L83 Drop in Pistons,engine,555.00,freight,category,freight by category; no freight notes on the listing,
1,unconfirmed,269,Aeromotive 70-72 Chevrolet Chevelle/Malibu & 1970 Chevrolet Monte Carlo 200 Stealth Gen 2 Fuel Tank,engine,545.00,freight,category,freight by category; no freight notes on the listing,
1,unconfirmed,575,Dual Phantom Stealth Fuel System,engine,545.00,freight,category,freight by category; no freight notes on the listing,
1,unconfirmed,273,Aeromotive 86-98 1/2 Ford Mustang Cobra Top Fuel Tank ONLY,engine,540.00,freight,category,freight by category; no freight notes on the listing,
1,unconfirmed,1977,"Exedy Hyper Single EVO Clutch and Flywheel Kit TH08SDX — Toyota 86 / GR86, Subaru BRZ",transmission,525.00,freight,category,freight by category; no freight notes on the listing,
1,unconfirmed,1978,Exedy Stage 1 Heavy Duty Organic Clutch Kit 05803AHD — Mitsubishi Lancer Evolution X,transmission,525.00,freight,category,freight by category; no freight notes on the listing,
1,unconfirmed,265,Aeromotive 64-68 Ford Mustang 200 Stealth Gen 2 Fuel Tank,engine,520.00,freight,category,freight by category; no freight notes on the listing,
1,unconfirmed,909,"PERFORMANCE ALUMINUM RADIATOR, GM 1500 V8 2014–2018",engine,515.00,freight,category,freight by category; no freight notes on the listing,
1,unconfirmed,705,Injector Dynamics 2600-XDS Injectors - 34mm Length - 14mm Top - 14mm Lower O-Ring (Set of 2),engine,500.00,parcel,category,parcel by category; no freight notes on the listing,
1,unconfirmed,222,1968–1972 CHEVELLE 3-ROW ALUMINUM RADIATOR & FAN PACKAGE,engine,495.00,freight,category,freight by category; no freight notes on the listing,
1,unconfirmed,353,"Black Label Exhaust Predator Muffler (L & R Single 3"" in, Dual out)",engine,495.00,freight,category,freight by category; no freight notes on the listing,
1,unconfirmed,292,Aeromotive Fuel Pump - Universal - Phantom 450 - 6-10in Depth,engine,490.00,parcel,category,parcel by category; no freight notes on the listing,
1,unconfirmed,699,Injector Dynamics 1300-XDS - 2017 Maverick X3 Applications Direct Replacement No Adapters (Set of 3),engine,485.00,parcel,category,parcel by category; no freight notes on the listing,
1,unconfirmed,1976,Xtreme Clutch Heavy Duty Sprung Organic Clutch Kit KSU24002-1A — Subaru WRX STI 6-Speed (EJ25),transmission,480.00,freight,category,freight by category; no freight notes on the listing,
1,unconfirmed,277,Aeromotive 88-97 Chevrolet 1500/2500 Truck Dual 340lph In-Tank Fuel Pump,engine,475.00,parcel,category,parcel by category; no freight notes on the listing,
1,unconfirmed,778,McLeod Street Extreme Kit 97-04 Chevy Corvette / 98-02 Camaro/Firebird,transmission,470.00,freight,category,freight by category; no freight notes on the listing,
1,unconfirmed,507,C10 Gen V LT Swaps Shorty Headers,engine,460.00,freight,category,freight by category; no freight notes on the listing,
1,unconfirmed,523,DeatschWerks 00-06 Chevrolet Silverado/Sierra 95lb Injectors - Set of 8,engine,455.00,freight,category,freight by category; no freight notes on the listing,
1,unconfirmed,540,DeatschWerks 85-04 Mustang GT / 97-04 Corvette LS1 / 98-02 Firebird 95lb/hr Injectors (Set of 8),engine,455.00,freight,category,freight by category; no freight notes on the listing,
1,unconfirmed,280,Aeromotive 88-99 Chevrolet C/K 1500/2500 Truck 340 Stealth Gen 2 Fuel Tank,engine,450.00,freight,category,freight by category; no freight notes on the listing,
1,unconfirmed,783,McLeod Super Street Pro Kit (w/o Throw-out Bearing) 97-04 Chevrolet Corvette LS1,transmission,450.00,freight,category,freight by category; no freight notes on the listing,
1,unconfirmed,526,DeatschWerks 14-18 GM Truck DW400 Pump Module,engine,440.00,parcel,category,parcel by category; no freight notes on the listing,
1,unconfirmed,1982,ACT Heavy Duty Performance Street Sprung Clutch Kit NZ2-HDSS — Nissan 370Z,transmission,430.00,freight,category,freight by category; no freight notes on the listing,
1,unconfirmed,256,8L90 2WD Conversion Kit,transmission,430.00,freight,category,freight by category; no freight notes on the listing,
1,unconfirmed,2083,Forge Motorsport Induction Kit for VW Golf Mk5 R32,engine,425.00,freight,category,freight by category; no freight notes on the listing,
1,unconfirmed,291,Aeromotive Fuel Pump - Universal - EFI Returnless Phantom - 60psi - 6-10in Depth,engine,420.00,parcel,category,parcel by category; no freight notes on the listing,
1,unconfirmed,316,Aeromotive Phantom 340 Universal In-Tank Fuel System,engine,420.00,freight,category,freight by category; no freight notes on the listing,
1,unconfirmed,217,1967–1969 CAMARO / FIREBIRD 3-ROW ALUMINUM RADIATOR & FAN SHROUD PACKAGE,engine,415.00,freight,category,freight by category; no freight notes on the listing,
1,unconfirmed,241,66-70 Caprice Radiator and fan package,engine,415.00,freight,category,freight by category; no freight notes on the listing,
1,unconfirmed,224,1973–1986 C10 Aluminum Radiator & Fan Shroud Package,engine,410.00,freight,category,freight by category; no freight notes on the listing,
1,unconfirmed,557,DeatschWerks LS1/LS6 Series / 85-04 4.6L & 5.0L V8 Mustang 88lb Injectors,engine,405.00,freight,category,freight by category; no freight notes on the listing,
1,unconfirmed,717,"K1 LS / LT, 6.125 In. Length, Connecting Rod",engine,400.00,freight,category,freight by category; no freight notes on the listing,
1,unconfirmed,522,DeatschWerks 00-06 Chevrolet Silverado/Sierra 72lb Injectors - Set of 8,engine,390.00,freight,category,freight by category; no freight notes on the listing,
1,unconfirmed,2105,Turn One Power Steering Pump,engine,380.00,parcel,category,parcel by category; no freight notes on the listing,
1,unconfirmed,315,Aeromotive Phantom 200 Universal In-Tank Fuel System,engine,380.00,freight,category,freight by category; no freight notes on the listing,
1,unconfirmed,910,Phantom 340 Stealth Fuel System,engine,380.00,freight,category,freight by category; no freight notes on the listing,
1,unconfirmed,219,1967–1972 C10 Aluminum Radiator & Fan Package,engine,375.00,freight,category,freight by category; no freight notes on the listing,
1,unconfirmed,525,DeatschWerks 05-13 GM Truck DW400 Pump Module,engine,375.00,parcel,category,parcel by category; no freight notes on the listing,
1,unconfirmed,544,DeatschWerks 99-04 Chevy Silverado 1500/2500/3500 DW400 Pump Module,engine,375.00,parcel,category,parcel by category; no freight notes on the listing,
1,unconfirmed,1979,Exedy Clutch Kit for Honda Civic Type R (FK8),transmission,370.00,freight,category,freight by category; no freight notes on the listing,
1,unconfirmed,212,07-13 GM Truck to Gen V LT Inline fuel regulator Kit,engine,370.00,freight,category,freight by category; no freight notes on the listing,
1,unconfirmed,744,MagnaFlow Stainless Steel Custom Builder Kit Performance Exhaust System,engine,365.00,freight,category,freight by category; no freight notes on the listing,
1,unconfirmed,1970,Sonnax Smart-Tech Overrun Clutch Valve Kit 34200-40K — GM 4L80-E / 4L85-E,transmission,355.00,parcel,category,parcel by category; no freight notes on the listing,
1,unconfirmed,504,"BMR Turbo K-member, LS1 Motor Mounts, Standard Rack Mounts",engine,355.00,freight,category,freight by category; no freight notes on the listing,
1,unconfirmed,2104,CBR/CBX Racing Series Power Steering Pump,engine,345.00,parcel,category,parcel by category; no freight notes on the listing,
1,unconfirmed,352,"Black Label Exhaust Predator Muffler (Horizontal Single 3"" in, Dual 3"" out)",engine,340.00,freight,category,freight by category; no freight notes on the listing,
1,unconfirmed,457,BMR 79-95 Ford Mustang K-Member Premium Version w/Spring Perches - Black Hammertone,engine,340.00,freight,category,freight by category; no freight notes on the listing,
1,unconfirmed,483,BMR 96-04 Ford Mustang K-Member - Black Hammertone,engine,340.00,freight,category,freight by category; no freight notes on the listing,
1,unconfirmed,484,BMR 96-04 Ford Mustang K-Member - Red,engine,340.00,freight,category,freight by category; no freight notes on the listing,
1,unconfirmed,270,Aeromotive 82-92 Camaro 340 Fuel Pump & Hanger,engine,330.00,parcel,category,parcel by category; no freight notes on the listing,
1,unconfirmed,681,GM 1500 Truck V8 2014–2018 TRANSMISSION COOLER,transmission,325.00,freight,category,freight by category; no freight notes on the listing,
1,unconfirmed,784,"MISHIMOTO RACE READY ALUMINUM PERFORMANCE RADIATOR, 29.92"" X 15.28"" X 2.75""",engine,325.00,freight,category,freight by category; no freight notes on the listing,
1,unconfirmed,223,1969–1972 CORVETTE 3-ROW PERFORMANCE ALUMINUM RADIATOR,engine,315.00,freight,category,freight by category; no freight notes on the listing,
1,unconfirmed,555,DeatschWerks LS1/LS6 Series / 85-04 4.6L & 5.0L V8 Mustang 39lb Injectors,engine,315.00,freight,category,freight by category; no freight notes on the listing,
1,unconfirmed,556,DeatschWerks LS1/LS6 Series / 85-04 4.6L & 5.0L V8 Mustang 42lb Injectors,engine,315.00,freight,category,freight by category; no freight notes on the listing,
1,unconfirmed,777,McLeod Street Extreme 97-04 Chevrolet Corvette 12 X 1-1/8 X 26 Spline,transmission,315.00,freight,category,freight by category; no freight notes on the listing,
1,unconfirmed,354,"Black Label Exhaust Predator Muffler (Single 3"" in, Single 3"" out)",engine,310.00,freight,category,freight by category; no freight notes on the listing,
1,unconfirmed,521,DeatschWerks 00-06 Chevrolet Silverado/Sierra 60lb Injectors - Set of 8,engine,310.00,freight,category,freight by category; no freight notes on the listing,
1,unconfirmed,2109,Tuff Stuff Performance Power Steering Pump (Chrome),engine,300.00,parcel,category,parcel by category; no freight notes on the listing,
1,unconfirmed,969,QA1 79-93 Ford Mustang (w/o Engine Mounts) Tubular K-Member,engine,300.00,freight,category,freight by category; no freight notes on the listing,
1,unconfirmed,279,Aeromotive 88-99 Chevrolet C/K 1500/2500 Truck 340 Fuel Pump & Hanger,engine,295.00,parcel,category,parcel by category; no freight notes on the listing,
1,unconfirmed,779,McLeod Street Extreme Kit Camaro 350 67-85,transmission,290.00,freight,category,freight by category; no freight notes on the listing,
1,unconfirmed,460,BMR 79-95 Ford Mustang K-Member Standard Version w/Spring Perches - Red,engine,285.00,freight,category,freight by category; no freight notes on the listing,
1,unconfirmed,485,BMR 96-04 Ford Mustang K-Member Standard Version w/ Spring Perches - Black Hammertone,engine,285.00,freight,category,freight by category; no freight notes on the listing,
1,unconfirmed,486,BMR 96-04 Ford Mustang K-Member Standard Version w/ Spring Perches - Red,engine,285.00,freight,category,freight by category; no freight notes on the listing,
1,unconfirmed,520,DeatschWerks 00-06 Chevrolet Silverado/Sierra 44lb Injectors - Set of 8,engine,285.00,freight,category,freight by category; no freight notes on the listing,
1,unconfirmed,782,McLeod Super Street Pro GM LS-X 11in. X 1-1/8 X 26 Diaphragm (Does not include Dowel Pins),transmission,280.00,freight,category,freight by category; no freight notes on the listing,
1,unconfirmed,2108,PSC Motorsports Power Steering Pump,engine,275.00,parcel,category,parcel by category; no freight notes on the listing,
1,unconfirmed,225,1979–1993 MUSTANG 2-ROW ALUMINUM RADIATOR & FAN SHROUD PACKAGE,engine,275.00,freight,category,freight by category; no freight notes on the listing,
1,unconfirmed,1985,Centerforce Dual Friction Clutch Pressure Plate and Disc Set DF593010 — Chevrolet Camaro SS 6.2L (2010–2015),transmission,270.00,freight,category,freight by category; no freight notes on the listing,
1,unconfirmed,1343,Wilwood 63-70 Chevrolet C10 2.5in Drop Pro Spindle Kit,engine,270.00,freight,category,freight by category; no freight notes on the listing,
1,unconfirmed,1345,Wilwood 71-87 Chevrolet C10 2.5in Drop Pro Spindle Kit,engine,270.00,freight,category,freight by category; no freight notes on the listing,
1,unconfirmed,1346,Wilwood 88-98 Chevrolet C1500 2in Drop Pro Spindle Kit,engine,270.00,freight,category,freight by category; no freight notes on the listing,
1,unconfirmed,278,Aeromotive 88-99 Chevrolet C/K 1500/2500 Truck 200 Fuel Pump & Hanger,engine,260.00,parcel,category,parcel by category; no freight notes on the listing,
1,unconfirmed,310,Aeromotive In-Line Filter - AN-16 10 Micron Microglass Element Extreme Flow,engine,260.00,parcel,category,parcel by category; no freight notes on the listing,
1,unconfirmed,311,Aeromotive In-Line Filter - AN-16 100 Micron SS Element Extreme Flow,engine,260.00,parcel,category,parcel by category; no freight notes on the listing,
1,unconfirmed,2101,Universal Power Steering Pump,engine,255.00,parcel,category,parcel by category; no freight notes on the listing,
1,unconfirmed,296,Aeromotive In-Line AN-12 Filter w/Shutoff Valve 100 Micron SS Element - Black Anodize Finish,engine,255.00,parcel,category,parcel by category; no freight notes on the listing,
1,unconfirmed,764,McLeod Hydraulic T.O. Bearing (Direct OE Replacement) Tremec TKX Transmission,transmission,255.00,freight,category,freight by category; no freight notes on the listing,
1,unconfirmed,775,McLeod Slip On Bearing W/Elbow Fit. & Adj Screw Ford/MOPAR W/Round Face Bearing,transmission,255.00,freight,category,freight by category; no freight notes on the listing,
1,unconfirmed,1317,Walbro 450lph E85 Universal Dual Fuel Pump Assembly,engine,250.00,parcel,category,parcel by category; no freight notes on the listing,
1,unconfirmed,274,Aeromotive 86-98 Ford Mustang 450 Fuel Pump & Hanger,engine,245.00,parcel,category,parcel by category; no freight notes on the listing,
1,unconfirmed,314,Aeromotive Marine AN-12 Fuel Filter - 100 Micron - SS Element,engine,245.00,parcel,category,parcel by category; no freight notes on the listing,
1,unconfirmed,264,Aeromotive 525lph In-Tank Fuel Pump,engine,240.00,parcel,category,parcel by category; no freight notes on the listing,
1,unconfirmed,1072,Stainless Works Catalytic Converter - GESi High Flow,engine,240.00,freight,category,freight by category; no freight notes on the listing,
1,unconfirmed,213,07-13 GM Trucks to Gen V LT Motor mounts,engine,235.00,freight,category,freight by category; no freight notes on the listing,
1,unconfirmed,2102,Saginaw P-Series Power Steering Pump (Canned Ham),engine,230.00,parcel,category,parcel by category; no freight notes on the listing,
1,unconfirmed,761,McLeod Hydraulic Conversion Kit 1955-57 Chevy Firewall Kit,transmission,230.00,freight,category,freight by category; no freight notes on the listing,
1,unconfirmed,762,McLeod Hydraulic Conversion Kit 1964-1970 Mustang Firewall Kit,transmission,230.00,freight,category,freight by category; no freight notes on the listing,
1,unconfirmed,763,McLeod Hydraulic Conversion Kit 1967-69 Camaro Firewall Kit,transmission,230.00,freight,category,freight by category; no freight notes on the listing,
1,unconfirmed,276,Aeromotive 86-98.5 Ford Mustang 340lph Fuel Pump & Hanger,engine,225.00,parcel,category,parcel by category; no freight notes on the listing,
1,unconfirmed,1274,UMI Performance 82-02 GM F-Body Transmission Mounted Adjustable Torque Arm,suspension,225.00,multibox,category,multi-box by category; no freight notes on the listing,
1,unconfirmed,2110,ACDelco GM Original Equipment Power Steering Pump,engine,220.00,parcel,category,parcel by category; no freight notes on the listing,
1,unconfirmed,2107,UniSteer Performance Power Steering Pump,engine,215.00,parcel,category,parcel by category; no freight notes on the listing,
1,unconfirmed,739,LT1 Intake Manifold,engine,215.00,freight,category,freight by category; no freight notes on the listing,
1,unconfirmed,776,McLeod Steel Flywheel Chevy 28 1955-85 1955-85 SB & All BB 168 Gear,transmission,215.00,freight,category,freight by category; no freight notes on the listing,
1,unconfirmed,2106,Borgeson Universal Power Steering Pump,engine,210.00,parcel,category,parcel by category; no freight notes on the listing,
1,unconfirmed,319,Aeromotive Pro-Series In-Line Fuel Filter - AN-12 - 100 Micron SS Element,engine,210.00,parcel,category,parcel by category; no freight notes on the listing,
1,unconfirmed,780,McLeod Street Pro Clutch Kit Chev V8 55-85,transmission,210.00,freight,category,freight by category; no freight notes on the listing,
1,unconfirmed,781,McLeod Street Pro Clutch Kit Ford 69-74 351,transmission,210.00,freight,category,freight by category; no freight notes on the listing,
1,unconfirmed,2103,GM Type II (TC/CB Series) Power Steering Pump,engine,205.00,parcel,category,parcel by category; no freight notes on the listing,
1,unconfirmed,2111,Motorcraft Power Steering Pump,engine,205.00,parcel,category,parcel by category; no freight notes on the listing,
1,unconfirmed,221,1968-72 GM A-Body Swap Transmission Crossmember,transmission,200.00,freight,category,freight by category; no freight notes on the listing,
1,unconfirmed,320,Aeromotive Pro-Series In-Line Fuel Filter - ORB-12 - 10 Micron Microglass Element,engine,200.00,parcel,category,parcel by category; no freight notes on the listing,
1,unconfirmed,529,DeatschWerks 2.5L Modular Surge Tank (Incl. 1 DW250iL In-Line Fuel Pump),engine,200.00,parcel,category,parcel by category; no freight notes on the listing,
1,unconfirmed,714,Injector Dynamics Sensor Add On for ID-F750,engine,190.00,parcel,category,parcel by category; no freight notes on the listing,
1,unconfirmed,434,BMR 67-69 1st Gen F-Body Transmission Conversion Crossmember T56/TR6060/TH400/4L80E - Red,transmission,170.00,freight,category,freight by category; no freight notes on the listing,
1,unconfirmed,1972,TransGo SHIFT KIT SK 10RL80-G1 — Ford 10R60/10R80/10R100 and GM 10L80/10L90,transmission,165.00,freight,category,freight by category; no freight notes on the listing,
1,unconfirmed,760,McLeod GM Aluminum Bellhousing LS to T-56 & Magnum (Non SFI),transmission,165.00,freight,category,freight by category; no freight notes on the listing,
1,unconfirmed,218,1967–1972 C10 ALUMINUM FAN SHROUD,engine,160.00,freight,category,freight by category; no freight notes on the listing,
1,unconfirmed,297,Aeromotive In-Line Filter - (AN -08 Male) 100 Micron Stainless Steel Element,engine,155.00,parcel,category,parcel by category; no freight notes on the listing,
1,unconfirmed,299,Aeromotive In-Line Filter - (AN -8 Male) 40 Micron Stainless Mesh Element Bright Dip Black Finish,engine,155.00,parcel,category,parcel by category; no freight notes on the listing,
1,unconfirmed,300,Aeromotive In-Line Filter - (AN-06 Male) 100 Micron Stainless Steel Element,engine,155.00,parcel,category,parcel by category; no freight notes on the listing,
1,unconfirmed,302,Aeromotive In-Line Filter - (AN-10) 10 Micron Microglass Element Red Anodize Finish,engine,155.00,parcel,category,parcel by category; no freight notes on the listing,
1,unconfirmed,304,Aeromotive In-Line Filter - (AN-6 Male) 10 Micron Microglass Element Bright Dip Black Finish,engine,155.00,parcel,category,parcel by category; no freight notes on the listing,
1,unconfirmed,305,Aeromotive In-Line Filter - (AN-6 Male) 40 Micron Stainless Mesh Element Bright Dip Black Finish,engine,155.00,parcel,category,parcel by category; no freight notes on the listing,
1,unconfirmed,306,Aeromotive In-Line Filter - AN -10 size Male - 10 Micron Microglass Element - Bright-Dip Black,engine,155.00,parcel,category,parcel by category; no freight notes on the listing,
1,unconfirmed,307,Aeromotive In-Line Filter - AN-08 size Male - 10 Micron Microglass Element - Bright-Dip Black,engine,155.00,parcel,category,parcel by category; no freight notes on the listing,
1,unconfirmed,309,Aeromotive In-Line Filter - AN-10 - Black - 100 Micron,engine,155.00,parcel,category,parcel by category; no freight notes on the listing,
1,unconfirmed,312,Aeromotive In-Line Filter 10AN 10 Micron Microglass Element Bright-Dip Black 2in OD,engine,155.00,parcel,category,parcel by category; no freight notes on the listing,
1,unconfirmed,533,DeatschWerks 350 LPH DW350iL In-Line External Fuel Pump (No Bracket),engine,145.00,parcel,category,parcel by category; no freight notes on the listing,
1,unconfirmed,545,DeatschWerks DWFFR-X 110mm Billet Fuel Filter Regulator - 10 Micron,engine,130.00,parcel,category,parcel by category; no freight notes on the listing,
1,unconfirmed,298,Aeromotive In-Line Filter - (AN -8 Male) 10 Micron Fabric Element Bright Dip Black Finish,engine,125.00,parcel,category,parcel by category; no freight notes on the listing,
1,unconfirmed,303,Aeromotive In-Line Filter - (AN-6 Male) 10 Micron Fabric Element Bright Dip Black Finish,engine,125.00,parcel,category,parcel by category; no freight notes on the listing,
1,unconfirmed,308,Aeromotive In-Line Filter - AN-10 - Black - 10 Micron,engine,125.00,parcel,category,parcel by category; no freight notes on the listing,
1,unconfirmed,709,Injector Dynamics ID-F1250 Fuel Filter,engine,120.00,parcel,category,parcel by category; no freight notes on the listing,
1,unconfirmed,531,DeatschWerks 340 LPH DW300 Series In-Tank Fuel Pump,engine,115.00,parcel,category,parcel by category; no freight notes on the listing,
1,unconfirmed,532,DeatschWerks 340 LPH Ford In-Tank Fuel Pump DW300M Series,engine,115.00,parcel,category,parcel by category; no freight notes on the listing,
1,unconfirmed,561,DeatschWerks Stainless Steel 8AN 10 Micron Universal Inline Fuel Filter Housing Kit (110mm),engine,115.00,parcel,category,parcel by category; no freight notes on the listing,
1,unconfirmed,569,DeatschWerks Stainless Steel 8AN 10 Micron Universal Inline Fuel Filter Housing Kit (160mm),engine,115.00,parcel,category,parcel by category; no freight notes on the listing,
1,unconfirmed,570,DeatschWerks Stainless Steel 8AN 10 Micron Universal Inline Fuel Filter Housing Kit (70mm),engine,115.00,parcel,category,parcel by category; no freight notes on the listing,
1,unconfirmed,1323,Walbro PUMP & INSTALLATION KIT PACKAGE,engine,115.00,parcel,category,parcel by category; no freight notes on the listing,
1,unconfirmed,530,DeatschWerks 265 LPH DW65C Series Compact Fuel Pump w/ Mounting Clips,engine,110.00,parcel,category,parcel by category; no freight notes on the listing,
1,unconfirmed,1316,Walbro 450lph E85 Compatible Universal Fuel Pump & Installation Kit,engine,110.00,parcel,category,parcel by category; no freight notes on the listing,
1,unconfirmed,301,Aeromotive In-Line Filter - (AN-10) 10 Micron fabric Element,engine,105.00,parcel,category,parcel by category; no freight notes on the listing,
1,unconfirmed,313,Aeromotive In-Line Full Flow Check Valve (Male -10 AN Inlet / Female -10 AN outlet),engine,105.00,parcel,category,parcel by category; no freight notes on the listing,
1,unconfirmed,546,DeatschWerks DWFFR-X 70mm Billet Fuel Filter Regulator - 10 Micron,engine,105.00,parcel,category,parcel by category; no freight notes on the listing,
1,unconfirmed,554,Deatschwerks Inline Fuel Filter,engine,105.00,parcel,category,parcel by category; no freight notes on the listing,
1,unconfirmed,1314,Walbro 400lph 39/50 DC/SS Pump/Kit Package,engine,105.00,parcel,category,parcel by category; no freight notes on the listing,
1,unconfirmed,564,DeatschWerks Stainless Steel 10AN 100 Micron Universal Inline Fuel Filter Housing Kit (110mm),engine,100.00,parcel,category,parcel by category; no freight notes on the listing,
1,unconfirmed,565,DeatschWerks Stainless Steel 6AN 100 Micron Universal Inline Fuel Filter Housing Kit (110mm),engine,100.00,parcel,category,parcel by category; no freight notes on the listing,
1,unconfirmed,566,DeatschWerks Stainless Steel 6AN 100 Micron Universal Inline Fuel Filter Housing Kit (70mm),engine,100.00,parcel,category,parcel by category; no freight notes on the listing,
1,unconfirmed,567,DeatschWerks Stainless Steel 6AN 5 Micron Universal Inline Fuel Filter Housing Kit (110mm),engine,100.00,parcel,category,parcel by category; no freight notes on the listing,
1,unconfirmed,568,DeatschWerks Stainless Steel 6AN 5 Micron Universal Inline Fuel Filter Housing Kit (70mm),engine,100.00,parcel,category,parcel by category; no freight notes on the listing,
1,unconfirmed,1328,Walbro Universal 535lph In-Tank Fuel Pump E85 Version,engine,100.00,parcel,category,parcel by category; no freight notes on the listing,
1,unconfirmed,572,DeatschWerks Stainless Steel 8AN 100 Micron Universal Inline Fuel Filter Housing Kit (110mm),engine,95.00,parcel,category,parcel by category; no freight notes on the listing,
1,unconfirmed,573,DeatschWerks Stainless Steel 8AN 100 Micron Universal Inline Fuel Filter Housing Kit (70mm),engine,95.00,parcel,category,parcel by category; no freight notes on the listing,
1,unconfirmed,574,DeatschWerks Stainless Steel 8AN 5 Micron Universal Inline Fuel Filter Housing Kit (110mm),engine,95.00,parcel,category,parcel by category; no freight notes on the listing,
1,unconfirmed,2112,Delphi Power Steering Pump,engine,90.00,parcel,category,parcel by category; no freight notes on the listing,
1,unconfirmed,263,Aeromotive 340 Fuel Pump,engine,90.00,parcel,category,parcel by category; no freight notes on the listing,
1,unconfirmed,537,DeatschWerks 6AN 10 Micron 70mm Compact In-Line Fuel Filter Kit,engine,90.00,parcel,category,parcel by category; no freight notes on the listing,
1,unconfirmed,1324,Walbro Universal 39/80 Flex Fuel Hellcat In-Tank Fuel Pump,engine,90.00,parcel,category,parcel by category; no freight notes on the listing,
1,unconfirmed,559,DeatschWerks Stainless Steel 10AN 10 Micron Universal Inline Fuel Filter Housing Kit (110mm),engine,85.00,parcel,category,parcel by category; no freight notes on the listing,
1,unconfirmed,562,DeatschWerks Stainless Steel 10AN 10 Micron Universal Inline Fuel Filter Housing Kit (160mm),engine,85.00,parcel,category,parcel by category; no freight notes on the listing,
1,unconfirmed,563,DeatschWerks Stainless Steel 10AN 10 Micron Universal Inline Fuel Filter Housing Kit (70mm),engine,85.00,parcel,category,parcel by category; no freight notes on the listing,
1,unconfirmed,1313,Walbro 350lph Universal High Pressure Inline Fuel Pump- Gasoline Only Not Approved for E85,engine,85.00,parcel,category,parcel by category; no freight notes on the listing,
1,unconfirmed,1327,Walbro Universal 450lph In-Tank Fuel Pump High Pressure Version,engine,80.00,parcel,category,parcel by category; no freight notes on the listing,
1,unconfirmed,527,DeatschWerks 165 LPH In-Tank Fuel Pump w/ 84-85 Chevrolet Corvette Install Kit,engine,75.00,parcel,category,parcel by category; no freight notes on the listing,
1,unconfirmed,528,DeatschWerks 165 LPH In-Tank Fuel Pump w/ 90-96 Chevrolet Corvette (exc. ZR-1) Install Kit,engine,75.00,parcel,category,parcel by category; no freight notes on the listing,
1,unconfirmed,539,DeatschWerks 84-85 Chevy Corvette 5.7L DW200 255 LPH In-Tank Fuel Pump w/ Install Kit,engine,75.00,parcel,category,parcel by category; no freight notes on the listing,
1,unconfirmed,541,DeatschWerks 85-97 Ford Mustang 255 LPH DW200 In-Tank Fuel Pump w/ Install Kit,engine,75.00,parcel,category,parcel by category; no freight notes on the listing,
1,unconfirmed,542,DeatschWerks 86-89 Chevy Corvette 5.7L DW200 255 LPH In-Tank Fuel Pump w/ Install Kit,engine,75.00,parcel,category,parcel by category; no freight notes on the listing,
1,unconfirmed,543,DeatschWerks 90-96 Chevy Corvette 5.7L (excl ZR-1) DW200 255 LPH In-Tank Fuel Pump w/ Install Kit,engine,75.00,parcel,category,parcel by category; no freight notes on the listing,
1,unconfirmed,1315,Walbro 450 In-Tank Fuel Pump F90000267,engine,75.00,parcel,category,parcel by category; no freight notes on the listing,
1,unconfirmed,1318,Walbro 85-92 Chevy Camaro / Pontiac Firebird/Fiero Fuel Pump & Setup Kit,engine,75.00,parcel,category,parcel by category; no freight notes on the listing,
1,unconfirmed,1326,Walbro Universal 450lph In-Tank Fuel Pump E85 Version,engine,75.00,parcel,category,parcel by category; no freight notes on the listing,
1,unconfirmed,1325,Walbro Universal 400lph In-Tank Fuel Pump NOT E85 Compatible,engine,70.00,parcel,category,parcel by category; no freight notes on the listing,
1,unconfirmed,536,DeatschWerks 5/16in 10 Micron 55mm In-Line Fuel Filter Kit,engine,65.00,parcel,category,parcel by category; no freight notes on the listing,
1,unconfirmed,1306,Walbro 155lph Universal In-Line Pump,engine,65.00,parcel,category,parcel by category; no freight notes on the listing,
1,unconfirmed,1311,Walbro 350lph High Pressure Fuel Pump *WARNING - GSS 351* (11mm Inlet - 180 Degree From the Outlet),engine,65.00,parcel,category,parcel by category; no freight notes on the listing,
1,unconfirmed,1312,Walbro 350lph High Pressure Fuel Pump *WARNING - GSS 352* (11mm Inlet - Inline w/the Outlet),engine,65.00,parcel,category,parcel by category; no freight notes on the listing,
1,unconfirmed,571,DeatschWerks Stainless Steel 8AN 100 Micron Universal Fuel Pump Pre-Filter,engine,60.00,parcel,category,parcel by category; no freight notes on the listing,
1,unconfirmed,1305,Walbro 155lph Fuel Pump Kit for 85-97 Ford Mustang (EXCLUDES 96-97 Cobra),engine,60.00,parcel,category,parcel by category; no freight notes on the listing,
1,unconfirmed,1319,Walbro 85-97 Ford Mustang (Excludes Cobra) 70 Micron Fuel Pump & Setup Kit,engine,60.00,parcel,category,parcel by category; no freight notes on the listing,
1,unconfirmed,1321,Walbro Ford GT Style Pump,engine,60.00,parcel,category,parcel by category; no freight notes on the listing,
1,unconfirmed,322,Aeromotive Spring Steel Fuel Filter Bracket - 2-5/8in,engine,55.00,parcel,category,parcel by category; no freight notes on the listing,
1,unconfirmed,1307,Walbro 190lph High Pressure Fuel Pump *WARNING - GSS 250*,engine,55.00,parcel,category,parcel by category; no freight notes on the listing,
1,unconfirmed,710,Injector Dynamics ID-F1250 Fuel Filter Mounting Bracket,engine,50.00,parcel,category,parcel by category; no freight notes on the listing,
1,unconfirmed,713,Injector Dynamics Replacement Filter Element for ID F750 Fuel Filter,engine,50.00,parcel,category,parcel by category; no freight notes on the listing,
1,unconfirmed,1320,Walbro 85-98 GM Car & Truck 255LPH Fuel Pump,engine,50.00,parcel,category,parcel by category; no freight notes on the listing,
1,unconfirmed,552,DeatschWerks Fuel Pump Hardwire Upgrade Kit,engine,45.00,parcel,category,parcel by category; no freight notes on the listing,
1,unconfirmed,1118,Turbosmart Billet Turbo Oil Feed Filter w/ 44 Micron Pleated Disc AN-3 Male Inlet - Black,engine,45.00,parcel,category,parcel by category; no freight notes on the listing,
1,unconfirmed,1119,Turbosmart Billet Turbo Oil Feed Filter w/ 44 Micron Pleated Disc AN-4 Male to AN-4 ORB- Black,engine,45.00,parcel,category,parcel by category; no freight notes on the listing,
1,unconfirmed,1120,Turbosmart Billet Turbo Oil Feed Filter w/44 Micron Pleated Disc -4AN Male Inlet - Black,engine,45.00,parcel,category,parcel by category; no freight notes on the listing,
1,unconfirmed,1308,Walbro 255lph High Pressure Fuel Pump *WARNING - GSS 340*,engine,45.00,parcel,category,parcel by category; no freight notes on the listing,
1,unconfirmed,1309,Walbro 255lph High Pressure Fuel Pump *WARNING - GSS 341*,engine,45.00,parcel,category,parcel by category; no freight notes on the listing,
1,unconfirmed,1310,Walbro 255lph High Pressure Fuel Pump *WARNING - GSS 342*,engine,45.00,parcel,category,parcel by category; no freight notes on the listing,
1,unconfirmed,1322,Walbro Fuel Pump Kit for 82-95 Chevy / 85-98 Chevy Trucks/Vans / 82-94 Pontiac/Oldsmobile,engine,45.00,parcel,category,parcel by category; no freight notes on the listing,
1,unconfirmed,758,McLeod Bolt On Counter Weight Kit GM,transmission,35.00,parcel,category,parcel by category; no freight notes on the listing,
1,unconfirmed,759,McLeod Bolt Pak Flywheel 6 Per Box Gm LS Motors 11mm,transmission,35.00,parcel,category,parcel by category; no freight notes on the listing,
1,unconfirmed,558,DeatschWerks Stainless Steel 10 Micron Universal Filter Element (fits 70mm Housing),engine,30.00,parcel,category,parcel by category; no freight notes on the listing,
1,unconfirmed,715,Injector Dynamics USCAR to 2012+ Honda Adapter,engine,20.00,parcel,category,parcel by category; no freight notes on the listing,
1,unconfirmed,289,Aeromotive Fuel Filter,engine,17.85,parcel,category,parcel by category; no freight notes on the listing,
1,unconfirmed,534,DeatschWerks 350 LPH DW350iL In-Line External Fuel Pump Bracket ONLY,engine,14.45,parcel,category,parcel by category; no freight notes on the listing,
1,unconfirmed,576,T - Shirt,engine,13.60,parcel,category,parcel by category; no freight notes on the listing,
2,possible false negative,1402,Wilwood Forged Dynalite P/S Park Brake Kit Drilled Red BOP Axle 2.75in Bearing 2.75 Offset,brakes,780.00,parcel,category,"parcel by category or name, but the name reads as a bulky item",
2,possible false negative,3077,"Yukon Gear & Axle Front Dana 60 Ring and Pinion, 4.88 Ratio — 2017–2019 Ford F-250 / F-350 Super Duty — YG D60SR-488R",suspension,745.00,parcel,listing,notes say parcel but the name reads as a bulky item,Ships as a parcel.
2,possible false negative,3073,"Yukon Gear & Axle Front Dana 60 Ring and Pinion, 3.54 Ratio — 2017–2019 Ford F-250 / F-350 Super Duty — YG D60SR-354R",suspension,635.00,parcel,listing,notes say parcel but the name reads as a bulky item,Ships as a parcel.
2,possible false negative,3068,Yukon Gear & Axle Dana 60 Hardcore Locking Hub Set — 1989–1993 Dodge W250 / W350 and 1983–1997 Ford F-250 / F-350 — YHC70003,suspension,625.00,parcel,listing,notes say parcel but the name reads as a bulky item,Ships as a parcel.
2,possible false positive,414,BMR 15-18 Dodge Challenger Aluminum Differential Mount Housing Bushing Kit - Black Anodized,suspension,170.00,multibox,category,"multi-box by category, but the name or price suggests a single parcel",
2,possible false positive,424,BMR 2015-18 Challenger Differential Lockout Bushing Kit - Red,suspension,125.00,multibox,category,"multi-box by category, but the name or price suggests a single parcel",
2,possible false positive,398,BMR 10-15 5th Gen Camaro Race Version Differential Mount Bushing Kit (Delrin) - Black,suspension,100.00,multibox,category,"multi-box by category, but the name or price suggests a single parcel",
2,possible false positive,367,BMR 05-14 Ford Mustang 8.8in Differential Bearing Kit Spherical Bearings Stainless Steel Housing,suspension,85.00,multibox,category,"multi-box by category, but the name or price suggests a single parcel",
2,possible false positive,409,BMR 12-15 5th Gen Camaro Differential Mount Bushing Kit (Poly/Delrin Combo) - Black/Red,suspension,85.00,multibox,category,"multi-box by category, but the name or price suggests a single parcel",
2,possible false positive,455,BMR 79-04 SN95 Mustang 8.8in Differential Bearing Kit (Spherical Bearings) - Black Anodized,suspension,75.00,multibox,category,"multi-box by category, but the name or price suggests a single parcel",
2,possible false positive,447,BMR 79-04 Ford Mustang 8.8in Differential Bearing Kit Spherical Bearings Stainless Steel Housing,suspension,70.00,multibox,category,"multi-box by category, but the name or price suggests a single parcel",
2,possible false positive,405,BMR 10-15 5th Gen Camaro Street Version Differential Mount Bushing Kit (Poly) - Black,suspension,65.00,multibox,category,"multi-box by category, but the name or price suggests a single parcel",
2,possible false positive,420,BMR 2008-2018 Challenger Differential Lockout Bushing Kit - Black Anodized,suspension,60.00,multibox,category,"multi-box by category, but the name or price suggests a single parcel",
2,possible false positive,369,BMR 05-14 S197 Mustang Differential Bushing Kit - Red,suspension,45.00,multibox,category,"multi-box by category, but the name or price suggests a single parcel",
2,possible false positive,1251,UMI Performance 65-87 GM Polyurethane Rear End Housing Replacement Bushings (Unit 1),suspension,40.00,multibox,category,"multi-box by category, but the name or price suggests a single parcel",
2,possible false positive,1252,UMI Performance 65-87 GM Polyurethane Rear End Housing Replacement Bushings (Unit 2),suspension,40.00,multibox,category,"multi-box by category, but the name or price suggests a single parcel",
2,possible false positive,1267,UMI Performance 79-04 Ford Mustang Rear End Housing Bushings,suspension,30.00,multibox,category,"multi-box by category, but the name or price suggests a single parcel",
2,unconfirmed,1529,Dodge Ram truck bed (2009-2018 4th gen dodge ram 3500 mega cab dually truck bed),body-parts,1355.00,freight,name,"freight because the name is a whole freight unit (truck bed, complete engine/gearbox); no freight notes on the listing",
2,unconfirmed,1500,2007–2013 GMC Sierra 5 ft 8 in Short Truck Bed,body-parts,1190.00,freight,name,"freight because the name is a whole freight unit (truck bed, complete engine/gearbox); no freight notes on the listing",
2,unconfirmed,1519,2014-2019 GM 8ft Truck Bed,body-parts,1170.00,freight,name,"freight because the name is a whole freight unit (truck bed, complete engine/gearbox); no freight notes on the listing",
2,unconfirmed,1537,2017–2024 Ford F-250/F-350 Super Duty 8 ft Long Truck Bed,body-parts,1170.00,freight,name,"freight because the name is a whole freight unit (truck bed, complete engine/gearbox); no freight notes on the listing",
2,unconfirmed,1520,2014-2019 GMC SIERRA 6.6’ Truck Bed,body-parts,1110.00,freight,name,"freight because the name is a whole freight unit (truck bed, complete engine/gearbox); no freight notes on the listing",
2,unconfirmed,1528,Chevy Silverado Truck Bed (2007-2013 Chevy/GMC Sierra Short Bed),aftermarket,1110.00,freight,name,"freight because the name is a whole freight unit (truck bed, complete engine/gearbox); no freight notes on the listing",
2,unconfirmed,1527,Chevy Silverado 2500 (2007-2013 Chevy/GMC Long Truck Bed),body-parts,1110.00,freight,name,"freight because the name is a whole freight unit (truck bed, complete engine/gearbox); no freight notes on the listing",
2,unconfirmed,1538,GMC Sierra Truck Bed Replacement (2007-2013 GMC SIERRA Truck Bed),body-parts,1110.00,freight,name,"freight because the name is a whole freight unit (truck bed, complete engine/gearbox); no freight notes on the listing",
2,unconfirmed,1509,2007-2013 GMC Sierra 1500 5′ 8″ Short Truck Bed,body-parts,1110.00,freight,name,"freight because the name is a whole freight unit (truck bed, complete engine/gearbox); no freight notes on the listing",
2,unconfirmed,1515,2011-2016 Ford F250 Super Duty 8ft Truck Bed (Unit 1),body-parts,985.00,freight,name,"freight because the name is a whole freight unit (truck bed, complete engine/gearbox); no freight notes on the listing",
2,unconfirmed,1516,2011-2016 Ford F250 Super Duty 8ft Truck Bed (Unit 2),body-parts,985.00,freight,name,"freight because the name is a whole freight unit (truck bed, complete engine/gearbox); no freight notes on the listing",
2,unconfirmed,1517,2011-2016 Ford Superduty 8ft truck bed,body-parts,985.00,freight,name,"freight because the name is a whole freight unit (truck bed, complete engine/gearbox); no freight notes on the listing",
2,unconfirmed,1534,2011–2016 Ford F-250/F-350 Super Duty Truck Bed,body-parts,985.00,freight,name,"freight because the name is a whole freight unit (truck bed, complete engine/gearbox); no freight notes on the listing",
2,unconfirmed,1536,Ford F250 Truck Bed Replacement (2011-2016 Ford F250/350 Super duty 8’ Long Bed),body-parts,985.00,freight,name,"freight because the name is a whole freight unit (truck bed, complete engine/gearbox); no freight notes on the listing",
2,unconfirmed,1535,ford f250 truck bed replacement (1999-2010 Ford F250 F350 Super Duty 8′ Long Truck Bed),body-parts,925.00,freight,name,"freight because the name is a whole freight unit (truck bed, complete engine/gearbox); no freight notes on the listing",
2,unconfirmed,1525,1999–2006 Chevrolet Silverado 8 ft Long Truck Bed,body-parts,865.00,freight,name,"freight because the name is a whole freight unit (truck bed, complete engine/gearbox); no freight notes on the listing",
2,unconfirmed,1507,1999-2010 Ford Superduty 6.5ft Truck Bed,body-parts,865.00,freight,name,"freight because the name is a whole freight unit (truck bed, complete engine/gearbox); no freight notes on the listing",
2,unconfirmed,1530,2002–2009 Dodge Ram (3rd Gen) Short Truck Bed,body-parts,865.00,freight,name,"freight because the name is a whole freight unit (truck bed, complete engine/gearbox); no freight notes on the listing",
2,unconfirmed,1508,1999-2010 Ford Superduty Truck bed,body-parts,800.00,freight,name,"freight because the name is a whole freight unit (truck bed, complete engine/gearbox); no freight notes on the listing",
2,unconfirmed,1511,2009-2014 Ford F150 6.5ft Truck Bed,body-parts,800.00,freight,name,"freight because the name is a whole freight unit (truck bed, complete engine/gearbox); no freight notes on the listing",
2,unconfirmed,1521,1999–2007 Chevrolet/GMC 6.5 ft Short Truck Bed,body-parts,740.00,freight,name,"freight because the name is a whole freight unit (truck bed, complete engine/gearbox); no freight notes on the listing",
2,unconfirmed,1505,1999-2007 GM 6.5ft Truck Bed,body-parts,740.00,freight,name,"freight because the name is a whole freight unit (truck bed, complete engine/gearbox); no freight notes on the listing",
2,unconfirmed,1504,1999-2007 GM 6.5 Truck Bed,body-parts,740.00,freight,name,"freight because the name is a whole freight unit (truck bed, complete engine/gearbox); no freight notes on the listing",
2,unconfirmed,1523,1999–2006 Chevrolet Silverado Truck Bed,aftermarket,740.00,freight,name,"freight because the name is a whole freight unit (truck bed, complete engine/gearbox); no freight notes on the listing",
2,unconfirmed,1532,2019–2023 Ram 2500 8 ft Long Truck Bed,body-parts,740.00,freight,name,"freight because the name is a whole freight unit (truck bed, complete engine/gearbox); no freight notes on the listing",
2,unconfirmed,1531,2019–2025 Ram 2500/3500 (5th Gen) 8 ft Long Truck Bed,body-parts,740.00,freight,name,"freight because the name is a whole freight unit (truck bed, complete engine/gearbox); no freight notes on the listing",
2,unconfirmed,1843,Rola Titan Tray MKIII for Toyota Hilux,4x4-accessories,700.00,multibox,category,multi-box by category; no freight notes on the listing,
2,unconfirmed,1844,Rola Titan Tray MKIII for Ford Ranger,4x4-accessories,605.00,multibox,category,multi-box by category; no freight notes on the listing,
2,unconfirmed,1501,11-16 Ford F250 Truck Bed Cap Shell Camper Topper,aftermarket,430.00,freight,name,"freight because the name is a whole freight unit (truck bed, complete engine/gearbox); no freight notes on the listing",
2,unconfirmed,1020,Ridetech Weld On Rear Axle Bracket for Bolt-On 4 Link,aftermarket,30.00,parcel,category,parcel by category; no freight notes on the listing,
3,possible false positive,397,BMR 10-15 5th Gen Camaro Pro Version Rear Cradle Bushing Kit (BK024 BK029) - Red,suspension,335.00,multibox,category,"multi-box by category, but the name or price suggests a single parcel",
3,possible false positive,421,BMR 2008-2018 Challenger Rear Cradle Lockout Bushing Kit - Black Anodized,suspension,195.00,multibox,category,"multi-box by category, but the name or price suggests a single parcel",
3,possible false positive,470,BMR 82-82 3rd Gen F-Body Lowering Spring Kit (Set Of 4) - Red,suspension,190.00,multibox,category,"multi-box by category, but the name or price suggests a single parcel",
3,possible false positive,1293,UMI Performance 93-02 GM F-Body Tunnel Brace Mount Long Tube Header Set-Ups w/ Loop,suspension,180.00,multibox,category,"multi-box by category, but the name or price suggests a single parcel",
3,possible false positive,435,BMR 67-72 A-Body Lowering Spring Kit (Set Of 4) - Red,suspension,170.00,multibox,category,"multi-box by category, but the name or price suggests a single parcel",
3,possible false positive,737,LT or LS Swap Mount kit W/ Energy suspension mounts,suspension,150.00,multibox,category,"multi-box by category, but the name or price suggests a single parcel",
3,possible false positive,1943,Yokohama Geolandar A/T G015 265/65R17,wheels-tires,145.00,multibox,category,"multi-box by category, but the name or price suggests a single parcel",
3,possible false positive,416,BMR 15-20 Ford Mustang Rear Strut Tower Brace - Red,suspension,145.00,multibox,category,"multi-box by category, but the name or price suggests a single parcel",
3,possible false positive,1250,UMI Performance 65-70 Chevy B-Body Solid 1in Rear Sway Bar,suspension,145.00,multibox,category,"multi-box by category, but the name or price suggests a single parcel",
3,possible false positive,1939,Nitto Terra Grappler G2 265/70R17,wheels-tires,140.00,multibox,category,"multi-box by category, but the name or price suggests a single parcel",
3,possible false positive,1944,Yokohama Advan Sport V107 255/35R19,wheels-tires,140.00,multibox,category,"multi-box by category, but the name or price suggests a single parcel",
3,possible false positive,1720,Toyo RR Race Tires,wheels-tires,140.00,multibox,category,"multi-box by category, but the name or price suggests a single parcel",
3,possible false positive,372,BMR 05-14 S197 Mustang Non-Adj. Boxed Lower Control Arms (Polyurethane) - Black Hammertone,suspension,140.00,multibox,category,"multi-box by category, but the name or price suggests a single parcel",
3,possible false positive,373,BMR 05-14 S197 Mustang Non-Adj. Boxed Lower Control Arms (Polyurethane) - Red,suspension,140.00,multibox,category,"multi-box by category, but the name or price suggests a single parcel",
3,possible false positive,450,BMR 79-04 Fox Mustang Torque Box Reinforcement Plate Kit(TBR005H And TBR003H) - Black Hammertone,suspension,140.00,multibox,category,"multi-box by category, but the name or price suggests a single parcel",
3,possible false positive,1929,Toyo Proxes Sport 245/40R18,wheels-tires,135.00,multibox,category,"multi-box by category, but the name or price suggests a single parcel",
3,possible false positive,1940,Nitto NT555 G2 275/35R20,wheels-tires,135.00,multibox,category,"multi-box by category, but the name or price suggests a single parcel",
3,possible false positive,360,BMR 04-06 GTO Skid Guard (Aluminum) - Bare w/BMR Logo,suspension,135.00,multibox,category,"multi-box by category, but the name or price suggests a single parcel",
3,possible false positive,970,QA1 79-93 Ford Mustang 5.0L Bump Steer Kit,suspension,135.00,multibox,category,"multi-box by category, but the name or price suggests a single parcel",
3,possible false positive,978,QA1 94-04 Ford Mustang 4.6/5.0L (w/Power Steering) Bump Steer Kit,suspension,135.00,multibox,category,"multi-box by category, but the name or price suggests a single parcel",
3,possible false positive,1633,BimmerWorld 41mm Wheel Spacers - F8X M2/M3/M4 (GTMore),wheels-tires,130.00,multibox,category,"multi-box by category, but the name or price suggests a single parcel",
3,possible false positive,466,BMR 82-02 3rd Gen F-Body Non-Adj. Rear Suspension Kit (Polyurethane) - Red,suspension,130.00,multibox,category,"multi-box by category, but the name or price suggests a single parcel",
3,possible false positive,1632,BimmerWorld 32mm Wheel Spacers - F8X M2/M3/M4,wheels-tires,125.00,multibox,category,"multi-box by category, but the name or price suggests a single parcel",
3,possible false positive,387,BMR 08-17 Challenger Front Sway Bar End Link Kit - Black,suspension,125.00,multibox,category,"multi-box by category, but the name or price suggests a single parcel",
3,possible false positive,403,BMR 10-15 5th Gen Camaro Rear Non-Adj. Toe Rods (Polyurethane) - Red,suspension,125.00,multibox,category,"multi-box by category, but the name or price suggests a single parcel",
3,possible false positive,404,BMR 10-15 5th Gen Camaro Rear Suspension Bushing Kit (BK006 BK017) - Red,suspension,125.00,multibox,category,"multi-box by category, but the name or price suggests a single parcel",
3,possible false positive,475,BMR 93-02 4th Gen F-Body Adjustable Front Upper A-Arms (For Stock Shocks) - Black Hammertone,suspension,125.00,multibox,category,"multi-box by category, but the name or price suggests a single parcel",
3,possible false positive,476,BMR 93-02 4th Gen F-Body Adjustable Front Upper A-Arms (For Stock Shocks) - Red,suspension,125.00,multibox,category,"multi-box by category, but the name or price suggests a single parcel",
3,possible false positive,988,Ridetech 59-64 Chevy Impala StrongArms Rear Upper,suspension,125.00,multibox,category,"multi-box by category, but the name or price suggests a single parcel",
3,possible false positive,1237,UMI Performance 64-72 GM A-Body 78-88 G-Body 1in Lowering Spring Rear,suspension,125.00,multibox,category,"multi-box by category, but the name or price suggests a single parcel",
3,possible false positive,1238,UMI Performance 64-72 GM A-Body 78-88 G-Body 2in Lowering Spring Rear,suspension,125.00,multibox,category,"multi-box by category, but the name or price suggests a single parcel",
3,possible false positive,1253,UMI Performance 67-72 GM A-Body Factory Height Springs Rear,suspension,125.00,multibox,category,"multi-box by category, but the name or price suggests a single parcel",
3,possible false positive,1271,UMI Performance 82-02 GM F-Body Panhard Bar Relocation Kit,suspension,125.00,multibox,category,"multi-box by category, but the name or price suggests a single parcel",
3,possible false positive,1275,UMI Performance 82-02 GM F-Body Tubular Lower Control Arms Non-Ajustable Panhard Bar Kit,suspension,125.00,multibox,category,"multi-box by category, but the name or price suggests a single parcel",
3,possible false positive,1627,BimmerWorld 10mm 5x112 Wheel Spacers & M14 Bolts - G8X M2 M3 M4,wheels-tires,120.00,multibox,category,"multi-box by category, but the name or price suggests a single parcel",
3,possible false positive,381,BMR 08-09 Pontiac G8 Front Strut Mount Bushing Kit (Elastomer) - Black,suspension,120.00,multibox,category,"multi-box by category, but the name or price suggests a single parcel",
3,possible false positive,384,BMR 08-09 Pontiac G8 Rear Suspension Bushing Kit (BK004 BK005 BK006) - Black/Red,suspension,120.00,multibox,category,"multi-box by category, but the name or price suggests a single parcel",
3,possible false positive,443,BMR 78-87 G-Body Rear Coilover Conversion Kit - Red,suspension,120.00,multibox,category,"multi-box by category, but the name or price suggests a single parcel",
3,possible false positive,925,QA1 64-67 GM A-Body Non-Adjustable Rear Frame Support,suspension,120.00,multibox,category,"multi-box by category, but the name or price suggests a single parcel",
3,possible false positive,951,QA1 68-72 GM A-Body Non-Adjustable Rear Frame Support,suspension,120.00,multibox,category,"multi-box by category, but the name or price suggests a single parcel",
3,possible false positive,382,BMR 08-09 Pontiac G8 Front Strut Tower Brace - Red,suspension,115.00,multibox,category,"multi-box by category, but the name or price suggests a single parcel",
3,possible false positive,402,BMR 10-15 5th Gen Camaro Rear Camber Bolts (1 Degree Offset) - Black,suspension,115.00,multibox,category,"multi-box by category, but the name or price suggests a single parcel",
3,possible false positive,427,BMR 64-67 A-Body Upper Control Arms On-Car Adj. Rod Ends - Black Hammertone,suspension,115.00,multibox,category,"multi-box by category, but the name or price suggests a single parcel",
3,possible false positive,500,BMR Suspension 15-19 Ford Mustang Rear Upper Shock Mount- Hammertone Black,suspension,115.00,multibox,category,"multi-box by category, but the name or price suggests a single parcel",
3,possible false positive,501,BMR Suspension 15-19 Ford Mustang Rear Upper Shock Mount- Red,suspension,115.00,multibox,category,"multi-box by category, but the name or price suggests a single parcel",
3,possible false positive,996,Ridetech 64-77 GM A-Body and 78-88 GM G-Body Rear Upper R-Joint Assembly,suspension,115.00,multibox,category,"multi-box by category, but the name or price suggests a single parcel",
3,possible false positive,1234,UMI Performance 64-72 GM A-Body 1in Lowering Spring Front - Set,suspension,115.00,multibox,category,"multi-box by category, but the name or price suggests a single parcel",
3,possible false positive,1235,UMI Performance 64-72 GM A-Body 1in Solid CrMo Rear Sway Bar (Unit 1),suspension,115.00,multibox,category,"multi-box by category, but the name or price suggests a single parcel",
3,possible false positive,1236,UMI Performance 64-72 GM A-Body 1in Solid CrMo Rear Sway Bar (Unit 2),suspension,115.00,multibox,category,"multi-box by category, but the name or price suggests a single parcel",
3,possible false positive,1240,UMI Performance 64-72 GM A-Body Factory Height Springs Front,suspension,115.00,multibox,category,"multi-box by category, but the name or price suggests a single parcel",
3,possible false positive,1260,UMI Performance 70-81 GM F-Body Lowering Spring Front 2in Lowering,suspension,115.00,multibox,category,"multi-box by category, but the name or price suggests a single parcel",
3,possible false positive,1265,UMI Performance 78-88 GM G-Body Front 1in 70-81 F-Body 2-1/2in Lowering Spring,suspension,115.00,multibox,category,"multi-box by category, but the name or price suggests a single parcel",
3,possible false positive,1289,UMI Performance 93-02 GM F-Body Lowering Springs Front 1.25in Lowering,suspension,115.00,multibox,category,"multi-box by category, but the name or price suggests a single parcel",
3,possible false positive,451,BMR 79-04 Fox Mustang Tubular Style Upper Torque Box Reinforcement Plates - Black Hammertone,suspension,110.00,multibox,category,"multi-box by category, but the name or price suggests a single parcel",
3,possible false positive,452,BMR 79-04 Fox Mustang Tubular Style Upper Torque Box Reinforcement Plates - Red,suspension,110.00,multibox,category,"multi-box by category, but the name or price suggests a single parcel",
3,possible false positive,453,BMR 79-04 Fox Mustang Upper Control Arms On-Car Adj. (Polyurethane) - Red,suspension,110.00,multibox,category,"multi-box by category, but the name or price suggests a single parcel",
3,possible false positive,481,BMR 93-02 F-Body V8 Shock Tower Brace (excludes 93-97 SS Models) - Red,suspension,110.00,multibox,category,"multi-box by category, but the name or price suggests a single parcel",
3,possible false positive,482,BMR 93-02 F-Body V8 Shock Tower Brace - Black Hammertone,suspension,110.00,multibox,category,"multi-box by category, but the name or price suggests a single parcel",
3,possible false positive,1230,UMI Performance 64-67 GM A-Body Control Arm Reinforcements/Frame Braces,suspension,110.00,multibox,category,"multi-box by category, but the name or price suggests a single parcel",
3,possible false positive,1254,UMI Performance 68-72 GM A-Body Control Arm Reinforcements/Frame Braces,suspension,110.00,multibox,category,"multi-box by category, but the name or price suggests a single parcel",
3,possible false positive,1291,UMI Performance 93-02 GM F-Body Shock Tower Brace,suspension,110.00,multibox,category,"multi-box by category, but the name or price suggests a single parcel",
3,possible false positive,1692,M Performance Tire Storage / Tote Bags - 36132461758,wheels-tires,100.00,multibox,category,"multi-box by category, but the name or price suggests a single parcel",
3,possible false positive,389,BMR 08-17 Challenger Rear Sway Bar End Link Kit - Black,suspension,100.00,multibox,category,"multi-box by category, but the name or price suggests a single parcel",
3,possible false positive,429,BMR 64-72 A-Body Front Lowering Springs - Red,suspension,100.00,multibox,category,"multi-box by category, but the name or price suggests a single parcel",
3,possible false positive,444,BMR 78-87 G-Body Upper Control Arms DOM On-car Adj Rod Ends - Black Hammertone,suspension,100.00,multibox,category,"multi-box by category, but the name or price suggests a single parcel",
3,possible false positive,445,BMR 78-87 G-Body Upper Control Arms DOM On-car Adj Rod Ends - Red,suspension,100.00,multibox,category,"multi-box by category, but the name or price suggests a single parcel",
3,possible false positive,467,BMR 82-02 3rd Gen F-Body On-Car Adj. Panhard Rod (Polyurethane) - Red,suspension,100.00,multibox,category,"multi-box by category, but the name or price suggests a single parcel",
3,possible false positive,1231,UMI Performance 64-67 GM A-Body Tubular Non-Adjustable Upper Control Arms,suspension,100.00,multibox,category,"multi-box by category, but the name or price suggests a single parcel",
3,possible false positive,1258,UMI Performance 68-72 GM A-Body Tubular Non-Adjustable Upper Control Arms,suspension,100.00,multibox,category,"multi-box by category, but the name or price suggests a single parcel",
3,possible false positive,1290,UMI Performance 93-02 GM F-Body Lowering Springs Rear 1.5in Lowering,suspension,100.00,multibox,category,"multi-box by category, but the name or price suggests a single parcel",
3,possible false positive,1600,BimmerWorld BMW 10mm Wheel Spacers (Set/Pair) - G8X M2/M3/M4,wheels-tires,95.00,multibox,category,"multi-box by category, but the name or price suggests a single parcel",
3,possible false positive,365,BMR 05-10 S197 Mustang Upper Control Arm On-Car Adj. (Polyurethane) - Black Hammertone,suspension,95.00,multibox,category,"multi-box by category, but the name or price suggests a single parcel",
3,possible false positive,366,BMR 05-10 S197 Mustang Upper Control Arm On-Car Adj. (Polyurethane) - Red,suspension,95.00,multibox,category,"multi-box by category, but the name or price suggests a single parcel",
3,possible false positive,395,BMR 10-15 5th Gen Camaro Coilover Conversion Kit Rear Upper Mount - Black Hammertone,suspension,95.00,multibox,category,"multi-box by category, but the name or price suggests a single parcel",
3,possible false positive,396,BMR 10-15 5th Gen Camaro Coilover Conversion Kit Rear Upper Mount - Red,suspension,95.00,multibox,category,"multi-box by category, but the name or price suggests a single parcel",
3,possible false positive,469,BMR 82-02 3rd Gen F-Body Rear Lowering Springs - Red,suspension,95.00,multibox,category,"multi-box by category, but the name or price suggests a single parcel",
3,possible false positive,474,BMR 91-96 B-Body Non-Adj. Upper Control Arms Extended Length (Polyureathane) - Black Hammertone,suspension,95.00,multibox,category,"multi-box by category, but the name or price suggests a single parcel",
3,possible false positive,1007,Ridetech 67-70 Ford Mustang 4 Hole Ball Joint Wedge Plates Pair,suspension,95.00,multibox,category,"multi-box by category, but the name or price suggests a single parcel",
3,possible false positive,436,BMR 67-72 A-Body Rear Lowering Springs - Red,suspension,90.00,multibox,category,"multi-box by category, but the name or price suggests a single parcel",
3,possible false positive,1686,H&R 18mm Wheel Spacers for BMW 5x112 Wheels,wheels-tires,85.00,multibox,category,"multi-box by category, but the name or price suggests a single parcel",
3,possible false positive,374,BMR 05-14 S197 Mustang Radiator Support Chassis Brace - Black Hammertone,suspension,85.00,multibox,category,"multi-box by category, but the name or price suggests a single parcel",
3,possible false positive,375,BMR 05-14 S197 Mustang Radiator Support Chassis Brace - Red,suspension,85.00,multibox,category,"multi-box by category, but the name or price suggests a single parcel",
3,possible false positive,376,BMR 05-14 S197 Mustang Radiator Support w/o Sway Bar Mount - Black Hammertone,suspension,85.00,multibox,category,"multi-box by category, but the name or price suggests a single parcel",
3,possible false positive,383,BMR 08-09 Pontiac G8 Rear Cradle Street Version Bushing Kit (Elastomer) - Black,suspension,85.00,multibox,category,"multi-box by category, but the name or price suggests a single parcel",
3,possible false positive,449,BMR 79-04 Fox Mustang Non-Adj. Upper Control Arms (Polyurethane) - Black Hammertone,suspension,85.00,multibox,category,"multi-box by category, but the name or price suggests a single parcel",
3,possible false positive,468,BMR 82-02 3rd Gen F-Body Panhard Rod Relocation Kit - Black Hammertone,suspension,85.00,multibox,category,"multi-box by category, but the name or price suggests a single parcel",
3,possible false positive,432,BMR 64-72 Chevy Chevelle Rear Control Arm Relocation Brackets - Black Hammertone,suspension,75.00,multibox,category,"multi-box by category, but the name or price suggests a single parcel",
3,possible false positive,1262,UMI Performance 70-81 Polyurethane Leaf Spring Shackle Kit,suspension,75.00,multibox,category,"multi-box by category, but the name or price suggests a single parcel",
3,possible false positive,1683,H&R 12mm Wheel Spacers for BMW 5x112 Wheels,wheels-tires,70.00,multibox,category,"multi-box by category, but the name or price suggests a single parcel",
3,possible false positive,1687,H&R 20mm Wheel Spacers for BMW 5x112 Wheels,wheels-tires,70.00,multibox,category,"multi-box by category, but the name or price suggests a single parcel",
3,possible false positive,364,BMR 05-10 S197 Mustang Upper Control Arm Mount - Black Hammertone,suspension,70.00,multibox,category,"multi-box by category, but the name or price suggests a single parcel",
3,possible false positive,378,BMR 05-14 S197 Mustang Upper Panhard Rod Support - Black Hammertone,suspension,70.00,multibox,category,"multi-box by category, but the name or price suggests a single parcel",
3,possible false positive,406,BMR 11-14 S197 Mustang Upper Control Arm Mount - Black Hammertone,suspension,70.00,multibox,category,"multi-box by category, but the name or price suggests a single parcel",
3,possible false positive,407,BMR 11-14 S197 Mustang Upper Control Arm Mount - Red,suspension,70.00,multibox,category,"multi-box by category, but the name or price suggests a single parcel",
3,possible false positive,417,BMR 16-17 6th Gen Camaro Aluminum Driveshaft Tunnel Brace - Black Hammertone,suspension,70.00,multibox,category,"multi-box by category, but the name or price suggests a single parcel",
3,possible false positive,418,BMR 16-17 6th Gen Camaro Aluminum Driveshaft Tunnel Brace - Red,suspension,70.00,multibox,category,"multi-box by category, but the name or price suggests a single parcel",
3,possible false positive,425,BMR 24-25 Ford Mustang S650 Chassis Brace Front Subframe 2-point - Red,suspension,70.00,multibox,category,"multi-box by category, but the name or price suggests a single parcel",
3,possible false positive,438,BMR 68-72 A-Body Shock Tower Brace Rear Black Hammertone,suspension,70.00,multibox,category,"multi-box by category, but the name or price suggests a single parcel",
3,possible false positive,441,BMR 78-87 G-Body Control Arm Reinforcement Braces - Black Hammertone,suspension,70.00,multibox,category,"multi-box by category, but the name or price suggests a single parcel",
3,possible false positive,446,BMR 78-88 GM G-Body Rear Frame Notch Kit,suspension,70.00,multibox,category,"multi-box by category, but the name or price suggests a single parcel",
3,possible false positive,1276,UMI Performance 82-02 GM F-Body Tubular Non-Adjustable Lower Control Arms,suspension,70.00,multibox,category,"multi-box by category, but the name or price suggests a single parcel",
3,possible false positive,1277,UMI Performance 82-02 GM F-Body Tubular Non-Adjustable Lower Control Arms - Red,suspension,70.00,multibox,category,"multi-box by category, but the name or price suggests a single parcel",
3,possible false positive,1684,H&R 13mm Wheel Spacers for BMW 5x112 Wheels,wheels-tires,65.00,multibox,category,"multi-box by category, but the name or price suggests a single parcel",
3,possible false positive,1685,H&R 15mm Wheel Spacers for BMW 5x112 Wheels,wheels-tires,65.00,multibox,category,"multi-box by category, but the name or price suggests a single parcel",
3,possible false positive,379,BMR 05-14 S197 Mustang Upper Panhard Rod Support - Red,suspension,65.00,multibox,category,"multi-box by category, but the name or price suggests a single parcel",
3,possible false positive,1682,H&R 11mm Wheel Spacers for BMW 5x112 Wheels / 66.5 CB,wheels-tires,60.00,multibox,category,"multi-box by category, but the name or price suggests a single parcel",
3,possible false positive,358,BMR 04-06 CTS-V Pinion Support Brace - Red,suspension,60.00,multibox,category,"multi-box by category, but the name or price suggests a single parcel",
3,possible false positive,362,BMR 05-10 S197 Mustang Non-Adj. Upper Control Arm (Polyurethane) - Black Hammertone,suspension,60.00,multibox,category,"multi-box by category, but the name or price suggests a single parcel",
3,possible false positive,363,BMR 05-10 S197 Mustang Non-Adj. Upper Control Arm (Polyurethane) - Red,suspension,60.00,multibox,category,"multi-box by category, but the name or price suggests a single parcel",
3,possible false positive,419,BMR 16-17 6th Gen Camaro Steel Driveshaft Tunnel Brace - Red,suspension,60.00,multibox,category,"multi-box by category, but the name or price suggests a single parcel",
3,possible false positive,1634,"BimmerWorld BMW Wheel Spacers (Set/Pair) - 5x112 (G20, G80, G82, G30, G01, etc)",wheels-tires,55.00,multibox,category,"multi-box by category, but the name or price suggests a single parcel",
3,possible false positive,368,BMR 05-14 S197 Mustang A-Arm Support Brace - Red,suspension,55.00,multibox,category,"multi-box by category, but the name or price suggests a single parcel",
3,possible false positive,1671,BimmerWorld BMW Wheel Spacers (Set/Pair) - 5x120,wheels-tires,50.00,multibox,category,"multi-box by category, but the name or price suggests a single parcel",
3,possible false positive,1703,"TPMS Radio Receiver Unit (434MHz), Genuine BMW",wheels-tires,45.00,multibox,category,"multi-box by category, but the name or price suggests a single parcel",
3,possible false positive,433,BMR 67-69 1st Gen F-Body / 70-74 3rd Gen X-Body Tie Rod Sleeves 5/8in Thread - Black Anodized,suspension,45.00,multibox,category,"multi-box by category, but the name or price suggests a single parcel",
3,possible false positive,499,BMR Suspension 15-18 Ford Mustang S550 Rear Camber Adjustment Lockout Kit - Red,suspension,45.00,multibox,category,"multi-box by category, but the name or price suggests a single parcel",
3,possible false positive,1232,UMI Performance 64-70 GM A-Body Tie Rod Adjusters,suspension,45.00,multibox,category,"multi-box by category, but the name or price suggests a single parcel",
3,possible false positive,477,BMR 93-02 F-Body Front Upper/Lower Control Arm Hardware Kit - Zinc plated,suspension,40.00,multibox,category,"multi-box by category, but the name or price suggests a single parcel",
3,possible false positive,1302,UMI Performance Thrust Bearing Kit Viking Coilovers and UMI Coilovers + Spanner Wrench,suspension,40.00,multibox,category,"multi-box by category, but the name or price suggests a single parcel",
3,possible false positive,370,BMR 05-14 S197 Mustang Front Camber Bolts (2 Degree Offset) - Black,suspension,30.00,multibox,category,"multi-box by category, but the name or price suggests a single parcel",
3,possible false positive,377,BMR 05-14 S197 Mustang Sway Bar Relocation Kit - Bare,suspension,30.00,multibox,category,"multi-box by category, but the name or price suggests a single parcel",
3,possible false positive,428,BMR 64-72 A-Body Control Arm Hardware Kit Rear Upper And Lower - Zinc plated,suspension,30.00,multibox,category,"multi-box by category, but the name or price suggests a single parcel",
3,possible false positive,439,BMR 70-81 2nd Gen F-Body Front Upper/Lower Control Arm Hardware Kit - Zinc plated,suspension,30.00,multibox,category,"multi-box by category, but the name or price suggests a single parcel",
3,possible false positive,442,BMR 78-87 G-Body Front Upper/Lower Control Arm Hardware Kit - Zinc plated,suspension,25.00,multibox,category,"multi-box by category, but the name or price suggests a single parcel",
3,possible false positive,471,BMR 82-82 3rd Gen F-Body Rear Lower Control Arm Hardware Kit - Zinc plated,suspension,25.00,multibox,category,"multi-box by category, but the name or price suggests a single parcel",
3,possible false positive,1268,UMI Performance 82-02 GM F-Body Factory Torque Arm Replacement Bushing,suspension,25.00,multibox,category,"multi-box by category, but the name or price suggests a single parcel",
3,possible false positive,1301,UMI Performance Thrust Bearing Kit Viking Coilovers & UMI Coilovers,suspension,25.00,multibox,category,"multi-box by category, but the name or price suggests a single parcel",
3,possible false positive,371,BMR 05-14 S197 Mustang Front Lower Control Arm Hardware Kit - Zinc plated,suspension,20.00,multibox,category,"multi-box by category, but the name or price suggests a single parcel",
3,possible false positive,1016,Ridetech CoilOver Spanner Wrench,suspension,20.00,multibox,category,"multi-box by category, but the name or price suggests a single parcel",
3,possible false positive,1724,Wheel Stud - F82 M4 GT4,wheels-tires,19.11,multibox,category,"multi-box by category, but the name or price suggests a single parcel",
3,possible false positive,1695,SONAX The Beast Wheel Cleaner - 1L Spray Bottle,wheels-tires,16.01,multibox,category,"multi-box by category, but the name or price suggests a single parcel",
3,possible false positive,1694,SONAX Fallout Cleaner - 750ml Spray Bottle,wheels-tires,12.32,multibox,category,"multi-box by category, but the name or price suggests a single parcel",
3,possible false positive,1696,SONAX Wheel Cleaner Full Effect (500ml),wheels-tires,10.47,multibox,category,"multi-box by category, but the name or price suggests a single parcel",
3,unconfirmed,974,QA1 88-98 C1500 Handling Kit Level 3 w/Shocks,suspension,4150.00,multibox,category,multi-box by category; no freight notes on the listing,
3,unconfirmed,1866,Fox Factory Series 2.5 Lift Kit for Toyota Tacoma,suspension,3230.00,multibox,category,multi-box by category; no freight notes on the listing,
3,unconfirmed,914,QA1 62-72 70-74 Mopar B/E Body Suspension System 0-2in Drop - Single Adjustable Front,suspension,3190.00,multibox,category,multi-box by category; no freight notes on the listing,
3,unconfirmed,2116,"Tough Dog 2"" Lift Kit for GWM Tank 300 — 40mm 9-Stage Adjustable Foam Cell",suspension,3010.00,multibox,category,multi-box by category; no freight notes on the listing,
3,unconfirmed,1868,Fox 3.0 Internal Bypass Kit for Ford F-150 Raptor,suspension,2965.00,multibox,category,multi-box by category; no freight notes on the listing,
3,unconfirmed,915,QA1 63-72 Chevrolet C10 Front Suspension Kit - Double Adj. - 750lb/in,suspension,2845.00,multibox,category,multi-box by category; no freight notes on the listing,
3,unconfirmed,916,QA1 63-72 Chevrolet C10 Front Suspension Kit - Single Adj. - 750lb/in,suspension,2725.00,multibox,category,multi-box by category; no freight notes on the listing,
3,unconfirmed,1867,Fox 2.0 Performance Suspension Kit for Toyota Hilux,suspension,2640.00,multibox,category,multi-box by category; no freight notes on the listing,
3,unconfirmed,943,QA1 65-79 Ford F100 Front Coil-Over Conversion Kit (3-5in Drop) - Single Adjustable (500lbs/in),suspension,2555.00,multibox,category,multi-box by category; no freight notes on the listing,
3,unconfirmed,2097,"20"" BMW M5 (F90) Wheels / Rims Set - Gloss Black (New)",wheels-tires,2545.00,multibox,category,multi-box by category; no freight notes on the listing,
3,unconfirmed,1875,King Suspension Kit for Nissan Patrol Y62,suspension,2380.00,multibox,category,multi-box by category; no freight notes on the listing,
3,unconfirmed,1873,King Coilover Lift Kit for Jeep Wrangler JL,suspension,2295.00,multibox,category,multi-box by category; no freight notes on the listing,
3,unconfirmed,1850,Old Man Emu Heavy Load Suspension Kit for Nissan Patrol Y62,suspension,2240.00,multibox,category,multi-box by category; no freight notes on the listing,
3,unconfirmed,1707,Titan 7 T-C5 Forged Wheel Set - G8X M2/M3/M4,wheels-tires,2230.00,multibox,category,multi-box by category; no freight notes on the listing,
3,unconfirmed,1870,Fox Lift Kit for Toyota LandCruiser 300,suspension,2220.00,multibox,category,multi-box by category; no freight notes on the listing,
3,unconfirmed,1871,King 2.5 Remote Reservoir Coilovers for Toyota Tacoma,suspension,2210.00,multibox,category,multi-box by category; no freight notes on the listing,
3,unconfirmed,1647,"BimmerWorld TA55 19x11 Forged Square Wheel Set, Gloss Black - G8X M2/M3/M4",wheels-tires,2140.00,multibox,category,multi-box by category; no freight notes on the listing,
3,unconfirmed,1648,"BimmerWorld TA55 19x11 Forged Square Wheel Set, Trophy Gold - G8X M2/M3/M4",wheels-tires,2140.00,multibox,category,multi-box by category; no freight notes on the listing,
3,unconfirmed,1872,King Off-Road Suspension Kit for Ford Ranger,suspension,2125.00,multibox,category,multi-box by category; no freight notes on the listing,
3,unconfirmed,1874,King 2.5 Performance Shocks for Toyota Hilux,suspension,2040.00,multibox,category,multi-box by category; no freight notes on the listing,
3,unconfirmed,1643,"BimmerWorld TA55 19 Forged Wheel Set, Trophy Gold - F8X M2/M3/M4",wheels-tires,2040.00,multibox,category,multi-box by category; no freight notes on the listing,
3,unconfirmed,1644,"BimmerWorld TA55 19 Forged Wheel Set, Trophy Gold - G8X M2/M3/M4",wheels-tires,2040.00,multibox,category,multi-box by category; no freight notes on the listing,
3,unconfirmed,1645,"BimmerWorld TA55 19 Forged Wheel Set, Gloss Black - F8X M2/M3/M4",wheels-tires,2040.00,multibox,category,multi-box by category; no freight notes on the listing,
3,unconfirmed,1646,"BimmerWorld TA55 19 Forged Wheel Set, Gloss Black - G8X M2/M3/M4",wheels-tires,2040.00,multibox,category,multi-box by category; no freight notes on the listing,
3,unconfirmed,1706,Titan 7 T-M20 Forged Wheel Set - G8X M2/M3/M4,wheels-tires,2025.00,multibox,category,multi-box by category; no freight notes on the listing,
3,unconfirmed,1713,Titan7 T-P10 20in Forged Wheel Set - G8X M2/M3/M4,wheels-tires,2025.00,multibox,category,multi-box by category; no freight notes on the listing,
3,unconfirmed,1719,"Titan7 T-S5 20-inch Forged Wheel Set - G29 Z4, Supra",wheels-tires,2025.00,multibox,category,multi-box by category; no freight notes on the listing,
3,unconfirmed,2094,Volk Racing TE37 Wheel Set - Toyota Supra MK4 (A80),wheels-tires,1940.00,multibox,category,multi-box by category; no freight notes on the listing,
3,unconfirmed,1869,Fox Coilover Suspension Kit for Jeep Gladiator JT,suspension,1900.00,multibox,category,multi-box by category; no freight notes on the listing,
3,unconfirmed,1861,Bilstein B8 8100 Suspension Kit for Toyota 4Runner,suspension,1870.00,multibox,category,multi-box by category; no freight notes on the listing,
3,unconfirmed,917,QA1 63-72 Chevrolet C10 Rear Suspension Conversion System - Medium - Double Adjustable (200lbs/in),suspension,1870.00,multibox,category,multi-box by category; no freight notes on the listing,
3,unconfirmed,938,QA1 65-72 Ford F100 Rear Coil-Over Conversion System - Medium - Single Adjustable (200lbs/in),suspension,1810.00,multibox,category,multi-box by category; no freight notes on the listing,
3,unconfirmed,1018,Ridetech RidePro E5 Air Ride Suspension Control System 5 Gallon Dual Compressor AirPod 1/4in Valves,suspension,1775.00,multibox,category,multi-box by category; no freight notes on the listing,
3,unconfirmed,918,QA1 63-72 Chevrolet C10 Rear Suspension Conversion System - Medium - Single Adjustable (200lbs/in),suspension,1720.00,multibox,category,multi-box by category; no freight notes on the listing,
3,unconfirmed,1715,"Titan7 T-D6 19-inch Forged Wheel Set - G29 Z4, Supra",wheels-tires,1695.00,multibox,category,multi-box by category; no freight notes on the listing,
3,unconfirmed,1716,"Titan7 T-S5 19-inch Forged Wheel Set - G29 Z4, Supra",wheels-tires,1695.00,multibox,category,multi-box by category; no freight notes on the listing,
3,unconfirmed,1708,Titan7 T-S5 19-inch Forged Wheel Set - F87 M2 Competition,wheels-tires,1690.00,multibox,category,multi-box by category; no freight notes on the listing,
3,unconfirmed,1664,BimmerWorld TA16 18x10 Forged Wheel Set (Gloss Black) - F8X M2/M3/M4,wheels-tires,1650.00,multibox,category,multi-box by category; no freight notes on the listing,
3,unconfirmed,1665,BimmerWorld TA16 18x10 Forged Wheel Set (Gunmetal) - F8X M2/M3/M4,wheels-tires,1650.00,multibox,category,multi-box by category; no freight notes on the listing,
3,unconfirmed,976,QA1 88-98 C1500 Level 3 Front Coil-Over Conversion Kit - Double Adjustable (600lbs/in),suspension,1650.00,multibox,category,multi-box by category; no freight notes on the listing,
3,unconfirmed,920,QA1 63-87 Chevrolet C10 (w/UCA) Front Coil-Over Conversion Kit - Double Adjustable (650lbs/in),suspension,1620.00,multibox,category,multi-box by category; no freight notes on the listing,
3,unconfirmed,1863,Bilstein 6112 Lift Kit for Chevrolet Silverado 1500,suspension,1615.00,multibox,category,multi-box by category; no freight notes on the listing,
3,unconfirmed,1642,"BimmerWorld TA16 18x10 Forged Wheel Set - F30, F32",wheels-tires,1600.00,multibox,category,multi-box by category; no freight notes on the listing,
3,unconfirmed,1666,"BimmerWorld TA16 18x10 Forged Wheel Set (Gloss Black) - E46 M3, E9X M3, F8X M3/M4",wheels-tires,1600.00,multibox,category,multi-box by category; no freight notes on the listing,
3,unconfirmed,1667,"BimmerWorld TA16 18x10 Forged Wheel Set (Gunmetal) - E46 M3, E9X M3, F8X M3/M4",wheels-tires,1600.00,multibox,category,multi-box by category; no freight notes on the listing,
3,unconfirmed,1668,BimmerWorld TA16 18x9.5 ET22 Forged Race Wheel Set (Gloss Black),wheels-tires,1600.00,multibox,category,multi-box by category; no freight notes on the listing,
3,unconfirmed,1669,BimmerWorld TA16 18x9.5 ET22 Forged Race Wheel Set (Gloss Gunmetal),wheels-tires,1600.00,multibox,category,multi-box by category; no freight notes on the listing,
3,unconfirmed,1859,Bilstein 6112 Front Lift Kit for Toyota Tacoma,suspension,1530.00,multibox,category,multi-box by category; no freight notes on the listing,
3,unconfirmed,1660,BimmerWorld TA16 17x8.5 ET40 Forged Race Wheel Set (Gloss Black),wheels-tires,1505.00,multibox,category,multi-box by category; no freight notes on the listing,
3,unconfirmed,1661,BimmerWorld TA16 17x8.5 ET40 Forged Race Wheel Set (Gloss Gunmetal),wheels-tires,1505.00,multibox,category,multi-box by category; no freight notes on the listing,
3,unconfirmed,1662,BimmerWorld TA16 17x9.0 ET42 Forged Race Wheel Set (Gloss Black),wheels-tires,1505.00,multibox,category,multi-box by category; no freight notes on the listing,
3,unconfirmed,1663,BimmerWorld TA16 17x9.0 ET42 Forged Race Wheel Set (Gloss Gunmetal),wheels-tires,1505.00,multibox,category,multi-box by category; no freight notes on the listing,
3,unconfirmed,921,QA1 63-87 Chevrolet C10 (w/UCA) Front Coil-Over Conversion Kit - Single Adjustable (650lbs/in),suspension,1490.00,multibox,category,multi-box by category; no freight notes on the listing,
3,unconfirmed,922,QA1 63-87 Chevrolet C10 (w/UCA) Front Coil-Over Conversion Kit - Single Adjustable (750lbs/in),suspension,1490.00,multibox,category,multi-box by category; no freight notes on the listing,
3,unconfirmed,1853,Dobinsons MRR 3-Way Adjustable Lift Kit for Ford Ranger (2022+),suspension,1465.00,multibox,category,multi-box by category; no freight notes on the listing,
3,unconfirmed,1862,Bilstein B6 Off-Road Suspension Kit for Toyota Hilux,suspension,1465.00,multibox,category,multi-box by category; no freight notes on the listing,
3,unconfirmed,1876,Ironman Foam Cell Pro Lift Kit for Toyota Hilux,suspension,1390.00,multibox,category,multi-box by category; no freight notes on the listing,
3,unconfirmed,1856,Dobinsons MRR Lift Kit for Mitsubishi Triton MV,suspension,1380.00,multibox,category,multi-box by category; no freight notes on the listing,
3,unconfirmed,1877,Ironman Foam Cell Pro Suspension Kit for Ford Ranger,suspension,1355.00,multibox,category,multi-box by category; no freight notes on the listing,
3,unconfirmed,1714,"Titan 7 T-C5 18x10 Forged Wheel Set - E46 M3, E9X M3, F80 M3, F82 M4",wheels-tires,1345.00,multibox,category,multi-box by category; no freight notes on the listing,
3,unconfirmed,975,QA1 88-98 C1500 Level 2 Front Coil-Over Conversion Kit - Single Adjustable (550lbs/in),suspension,1310.00,multibox,category,multi-box by category; no freight notes on the listing,
3,unconfirmed,1854,Dobinsons IMS Lift Kit for Toyota Prado 150,suspension,1290.00,multibox,category,multi-box by category; no freight notes on the listing,
3,unconfirmed,991,Ridetech 64-70 Ford Mustang Bolt-On 4 Link System Double Adjustable,suspension,1255.00,parcel,category,parcel by category; no freight notes on the listing,
3,unconfirmed,1845,Old Man Emu BP-51 Suspension Kit for Toyota Hilux (2015+),suspension,1250.00,multibox,category,multi-box by category; no freight notes on the listing,
3,unconfirmed,1846,Old Man Emu BP-51 Suspension Kit for Ford Ranger (2022+),suspension,1250.00,multibox,category,multi-box by category; no freight notes on the listing,
3,unconfirmed,1847,Old Man Emu MT64 Suspension Kit for Toyota LandCruiser 79 Series,suspension,1250.00,multibox,category,multi-box by category; no freight notes on the listing,
3,unconfirmed,1848,Old Man Emu Nitrocharger Sport Lift Kit for Toyota Prado 150,suspension,1250.00,multibox,category,multi-box by category; no freight notes on the listing,
3,unconfirmed,1849,Old Man Emu Nitrocharger Sport Lift Kit for Isuzu D-Max (2021+),suspension,1250.00,multibox,category,multi-box by category; no freight notes on the listing,
3,unconfirmed,1851,Old Man Emu BP-51 Suspension Kit for Toyota LandCruiser 300,suspension,1250.00,multibox,category,multi-box by category; no freight notes on the listing,
3,unconfirmed,1013,Ridetech 73-87 Chevy C10 Front StrongArm Control Arms Uppers and Lowers for use with CoilOvers,suspension,1240.00,multibox,category,multi-box by category; no freight notes on the listing,
3,unconfirmed,2096,Fuel Off-Road D611 Stroke Wheel Set - Toyota Hilux / Ford Ranger,wheels-tires,1205.00,multibox,category,multi-box by category; no freight notes on the listing,
3,unconfirmed,998,Ridetech 67-69 Camaro and Firebird Bolt-On 4 Link System,suspension,1205.00,parcel,category,parcel by category; no freight notes on the listing,
3,unconfirmed,1858,Dobinsons Lift Kit for Toyota LandCruiser 79 Series,suspension,1185.00,multibox,category,multi-box by category; no freight notes on the listing,
3,unconfirmed,1880,Ironman Suspension Kit for Mitsubishi Triton,suspension,1155.00,multibox,category,multi-box by category; no freight notes on the listing,
3,unconfirmed,1881,Tough Dog Adjustable Lift Kit for Toyota Hilux,suspension,1115.00,multibox,category,multi-box by category; no freight notes on the listing,
3,unconfirmed,1885,Tough Dog Suspension Kit for Toyota LandCruiser 79 Series,suspension,1095.00,multibox,category,multi-box by category; no freight notes on the listing,
3,unconfirmed,2095,Method Race Wheels MR301 The Standard - Toyota Hilux / Ford Ranger,wheels-tires,1055.00,multibox,category,multi-box by category; no freight notes on the listing,
3,unconfirmed,1855,Dobinsons IMS Suspension Kit for Isuzu D-Max,suspension,1050.00,multibox,category,multi-box by category; no freight notes on the listing,
3,unconfirmed,1878,Ironman 4x4 Nitro Gas Lift Kit for Isuzu D-Max,suspension,1045.00,multibox,category,multi-box by category; no freight notes on the listing,
3,unconfirmed,967,QA1 79-89 Ford Mustang Proma Star Coilover Strut Kit Double Adjust 200lb/in.,suspension,1045.00,multibox,category,multi-box by category; no freight notes on the listing,
3,unconfirmed,1857,Dobinsons Heavy Duty Suspension Kit for Nissan Navara NP300,suspension,1040.00,multibox,category,multi-box by category; no freight notes on the listing,
3,unconfirmed,1879,Ironman Foam Cell Lift Kit for Toyota Prado 150,suspension,1010.00,multibox,category,multi-box by category; no freight notes on the listing,
3,unconfirmed,1654,"BimmerWorld 18x10 ET25 TA8S Wheel Set - E82 1M, M235iR, E46 M3, E9X M3, F8X M3/M4",wheels-tires,945.00,multibox,category,multi-box by category; no freight notes on the listing,
3,unconfirmed,1655,"BimmerWorld 18x10 ET33 TA8S Wheel Set - F87 M2, E46 M3, F8X M3/M4",wheels-tires,945.00,multibox,category,multi-box by category; no freight notes on the listing,
3,unconfirmed,973,QA1 82-92 Chevrolet Camaro Proma Star Coilover Strut Kit Single Adjust,suspension,925.00,multibox,category,multi-box by category; no freight notes on the listing,
3,unconfirmed,1658,BimmerWorld 18x9.5 ET35 TA8S Wheel Set - E46 M3,wheels-tires,920.00,multibox,category,multi-box by category; no freight notes on the listing,
3,unconfirmed,1884,Tough Dog Adjustable Suspension Kit for Isuzu D-Max,suspension,915.00,multibox,category,multi-box by category; no freight notes on the listing,
3,unconfirmed,1631,BimmerWorld 18x8.5 TA5R Wheel Set - F22 228i/230i/M235i/M240i,wheels-tires,895.00,multibox,category,multi-box by category; no freight notes on the listing,
3,unconfirmed,997,Ridetech 65-70 Impala Rear HQ CoilOver Upgrade Package,suspension,880.00,multibox,category,multi-box by category; no freight notes on the listing,
3,unconfirmed,1657,BimmerWorld TA8S 18x9.5/10.5 Staggered Wheel Set - F8X M2/M3/M4,wheels-tires,865.00,multibox,category,multi-box by category; no freight notes on the listing,
3,unconfirmed,1245,UMI Performance 64-72 GM A-Body Tubular Upper & Lower Front A-Arm Kit - Black,suspension,860.00,multibox,category,multi-box by category; no freight notes on the listing,
3,unconfirmed,1852,Dobinsons IMS Lift Kit for Toyota Hilux (2015+),suspension,855.00,multibox,category,multi-box by category; no freight notes on the listing,
3,unconfirmed,1882,Tough Dog Foam Cell Suspension Kit for Ford Ranger,suspension,850.00,multibox,category,multi-box by category; no freight notes on the listing,
3,unconfirmed,1630,"BimmerWorld 17x9.5 TA5R Wheel Set - E36 M3 (Flares), E46 M3",wheels-tires,835.00,multibox,category,multi-box by category; no freight notes on the listing,
3,unconfirmed,1338,Weld S71 15x10.33 / 5x4.5 BP / 7.5in. BS Black Wheel (Medium Pad) - Black Single Beadlock MT,aftermarket,825.00,parcel,category,parcel by category; no freight notes on the listing,
3,unconfirmed,749,Manley Chevrolet Gen V LT1 Lightweight Series Short Snout Crankshaft 4.000 58-Tooth Reluctor Wheel,aftermarket,785.00,parcel,category,parcel by category; no freight notes on the listing,
3,unconfirmed,1397,Wilwood Forged Dynalite P/S Park Brake Kit Drilled 12 Bolt 2.75in offset Staggered Shock,brakes,780.00,parcel,category,parcel by category; no freight notes on the listing,
3,unconfirmed,1401,Wilwood Forged Dynalite P/S Park Brake Kit Drilled Red 12 Bolt 2.75in offset Staggered Shock,brakes,780.00,parcel,category,parcel by category; no freight notes on the listing,
3,unconfirmed,1652,"BimmerWorld 17x9.0 TA8S Wheel Set - E36, E46, F3X, E60 Xi, Z3, E85",wheels-tires,760.00,multibox,category,multi-box by category; no freight notes on the listing,
3,unconfirmed,1860,Bilstein 5160 Rear Remote Reservoir Shocks for Ford F-150,suspension,690.00,multibox,category,multi-box by category; no freight notes on the listing,
3,unconfirmed,1864,Bilstein B8 Lift Kit for Jeep Wrangler JL,suspension,685.00,multibox,category,multi-box by category; no freight notes on the listing,
3,unconfirmed,1883,Tough Dog 40mm Lift Kit for Nissan Navara NP300,suspension,665.00,multibox,category,multi-box by category; no freight notes on the listing,
3,unconfirmed,933,QA1 64-72 GM A/G-Body Pro Rear Coil-Over System - Double Adj. - 12in x 170lbs/in - Aluminum,suspension,660.00,multibox,category,multi-box by category; no freight notes on the listing,
3,unconfirmed,992,Ridetech 64-72 GM A-Body HQ Series CoilOvers Rear Pair,suspension,650.00,multibox,category,multi-box by category; no freight notes on the listing,
3,unconfirmed,1700,"Style 668M Rear Wheel, 20x9 ET44 (Titanium Matte) - G30 5-Series",wheels-tires,645.00,multibox,category,multi-box by category; no freight notes on the listing,
3,unconfirmed,1680,"BMW Style 5 16x7.5 Wheel - E30 M3, E28, E34, E24, E32",wheels-tires,635.00,multibox,category,multi-box by category; no freight notes on the listing,
3,unconfirmed,913,QA1 07-18 Chevrolet Silverado 2WD 12-800lb/in. Front Pro-Coil Kit S-Adj,suspension,635.00,multibox,category,multi-box by category; no freight notes on the listing,
3,unconfirmed,1622,Genuine BMW Style 800M 19x9.0 ET32 Wheel - G29 Z4,wheels-tires,615.00,multibox,category,multi-box by category; no freight notes on the listing,
3,unconfirmed,1865,Fox 2.5 Performance Elite Suspension Kit for Ford Ranger,suspension,605.00,multibox,category,multi-box by category; no freight notes on the listing,
3,unconfirmed,440,BMR 70-81 2nd Gen F-Body Upper And Lower A-Arm Kit - Black Hammertone,suspension,595.00,multibox,category,multi-box by category; no freight notes on the listing,
3,unconfirmed,1617,"BMW Motorsport Wheel, 18x11 ET-8 5x112 - G82 M4 GT4",wheels-tires,590.00,multibox,category,multi-box by category; no freight notes on the listing,
3,unconfirmed,479,BMR 93-02 F-Body Upper And Lower A-Arm Kit - Black Hammertone,suspension,590.00,multibox,category,multi-box by category; no freight notes on the listing,
3,unconfirmed,480,BMR 93-02 F-Body Upper And Lower A-Arm Kit - Red,suspension,590.00,multibox,category,multi-box by category; no freight notes on the listing,
3,unconfirmed,1017,Ridetech HQ Series Rear ShockWaves 5in Travel 5in dia Rolling Sleeve .625 Bearing/.625 Bearing,suspension,590.00,multibox,category,multi-box by category; no freight notes on the listing,
3,unconfirmed,1621,Genuine BMW Style 800M 19x10.0 ET40 Wheel - G29 Z4,wheels-tires,585.00,multibox,category,multi-box by category; no freight notes on the listing,
3,unconfirmed,1656,BimmerWorld TA8S 18x9.5/10.5 Staggered Wheel Set - E46 M3,wheels-tires,575.00,multibox,category,multi-box by category; no freight notes on the listing,
3,unconfirmed,1699,"Style 668M Front Wheel, 20x8 ET30 (Titanium Matte) - G30 5-Series",wheels-tires,575.00,multibox,category,multi-box by category; no freight notes on the listing,
3,unconfirmed,980,QA1 GM Pro Front Coil-Over System - Double Adj. - 10in x 450lbs/in - Pigtail - Aluminum,suspension,575.00,multibox,category,multi-box by category; no freight notes on the listing,
3,unconfirmed,983,Ridetech 58-64 Chevy Front Lower StrongArms for use with CoolRide,suspension,565.00,multibox,category,multi-box by category; no freight notes on the listing,
3,unconfirmed,999,Ridetech 67-69 Camaro and Firebird HQ Series Front CoilOvers Pair,suspension,560.00,multibox,category,multi-box by category; no freight notes on the listing,
3,unconfirmed,1009,Ridetech 68-72 GM A-Body HQ Series CoilOvers Front Pair,suspension,560.00,multibox,category,multi-box by category; no freight notes on the listing,
3,unconfirmed,1012,Ridetech 68-79 Chevy C3 Corvette HQ Series CoilOvers Front Pair,suspension,560.00,multibox,category,multi-box by category; no freight notes on the listing,
3,unconfirmed,430,BMR 64-72 A-Body Upper And Lower A-Arm Kit - Black Hammertone,suspension,530.00,multibox,category,multi-box by category; no freight notes on the listing,
3,unconfirmed,431,BMR 64-72 A-Body Upper And Lower A-Arm Kit - Red,suspension,530.00,multibox,category,multi-box by category; no freight notes on the listing,
3,unconfirmed,934,QA1 64-72 GM A/G-Body Pro Rear Coil-Over System - Single Adj. - 12in x 150lbs/in - Aluminum,suspension,530.00,multibox,category,multi-box by category; no freight notes on the listing,
3,unconfirmed,935,QA1 64-72 GM A/G-Body Pro Rear Coil-Over System - Single Adj. - 12in x 170lbs/in - Aluminum,suspension,530.00,multibox,category,multi-box by category; no freight notes on the listing,
3,unconfirmed,993,Ridetech 64-72 GM A-Body StrongArms Front Lower,suspension,530.00,multibox,category,multi-box by category; no freight notes on the listing,
3,unconfirmed,1002,Ridetech 67-69 Camaro Firebird and 68-74 Nova Front Lower StrongArms,suspension,530.00,multibox,category,multi-box by category; no freight notes on the listing,
3,unconfirmed,1000,Ridetech 67-69 Camaro and Firebird Rear HQ Series CoilOver Pair,suspension,525.00,multibox,category,multi-box by category; no freight notes on the listing,
3,unconfirmed,1611,Genuine BMW Style 791M 19x8.0 ET27 Wheel - G42 G20 G22/G26 G23,wheels-tires,520.00,multibox,category,multi-box by category; no freight notes on the listing,
3,unconfirmed,1612,Genuine BMW Style 792M 19x8.0 ET27 Wheel - G42 G20 G22/G26 G23,wheels-tires,520.00,multibox,category,multi-box by category; no freight notes on the listing,
3,unconfirmed,1613,Genuine BMW Style 793 19x8.0 ET27 Wheel - G42 G20 G22/G26 G23,wheels-tires,520.00,multibox,category,multi-box by category; no freight notes on the listing,
3,unconfirmed,1614,Genuine BMW Style 791M 19x8.5 ET40 Wheel - G42 G20 G22/G26 G23,wheels-tires,520.00,multibox,category,multi-box by category; no freight notes on the listing,
3,unconfirmed,1615,Genuine BMW Style 792M 19x8.5 ET40 Wheel - G42 G20 G22/G26 G23,wheels-tires,520.00,multibox,category,multi-box by category; no freight notes on the listing,
3,unconfirmed,936,QA1 64-72 GM A/G-Body Street Performance Lower Control Arm Kit - Front,suspension,515.00,multibox,category,multi-box by category; no freight notes on the listing,
3,unconfirmed,948,QA1 67-73 Ford Mustang Pro Front Coil-Over System - Single Adj. - 10in x 450lbs/in - Aluminum,suspension,515.00,multibox,category,multi-box by category; no freight notes on the listing,
3,unconfirmed,949,QA1 67-73 Ford Mustang Pro Front Coil-Over System - Single Adj. - 10in x 500lbs/in - Aluminum,suspension,515.00,multibox,category,multi-box by category; no freight notes on the listing,
3,unconfirmed,955,QA1 70-81 GM F-Body/73-77 A-Body/75-79 X-Body/78-96 B-Body Street Perf Lower Control Arm Kit - Front,suspension,515.00,multibox,category,multi-box by category; no freight notes on the listing,
3,unconfirmed,957,QA1 71-76 GM B-Body Control Arm Kit Lower Street Perform,suspension,515.00,multibox,category,multi-box by category; no freight notes on the listing,
3,unconfirmed,1709,Titan7 T-S5 20x11 ET44 Forged Wheel,wheels-tires,510.00,multibox,category,multi-box by category; no freight notes on the listing,
3,unconfirmed,1712,Titan7 T-S5 20x11 ET30 Forged Wheel,wheels-tires,510.00,multibox,category,multi-box by category; no freight notes on the listing,
3,unconfirmed,923,QA1 64-66 Ford Mustang Pro Front Coil-Over System - Single Adj. - 10in x 400lbs/in - Aluminum,suspension,510.00,multibox,category,multi-box by category; no freight notes on the listing,
3,unconfirmed,947,QA1 67-73 Ford Mustang Pro Front Coil-Over System - Single Adj. - 10in x 400lbs/in - Aluminum,suspension,510.00,multibox,category,multi-box by category; no freight notes on the listing,
3,unconfirmed,1711,Titan7 T-S5 20x10 ET22 Forged Wheel,wheels-tires,505.00,multibox,category,multi-box by category; no freight notes on the listing,
3,unconfirmed,1704,Titan 7 T-M20 Forged Wheel - G8X M2/M3/M4,wheels-tires,500.00,multibox,category,multi-box by category; no freight notes on the listing,
3,unconfirmed,1710,Titan7 T-S5 20x9.5 ET25 Forged Wheel,wheels-tires,500.00,multibox,category,multi-box by category; no freight notes on the listing,
3,unconfirmed,1619,Genuine BMW Style 772 19x10.0 ET32 Wheel - G29 Z4,wheels-tires,475.00,multibox,category,multi-box by category; no freight notes on the listing,
3,unconfirmed,1620,Genuine BMW Style 772 19x9.0 ET32 Wheel - G29 Z4,wheels-tires,475.00,multibox,category,multi-box by category; no freight notes on the listing,
3,unconfirmed,1701,"Style 718M Alloy Wheel, 21x8.5 ET30 (Black/Polished) - G01 X3 & G02 X4",wheels-tires,465.00,multibox,category,multi-box by category; no freight notes on the listing,
3,unconfirmed,1278,UMI Performance 82-92 F-Body 78-88 G-Body S10 Tubular Front Lower A-Arms Poly (Unit 1),suspension,460.00,multibox,category,multi-box by category; no freight notes on the listing,
3,unconfirmed,1279,UMI Performance 82-92 F-Body 78-88 G-Body S10 Tubular Front Lower A-Arms Poly (Unit 2),suspension,460.00,multibox,category,multi-box by category; no freight notes on the listing,
3,unconfirmed,385,BMR 08-17 Challenger Bolt-On Subframe Connectors - Red,suspension,455.00,parcel,category,parcel by category; no freight notes on the listing,
3,unconfirmed,954,QA1 70-81 GM F-Body/73-77 A-Body/75-79 X-Body/78-96 B-Body Pro-Touring Upper Control Arm Kit - Front,suspension,445.00,multibox,category,multi-box by category; no freight notes on the listing,
3,unconfirmed,1717,Titan7 T-S5 19x10.5 ET44 Forged Wheel,wheels-tires,425.00,multibox,category,multi-box by category; no freight notes on the listing,
3,unconfirmed,1718,Titan7 T-S5 19x9.5 ET27 Forged Wheel,wheels-tires,420.00,multibox,category,multi-box by category; no freight notes on the listing,
3,unconfirmed,1228,UMI 82-02 GM F-Body Rear Sway Bar - Splined,suspension,410.00,multibox,category,multi-box by category; no freight notes on the listing,
3,unconfirmed,1229,UMI 82-02 GM F-Body Rear Sway Bar - Splined - Black,suspension,410.00,multibox,category,multi-box by category; no freight notes on the listing,
3,unconfirmed,1659,"BimmerWorld TE:AL TA16 Forged Race Wheel - 18""",wheels-tires,400.00,multibox,category,multi-box by category; no freight notes on the listing,
3,unconfirmed,1001,Ridetech 67-69 Camaro Bolt-In Subframe Connectors,suspension,400.00,parcel,category,parcel by category; no freight notes on the listing,
3,unconfirmed,1610,Genuine BMW Style 790M 18x7.5 ET25 Wheel - G42 G20 G22/G26 G23,wheels-tires,395.00,multibox,category,multi-box by category; no freight notes on the listing,
3,unconfirmed,929,QA1 64-72 GM A-Body Front & Rear Sway Bar Kit (1-1/4in Front & 1in Rear),suspension,390.00,multibox,category,multi-box by category; no freight notes on the listing,
3,unconfirmed,994,Ridetech 64-72 GM A-Body StrongArms Front Upper,suspension,390.00,multibox,category,multi-box by category; no freight notes on the listing,
3,unconfirmed,1004,Ridetech 67-69 Camaro Firebird and 68-74 Nova Front Upper StrongArms,suspension,390.00,multibox,category,multi-box by category; no freight notes on the listing,
3,unconfirmed,937,QA1 64-72 GM A/G-Body Street Performance Upper Control Arm Kit - Front,suspension,380.00,multibox,category,multi-box by category; no freight notes on the listing,
3,unconfirmed,946,QA1 67-69 GM F-Body/68-74 X-Body Street Performance Upper Control Arm Kit - Front,suspension,380.00,multibox,category,multi-box by category; no freight notes on the listing,
3,unconfirmed,956,QA1 70-81 GM F-Body/73-77 A-Body/75-79 X-Body/78-96 B-Body Street Perf Upper Control Arm Kit - Front,suspension,380.00,multibox,category,multi-box by category; no freight notes on the listing,
3,unconfirmed,1670,"BimmerWorld TE:AL TA16 Forged Race Wheel - 17"" 5x120",wheels-tires,375.00,multibox,category,multi-box by category; no freight notes on the listing,
3,unconfirmed,1674,"Enkei GTC02 19 Wheel - G42 230i/M240i, G20 330i/M340i, G22 430i/M440i",wheels-tires,375.00,multibox,category,multi-box by category; no freight notes on the listing,
3,unconfirmed,1286,UMI Performance 93-02 GM F-Body Front and Rear Sway Bar Kit Tubular (Unit 1),suspension,370.00,multibox,category,multi-box by category; no freight notes on the listing,
3,unconfirmed,1287,UMI Performance 93-02 GM F-Body Front and Rear Sway Bar Kit Tubular (Unit 2),suspension,370.00,multibox,category,multi-box by category; no freight notes on the listing,
3,unconfirmed,1014,Ridetech 88-98 Chevy C1500 StrongArms Front Upper Control Arms,suspension,365.00,multibox,category,multi-box by category; no freight notes on the listing,
3,unconfirmed,1678,"Enkei RS05RR Wheel - G42 230i/M240i, G20 330i/M340i, G22 430i/M440i",wheels-tires,345.00,multibox,category,multi-box by category; no freight notes on the listing,
3,unconfirmed,1676,"Enkei NT03RR Wheel - G42 230i/M240i, G20 330i/M340i, G22 430i/M440i",wheels-tires,335.00,multibox,category,multi-box by category; no freight notes on the listing,
3,unconfirmed,1019,Ridetech RidePro E5 Ride Height Sensor Kit,suspension,335.00,parcel,category,parcel by category; no freight notes on the listing,
3,unconfirmed,1059,Sparco Steering Wheel F10C Carbon Suede Black,interior,335.00,parcel,category,parcel by category; no freight notes on the listing,
3,unconfirmed,166,Nissan 350Z MOMO MOD 07 Steering Wheel,interior,330.00,parcel,category,parcel by category; no freight notes on the listing,
3,unconfirmed,984,Ridetech 58-64 Chevy Impala MUSCLEbar Sway Bar Rear,suspension,330.00,multibox,category,multi-box by category; no freight notes on the listing,
3,unconfirmed,1005,Ridetech 67-69 Camaro Firebird Rear MuscleBar Sway Bar Modular design w/ PosiLinks,suspension,330.00,multibox,category,multi-box by category; no freight notes on the listing,
3,unconfirmed,390,BMR 08-18 Dodge Challenger Aluminum Rear Cradle Bushings Kit - Black Anodized,suspension,325.00,multibox,category,multi-box by category; no freight notes on the listing,
3,unconfirmed,1607,Genuine BMW Style 780 18x7.5 ET25 Wheel - G42 G20 G22/G26 G23,wheels-tires,315.00,multibox,category,multi-box by category; no freight notes on the listing,
3,unconfirmed,1608,Genuine BMW Style 781 18x7.5 ET25 Wheel - G42 G20 G22/G26 G23,wheels-tires,315.00,multibox,category,multi-box by category; no freight notes on the listing,
3,unconfirmed,1609,Genuine BMW Style 782 18x7.5 ET25 Wheel - G42 G20 G22/G26 G23,wheels-tires,315.00,multibox,category,multi-box by category; no freight notes on the listing,
3,unconfirmed,1618,Genuine BMW Style 719M Jet Black 18x7.5 ET45 Wheel,wheels-tires,315.00,multibox,category,multi-box by category; no freight notes on the listing,
3,unconfirmed,1675,"Enkei GTC02 18 Wheel - G42 230i/M240i, G20 330i/M340i, G22 430i/M440i",wheels-tires,315.00,multibox,category,multi-box by category; no freight notes on the listing,
3,unconfirmed,1698,Style 662M Alloy Wheel 20x8 ET30 (Orbit Grey) - G30 5-Series,wheels-tires,315.00,multibox,category,multi-box by category; no freight notes on the listing,
3,unconfirmed,1705,"Titan 7 T-M20 Forged Wheel - E36 M3, E46 M3, E9X M3, F8X M2/M3/M4",wheels-tires,315.00,multibox,category,multi-box by category; no freight notes on the listing,
3,unconfirmed,989,Ridetech 63-82 Chevy Corvette Front Sway Bar,suspension,315.00,multibox,category,multi-box by category; no freight notes on the listing,
3,unconfirmed,1010,Ridetech 68-72 GM A-Body Rear MuscleBar,suspension,315.00,multibox,category,multi-box by category; no freight notes on the listing,
3,unconfirmed,497,"BMR Adjustable Lower A-Arms,Polyurethane/Rod End Combo",suspension,310.00,multibox,category,multi-box by category; no freight notes on the listing,
3,unconfirmed,498,"BMR Adjustable Lower A-Arms,Polyurethane/Rod End Combo, 1"" Lowering",suspension,310.00,multibox,category,multi-box by category; no freight notes on the listing,
3,unconfirmed,1603,APEX SM-10 19-inch Flow-Formed Wheel - 5x112,wheels-tires,305.00,multibox,category,multi-box by category; no freight notes on the listing,
3,unconfirmed,437,BMR 68-72 A-Body Non-Adj. Rear Suspension Kit - Black Hammertone,suspension,305.00,multibox,category,multi-box by category; no freight notes on the listing,
3,unconfirmed,939,QA1 65-72 Ford F100 Rear Sway Bar - 1-1/4in,suspension,305.00,multibox,category,multi-box by category; no freight notes on the listing,
3,unconfirmed,944,QA1 65-79 Ford F100 Front Sway Bar - 1-3/8in,suspension,305.00,multibox,category,multi-box by category; no freight notes on the listing,
3,unconfirmed,959,QA1 71-96 GM B-Body Big Wheel Sway Bar Kit Rear 1-1/4in,suspension,305.00,multibox,category,multi-box by category; no freight notes on the listing,
3,unconfirmed,960,QA1 71-96 GM B-Body Trailing Arms Lower Adjustable,suspension,305.00,multibox,category,multi-box by category; no freight notes on the listing,
3,unconfirmed,1261,UMI Performance 70-81 GM F-Body Rear Leaf Spring Set 2in Lowering,suspension,300.00,multibox,category,multi-box by category; no freight notes on the listing,
3,unconfirmed,1604,Genuine BMW Style 775 17x7.5 ET30 Wheel - G42 G20 330i/M340i,wheels-tires,295.00,multibox,category,multi-box by category; no freight notes on the listing,
3,unconfirmed,919,QA1 63-72 Chevrolet C10 Rear Sway Bar - 1-1/4in,suspension,295.00,multibox,category,multi-box by category; no freight notes on the listing,
3,unconfirmed,977,QA1 94-04 Ford Mustang (4.6/5.0L) Race Lower Control Arm Kit - Front,suspension,295.00,multibox,category,multi-box by category; no freight notes on the listing,
3,unconfirmed,1602,APEX FL-5 Race Wheel - 18x10.5 ET22 Race Silver,wheels-tires,290.00,multibox,category,multi-box by category; no freight notes on the listing,
3,unconfirmed,1280,UMI Performance 82-92 GM F-Body Boxed Style Weld-In Subframe Connectors,suspension,290.00,multibox,category,multi-box by category; no freight notes on the listing,
3,unconfirmed,1934,Michelin Pilot Sport 5 225/40R18,wheels-tires,280.00,multibox,category,multi-box by category; no freight notes on the listing,
3,unconfirmed,356,BMR 04-05 CTS-V Rear Toe Rod Kit - Red,suspension,280.00,multibox,category,multi-box by category; no freight notes on the listing,
3,unconfirmed,990,Ridetech 63-87 Chevy C10 2WD Front MuscleBar Sway Bar use with Stock Lower Arms,suspension,275.00,multibox,category,multi-box by category; no freight notes on the listing,
3,unconfirmed,1242,UMI Performance 64-72 GM A-Body Solid Front and Rear Sway Bar Kit (Unit 1),suspension,275.00,multibox,category,multi-box by category; no freight notes on the listing,
3,unconfirmed,1243,UMI Performance 64-72 GM A-Body Solid Front and Rear Sway Bar Kit (Unit 2),suspension,275.00,multibox,category,multi-box by category; no freight notes on the listing,
3,unconfirmed,410,BMR 14-17 Chevy SS Bolt-On Subframe Connectors - Black Hammertone,suspension,265.00,parcel,category,parcel by category; no freight notes on the listing,
3,unconfirmed,411,BMR 14-17 Chevy SS Sedan Bolt-On Subframe Connectors - Red,suspension,265.00,parcel,category,parcel by category; no freight notes on the listing,
3,unconfirmed,958,QA1 71-76 GM B-Body Sway Bar Kit Front 1-3/8in,suspension,260.00,multibox,category,multi-box by category; no freight notes on the listing,
3,unconfirmed,1606,Genuine BMW Style 771 17x7.5 ET30 Wheel - G42 G20 G22/G26 G23,wheels-tires,255.00,multibox,category,multi-box by category; no freight notes on the listing,
3,unconfirmed,1008,Ridetech 68-72 GM A-Body Front MuscleBar,suspension,255.00,multibox,category,multi-box by category; no freight notes on the listing,
3,unconfirmed,1677,"Enkei RPF1 Wheel - G42 230i/M240i, G20 330i/M340i, G22 430i/M440i",wheels-tires,250.00,multibox,category,multi-box by category; no freight notes on the listing,
3,unconfirmed,394,BMR 10-15 5th Gen Camaro Bolt-On Subframe Connectors - Red,suspension,250.00,parcel,category,parcel by category; no freight notes on the listing,
3,unconfirmed,506,"BMR Upper Adjustable A-arms, Rod Ends",suspension,250.00,multibox,category,multi-box by category; no freight notes on the listing,
3,unconfirmed,399,BMR 10-15 5th Gen Camaro Rear Adj. Rod Ends Toe Rods - Black Hammertone,suspension,245.00,multibox,category,multi-box by category; no freight notes on the listing,
3,unconfirmed,400,BMR 10-15 5th Gen Camaro Rear Adj. Rod Ends Toe Rods - Red,suspension,245.00,multibox,category,multi-box by category; no freight notes on the listing,
3,unconfirmed,456,BMR 79-93 Fox Mustang Non-Adj Lower A-Arms Standard Ball Joint Spring Pocket - Black Hammertone,suspension,245.00,multibox,category,multi-box by category; no freight notes on the listing,
3,unconfirmed,458,BMR 79-95 Ford Mustang K-Member Standard Version w/ Coilover Perches - Black Hammertone,suspension,245.00,multibox,category,multi-box by category; no freight notes on the listing,
3,unconfirmed,459,BMR 79-95 Ford Mustang K-Member Standard Version w/ Coilover Perches - Red,suspension,245.00,multibox,category,multi-box by category; no freight notes on the listing,
3,unconfirmed,473,BMR 91-96 B-Body Non-Adj. Extended Length Lower Control Arms (Polyurethane) - Black Hammertone,suspension,245.00,multibox,category,multi-box by category; no freight notes on the listing,
3,unconfirmed,487,BMR 96-04 New Edge Mustang K-Member Standard Version / Coilover Version - Black Hammertone,suspension,245.00,multibox,category,multi-box by category; no freight notes on the listing,
3,unconfirmed,488,BMR 96-04 New Edge Mustang K-Member Standard Version / Coilover Version - Red,suspension,245.00,multibox,category,multi-box by category; no freight notes on the listing,
3,unconfirmed,995,Ridetech 64-72 GM A-Body StrongArms Rear Lower,suspension,245.00,multibox,category,multi-box by category; no freight notes on the listing,
3,unconfirmed,1003,Ridetech 67-69 Camaro Firebird and 68-74 Nova Front MuscleBar,suspension,245.00,multibox,category,multi-box by category; no freight notes on the listing,
3,unconfirmed,986,Ridetech 58-64 Impala Front MuscleBar,suspension,240.00,multibox,category,multi-box by category; no freight notes on the listing,
3,unconfirmed,966,QA1 79-04 Ford Mustang/79-86 Mercury Capri Lower Boxed Trailing Arms,suspension,235.00,multibox,category,multi-box by category; no freight notes on the listing,
3,unconfirmed,1259,UMI Performance 68-72 GM A-Body Tubular Upper & Lower Control Arms,suspension,235.00,multibox,category,multi-box by category; no freight notes on the listing,
3,unconfirmed,1936,Pirelli Scorpion All Terrain Plus 265/65R17,wheels-tires,230.00,multibox,category,multi-box by category; no freight notes on the listing,
3,unconfirmed,1653,"BimmerWorld TA8S 18 inch Flow-Form Wheel - E46 M3, E9X M3, F8X M2/M3/M4",wheels-tires,230.00,multibox,category,multi-box by category; no freight notes on the listing,
3,unconfirmed,401,BMR 10-15 5th Gen Camaro Rear Adj. Toe Rods (Polyurethane) - Black Hammertone,suspension,230.00,multibox,category,multi-box by category; no freight notes on the listing,
3,unconfirmed,927,QA1 64-67 GM A-Body Upper Adjustable Trailing Arms,suspension,230.00,multibox,category,multi-box by category; no freight notes on the listing,
3,unconfirmed,931,QA1 64-72 GM A-Body Lower Boxed Trailing Arms,suspension,230.00,multibox,category,multi-box by category; no freight notes on the listing,
3,unconfirmed,953,QA1 68-72 GM A-Body Upper Adjustable Trailing Arms,suspension,230.00,multibox,category,multi-box by category; no freight notes on the listing,
3,unconfirmed,962,QA1 78-96 GM B-Body Upper Adjustable Trailing Arms,suspension,230.00,multibox,category,multi-box by category; no freight notes on the listing,
3,unconfirmed,965,QA1 79-04 Ford Mustang Upper Adjustable Trailing Arms,suspension,230.00,multibox,category,multi-box by category; no freight notes on the listing,
3,unconfirmed,968,QA1 79-93 Ford Mustang (w/94-04 Spindle) Eco Street Tubular Control Arm Kit - Front,suspension,230.00,multibox,category,multi-box by category; no freight notes on the listing,
3,unconfirmed,979,QA1 94-04 Ford Mustang Eco Street Tubular Lower Control Arm Kit - Front,suspension,230.00,multibox,category,multi-box by category; no freight notes on the listing,
3,unconfirmed,1292,UMI Performance 93-02 GM F-Body Tubular Subframe Connectors - Bolt-In,suspension,230.00,parcel,category,parcel by category; no freight notes on the listing,
3,unconfirmed,1650,"BimmerWorld TA5R 18 inch Flow-Form Wheel - E36, E46, E9X, F3X, F8X, Z3, Z4",wheels-tires,225.00,multibox,category,multi-box by category; no freight notes on the listing,
3,unconfirmed,789,NRG Carbon Fiber Steering Wheel (320mm) Flat Bottom w/Shiny Black Carbon,interior,225.00,parcel,category,parcel by category; no freight notes on the listing,
3,unconfirmed,961,QA1 75-79 GM X-Body/73-77 A-Body/70-81 Chevrolet Camaro Front Sway Bar - 1-3/8in,suspension,225.00,multibox,category,multi-box by category; no freight notes on the listing,
3,unconfirmed,1284,UMI Performance 91-96 Impala SS Adjustable Extended Length Lower Control Arms (Unit 1),suspension,225.00,multibox,category,multi-box by category; no freight notes on the listing,
3,unconfirmed,1285,UMI Performance 91-96 Impala SS Adjustable Extended Length Lower Control Arms (Unit 2),suspension,225.00,multibox,category,multi-box by category; no freight notes on the listing,
3,unconfirmed,1605,Genuine BMW Style 776 17x7.5 ET30 Wheel - G42 G20 G22/G26 G23,wheels-tires,220.00,multibox,category,multi-box by category; no freight notes on the listing,
3,unconfirmed,930,QA1 64-72 GM A-Body Front Sway Bar - 1-1/4in,suspension,220.00,multibox,category,multi-box by category; no freight notes on the listing,
3,unconfirmed,945,QA1 67-69 GM F-Body/68-74 X-Body Front Sway Bar - 1-1/4in,suspension,220.00,multibox,category,multi-box by category; no freight notes on the listing,
3,unconfirmed,985,Ridetech 58-64 Chevy StrongArms CoolRide Rear Lower,suspension,220.00,multibox,category,multi-box by category; no freight notes on the listing,
3,unconfirmed,1062,Sparco Steering Wheel R350B Suede w/ Button,interior,220.00,parcel,category,parcel by category; no freight notes on the listing,
3,unconfirmed,1063,Sparco Steering Wheel R383 Champion Black Leather / Black Stitching,interior,220.00,parcel,category,parcel by category; no freight notes on the listing,
3,unconfirmed,1288,UMI Performance 93-02 GM F-Body Front Sway Bar 35mm Tubular,suspension,220.00,multibox,category,multi-box by category; no freight notes on the listing,
3,unconfirmed,1693,"TPMS / RDC Control Unit, 433MHz - F10 F06 F12 F13 F25 F26 (2011+)",wheels-tires,215.00,multibox,category,multi-box by category; no freight notes on the listing,
3,unconfirmed,1702,TPMS RDC Control Unit 433MHz - F22 F23 F30 F31 F32 F33 (2012-2014),wheels-tires,215.00,multibox,category,multi-box by category; no freight notes on the listing,
3,unconfirmed,388,BMR 08-17 Challenger Rear On-Car Adj. Toe Rods Delrin/Rod End Combo - Black Hammertone,suspension,215.00,multibox,category,multi-box by category; no freight notes on the listing,
3,unconfirmed,464,BMR 82-02 3rd Gen F-Body Adj. Bolt-In Torque Arm - Red,suspension,215.00,parcel,category,parcel by category; no freight notes on the listing,
3,unconfirmed,1295,UMI Performance 93-02 GM F-Body Upper A-Arms Non-Adjustable,suspension,215.00,multibox,category,multi-box by category; no freight notes on the listing,
3,unconfirmed,1933,Michelin Pilot Sport 4S 245/35ZR19,wheels-tires,210.00,multibox,category,multi-box by category; no freight notes on the listing,
3,unconfirmed,1281,UMI Performance 82-92 GM F-Body Front Sway Bar 35mm,suspension,210.00,multibox,category,multi-box by category; no freight notes on the listing,
3,unconfirmed,1924,BFGoodrich All-Terrain T/A KO2 285/70R17,wheels-tires,205.00,multibox,category,multi-box by category; no freight notes on the listing,
3,unconfirmed,1931,Falken Wildpeak A/T4W 285/70R17,wheels-tires,205.00,multibox,category,multi-box by category; no freight notes on the listing,
3,unconfirmed,1937,Pirelli P Zero 245/35ZR19,wheels-tires,205.00,multibox,category,multi-box by category; no freight notes on the listing,
3,unconfirmed,1601,APEX ARC-8 17x8 ET25 4x100 Alloy Wheel - E21 E30 3-Series,wheels-tires,205.00,multibox,category,multi-box by category; no freight notes on the listing,
3,unconfirmed,1629,BimmerWorld 10mm 5x112 Wheel Spacers & Race Studs - G8X M2 M3 M4,wheels-tires,205.00,multibox,category,multi-box by category; no freight notes on the listing,
3,unconfirmed,1679,"Compact Spare Wheel, BMW - G30 G01 G02 G11 G12",wheels-tires,205.00,multibox,category,multi-box by category; no freight notes on the listing,
3,unconfirmed,386,BMR 08-17 Challenger Front and Rear Sway Bar End Link Kit - Black,suspension,205.00,multibox,category,multi-box by category; no freight notes on the listing,
3,unconfirmed,790,NRG Carbon Fiber Steering Wheel (320mm) Flat Btm. Blk Suede/Red Stitch w/CF Spokes & Red Center Mark,interior,205.00,parcel,category,parcel by category; no freight notes on the listing,
3,unconfirmed,802,NRG Forged Carbon Fiber Steering Wheel (350mm / 3in. Deep),interior,205.00,parcel,category,parcel by category; no freight notes on the listing,
3,unconfirmed,1011,Ridetech 68-72 GM A-Body StrongArms Rear Upper,suspension,205.00,multibox,category,multi-box by category; no freight notes on the listing,
3,unconfirmed,1926,BFGoodrich Mud-Terrain T/A KM3 285/75R16,wheels-tires,200.00,multibox,category,multi-box by category; no freight notes on the listing,
3,unconfirmed,1681,Genuine BMW E9X Style 360 16x7.0 ET31 Wheel,wheels-tires,200.00,multibox,category,multi-box by category; no freight notes on the listing,
3,unconfirmed,463,BMR 79-98 Fox Mustang Single Adj. Lower Control Arms / Rod End (Polyurethane) - Black Hammertone,suspension,200.00,multibox,category,multi-box by category; no freight notes on the listing,
3,unconfirmed,1942,Cooper Discoverer STT Pro 285/75R16,wheels-tires,195.00,multibox,category,multi-box by category; no freight notes on the listing,
3,unconfirmed,1697,Space Saver Spare Wheel with Tire - G30 G11 G12 G01 G02,wheels-tires,195.00,multibox,category,multi-box by category; no freight notes on the listing,
3,unconfirmed,391,BMR 08-18 Dodge Challenger Front Strut Tower Brace - Red (Twin Tube Design),suspension,195.00,multibox,category,multi-box by category; no freight notes on the listing,
3,unconfirmed,1938,Nitto Ridge Grappler 285/70R17,wheels-tires,190.00,multibox,category,multi-box by category; no freight notes on the listing,
3,unconfirmed,1649,"BimmerWorld TA5R 17 inch Flow-Form Wheel - E36, E46, E9X, F3X, Z3, Z4",wheels-tires,190.00,multibox,category,multi-box by category; no freight notes on the listing,
3,unconfirmed,1651,"BimmerWorld TA8S 17 inch Flow-Form Wheel - E36, E46, E9X, F3X, Z3, Z4",wheels-tires,190.00,multibox,category,multi-box by category; no freight notes on the listing,
3,unconfirmed,928,QA1 64-72 GM A-Body Anti-Hop Bars - Rear,suspension,190.00,multibox,category,multi-box by category; no freight notes on the listing,
3,unconfirmed,1227,UMI 65-70 Chevy B-Body Front Sway Bar Solid - 1-1/8 - Red,suspension,190.00,multibox,category,multi-box by category; no freight notes on the listing,
3,unconfirmed,1060,Sparco Steering Wheel R350 Leather,interior,185.00,parcel,category,parcel by category; no freight notes on the listing,
3,unconfirmed,1061,Sparco Steering Wheel R350 Suede,interior,185.00,parcel,category,parcel by category; no freight notes on the listing,
3,unconfirmed,361,BMR 04-06 GTO Skid Guard (Aluminum) - Black Hammertone,suspension,180.00,multibox,category,multi-box by category; no freight notes on the listing,
3,unconfirmed,426,BMR 64-67 A-Body Non-Adj. Rear Suspension Kit - Black Hammertone,suspension,180.00,multibox,category,multi-box by category; no freight notes on the listing,
3,unconfirmed,924,QA1 64-67 GM A-Body (w/Trailing Arm) Adjustable Rear Frame Support,suspension,180.00,multibox,category,multi-box by category; no freight notes on the listing,
3,unconfirmed,932,QA1 64-72 GM A-Body Rear Sway Bar - 1in,suspension,180.00,multibox,category,multi-box by category; no freight notes on the listing,
3,unconfirmed,950,QA1 68-72 GM A-Body Adjustable Rear Frame Support,suspension,180.00,multibox,category,multi-box by category; no freight notes on the listing,
3,unconfirmed,1091,TiAL Sport Q BOV 10 PSI Spring - Black,turbocharger,180.00,parcel,category,parcel by category; no freight notes on the listing,
3,unconfirmed,1092,TiAL Sport Q BOV 10 PSI Spring - Blue,turbocharger,180.00,parcel,category,parcel by category; no freight notes on the listing,
3,unconfirmed,1093,TiAL Sport Q BOV 10 PSI Spring - Purple,turbocharger,180.00,parcel,category,parcel by category; no freight notes on the listing,
3,unconfirmed,1094,TiAL Sport Q BOV 10 PSI Spring - Red,turbocharger,180.00,parcel,category,parcel by category; no freight notes on the listing,
3,unconfirmed,1095,TiAL Sport Q BOV 11 PSI Spring - Black,turbocharger,180.00,parcel,category,parcel by category; no freight notes on the listing,
3,unconfirmed,1096,TiAL Sport Q BOV 11 PSI Spring - Blue,turbocharger,180.00,parcel,category,parcel by category; no freight notes on the listing,
3,unconfirmed,1097,TiAL Sport Q BOV 11 PSI Spring - Red,turbocharger,180.00,parcel,category,parcel by category; no freight notes on the listing,
3,unconfirmed,1098,TiAL Sport Q BOV 11 PSI Spring - Silver,turbocharger,180.00,parcel,category,parcel by category; no freight notes on the listing,
3,unconfirmed,1099,TiAL Sport Q BOV 12 PSI Spring - Purple,turbocharger,180.00,parcel,category,parcel by category; no freight notes on the listing,
3,unconfirmed,1100,TiAL Sport Q BOV 12 PSI Spring - Red,turbocharger,180.00,parcel,category,parcel by category; no freight notes on the listing,
3,unconfirmed,1101,TiAL Sport Q BOV 12 PSI Spring - Silver,turbocharger,180.00,parcel,category,parcel by category; no freight notes on the listing,
3,unconfirmed,1102,TiAL Sport Q BOV 2 PSI Spring - Black,turbocharger,180.00,parcel,category,parcel by category; no freight notes on the listing,
3,unconfirmed,1103,TiAL Sport Q BOV 2 PSI Spring - Red,turbocharger,180.00,parcel,category,parcel by category; no freight notes on the listing,
3,unconfirmed,1104,TiAL Sport Q BOV 6 PSI Spring - Blue,turbocharger,180.00,parcel,category,parcel by category; no freight notes on the listing,
3,unconfirmed,1105,TiAL Sport Q BOV 6 PSI Spring - Red,turbocharger,180.00,parcel,category,parcel by category; no freight notes on the listing,
3,unconfirmed,1106,TiAL Sport Q BOV 6 PSI Spring - Silver,turbocharger,180.00,parcel,category,parcel by category; no freight notes on the listing,
3,unconfirmed,1107,TiAL Sport Q BOV 8 PSI Spring - Blue,turbocharger,180.00,parcel,category,parcel by category; no freight notes on the listing,
3,unconfirmed,1108,TiAL Sport Q BOV 8 PSI Spring - Purple,turbocharger,180.00,parcel,category,parcel by category; no freight notes on the listing,
3,unconfirmed,1109,TiAL Sport Q BOV 8 PSI Spring - Red,turbocharger,180.00,parcel,category,parcel by category; no freight notes on the listing,
3,unconfirmed,1110,TiAL Sport Q BOV 8 PSI Spring - Silver,turbocharger,180.00,parcel,category,parcel by category; no freight notes on the listing,
3,unconfirmed,1111,TiAL Sport QR BOV 10 PSI Spring - Black (34mm),turbocharger,180.00,parcel,category,parcel by category; no freight notes on the listing,
3,unconfirmed,1928,Toyo Open Country R/T 285/70R17,wheels-tires,175.00,multibox,category,multi-box by category; no freight notes on the listing,
3,unconfirmed,1935,Michelin Defender LTX M/S 265/65R18,wheels-tires,175.00,multibox,category,multi-box by category; no freight notes on the listing,
3,unconfirmed,393,BMR 08-18 Dodge Challenger Rear Strut Tower Brace - Red,suspension,175.00,multibox,category,multi-box by category; no freight notes on the listing,
3,unconfirmed,461,BMR 79-98 Fox Mustang Non-Adj. Lower Control Arms (Polyurethane) - Black Hammertone,suspension,175.00,multibox,category,multi-box by category; no freight notes on the listing,
3,unconfirmed,462,BMR 79-98 Fox Mustang Non-Adj. Lower Control Arms (Polyurethane) - Red,suspension,175.00,multibox,category,multi-box by category; no freight notes on the listing,
3,unconfirmed,971,QA1 79-93 Ford Mustang Front Sway Bar - 1-1/4in,suspension,175.00,multibox,category,multi-box by category; no freight notes on the listing,
3,unconfirmed,1233,UMI Performance 64-72 GM A-Body 1-1/4in Solid Front Sway Bar - Black,suspension,175.00,multibox,category,multi-box by category; no freight notes on the listing,
3,unconfirmed,1247,UMI Performance 64-77 A-Body 70-81 F-Body GM Front Sway Bar 1-1/4in Solid,suspension,175.00,multibox,category,multi-box by category; no freight notes on the listing,
3,unconfirmed,357,BMR 04-05 CTS-V Trailing Arms w/ Spherical Bearings - Red,suspension,170.00,multibox,category,multi-box by category; no freight notes on the listing,
3,unconfirmed,392,BMR 08-18 Dodge Challenger Rear Strut Tower Brace - Black Hammertone,suspension,170.00,multibox,category,multi-box by category; no freight notes on the listing,
3,unconfirmed,422,BMR 2010-2015 Chevrolet Camaro Rear DOM Lower Control Arms - Black Hammertone,suspension,170.00,multibox,category,multi-box by category; no freight notes on the listing,
3,unconfirmed,423,BMR 2010-2015 Chevrolet Camaro Rear DOM Lower Control Arms - Red,suspension,170.00,multibox,category,multi-box by category; no freight notes on the listing,
3,unconfirmed,454,BMR 79-04 Mustang Rear Coilover Conversion Kit w/ Control Arm Bracket - Red,suspension,170.00,parcel,category,parcel by category; no freight notes on the listing,
3,unconfirmed,1241,UMI Performance 64-72 GM A-Body Rear Coilover Kit Control Arm Relocation Bolt In,suspension,170.00,parcel,category,parcel by category; no freight notes on the listing,
3,unconfirmed,1272,UMI Performance 82-02 GM F-Body Rear Sway Bar 22mm Tubular,suspension,170.00,multibox,category,multi-box by category; no freight notes on the listing,
3,unconfirmed,1282,UMI Performance 82-92 GM F-Body Spherical Caster/Camber Plates,suspension,170.00,multibox,category,multi-box by category; no freight notes on the listing,
3,unconfirmed,1925,BFGoodrich All-Terrain T/A KO2 265/65R17,wheels-tires,165.00,multibox,category,multi-box by category; no freight notes on the listing,
3,unconfirmed,1673,Emergency Spare Wheel - 17x3.5 ET -7 - G20 3-Series & G29 Z4,wheels-tires,165.00,multibox,category,multi-box by category; no freight notes on the listing,
3,unconfirmed,359,BMR 04-06 GTO Front Strut Tower Brace - Black Hammertone,suspension,165.00,multibox,category,multi-box by category; no freight notes on the listing,
3,unconfirmed,1927,Toyo Open Country A/T III 265/65R17,wheels-tires,160.00,multibox,category,multi-box by category; no freight notes on the listing,
3,unconfirmed,1628,BimmerWorld 10mm 5x112 Wheel Spacers & Street Studs - G8X M2 M3 M4,wheels-tires,160.00,multibox,category,multi-box by category; no freight notes on the listing,
3,unconfirmed,503,"BMR Torque Arm Relocation Crossmember, T56 / M6, LS1",suspension,160.00,multibox,category,multi-box by category; no freight notes on the listing,
3,unconfirmed,1932,Falken Azenis FK510 255/35R19,wheels-tires,155.00,multibox,category,multi-box by category; no freight notes on the listing,
3,unconfirmed,502,BMR Suspension 82-92 Chevy Camaro Caster/Camber Plates w/ Lockout Plates - Red,suspension,155.00,multibox,category,multi-box by category; no freight notes on the listing,
3,unconfirmed,926,QA1 64-67 GM A-Body Trailing Arms Upper Non-Adjustable Tubular Trailing Arms,suspension,155.00,multibox,category,multi-box by category; no freight notes on the listing,
3,unconfirmed,952,QA1 68-72 GM A-Body Trailing Arms Upper Non-Adjustable Tubular Trailing Arms,suspension,155.00,multibox,category,multi-box by category; no freight notes on the listing,
3,unconfirmed,964,QA1 79-04 Ford Mustang Rear Sway Bar - 1in,suspension,155.00,multibox,category,multi-box by category; no freight notes on the listing,
3,unconfirmed,1015,Ridetech Air Compressor 309 Model Thomas,suspension,155.00,multibox,category,multi-box by category; no freight notes on the listing,
3,unconfirmed,1112,TiAL Sport QRJ BOV 3 PSI Spring - Black (Excl Flanges),turbocharger,155.00,parcel,category,parcel by category; no freight notes on the listing,
3,unconfirmed,1113,TiAL Sport QRJ BOV 3 PSI Spring - Red (Excl Flanges),turbocharger,155.00,parcel,category,parcel by category; no freight notes on the listing,
3,unconfirmed,1270,UMI Performance 82-02 GM F-Body Lower Control Arms & On-Car Adjustable Panhard Bar Kit,suspension,155.00,multibox,category,multi-box by category; no freight notes on the listing,
3,unconfirmed,1930,Falken Wildpeak A/T3W 265/70R17,wheels-tires,150.00,multibox,category,multi-box by category; no freight notes on the listing,
3,unconfirmed,1941,Cooper Discoverer AT3 XLT 265/70R17,wheels-tires,150.00,multibox,category,multi-box by category; no freight notes on the listing,
3,unconfirmed,1637,M12x1.5 82mm BimmerWorld Premium Race Wheel Stud/Black Nut Package,wheels-tires,150.00,parcel,category,parcel by category; no freight notes on the listing,
3,unconfirmed,1638,M12x1.5 92mm BimmerWorld Premium Race Wheel Stud/Black Nut Package,wheels-tires,150.00,parcel,category,parcel by category; no freight notes on the listing,
3,unconfirmed,987,Ridetech 59-64 Chevy Impala Panhard Bar,suspension,150.00,multibox,category,multi-box by category; no freight notes on the listing,
3,unconfirmed,1244,UMI Performance 64-72 GM A-Body Tubular Lower Control Arms,suspension,150.00,multibox,category,multi-box by category; no freight notes on the listing,
3,unconfirmed,868,NRG Reinforced Steering Wheel (350mm / 2.5in. Deep)Blk Alcantara Comfort Grip w/4mm Matte Blk Spokes,interior,140.00,parcel,category,parcel by category; no freight notes on the listing,
3,unconfirmed,871,NRG Reinforced Steering Wheel (350mm / 3in. Deep) Black Leather w/ Alcantara Stitching,interior,140.00,parcel,category,parcel by category; no freight notes on the listing,
3,unconfirmed,866,NRG Reinforced Steering Wheel (350mm / 2.5in. Deep) Blk Suede Comfort Grip w/5mm Matte Blk Spokes,interior,130.00,parcel,category,parcel by category; no freight notes on the listing,
3,unconfirmed,867,NRG Reinforced Steering Wheel (350mm / 2.5in. Deep) Leather Race Comfort Grip w/4mm Gold Spokes,interior,130.00,parcel,category,parcel by category; no freight notes on the listing,
3,unconfirmed,869,NRG Reinforced Steering Wheel (350mm / 3in Deep) Classic Blk Sparkle Wood Grain w/Blk 3-Spoke Center,interior,130.00,parcel,category,parcel by category; no freight notes on the listing,
3,unconfirmed,870,NRG Reinforced Steering Wheel (350mm / 3in. Deep) Bk Leather w/Bk BBall Stitch (Odi Bakchis Edition),interior,130.00,parcel,category,parcel by category; no freight notes on the listing,
3,unconfirmed,874,NRG Reinforced Steering Wheel (350mm / 3in. Deep) Black Multi Color Flake Wood w/ Black Matte Center,interior,130.00,parcel,category,parcel by category; no freight notes on the listing,
3,unconfirmed,875,NRG Reinforced Steering Wheel (350mm / 3in. Deep) Black Suede w/ 5mm Floral 3-Spoke Center,interior,130.00,parcel,category,parcel by category; no freight notes on the listing,
3,unconfirmed,876,NRG Reinforced Steering Wheel (350mm / 3in. Deep) Black w/Black Chrome Solid 3-Spoke Center,interior,130.00,parcel,category,parcel by category; no freight notes on the listing,
3,unconfirmed,881,NRG Reinforced Steering Wheel (350mm / 3in. Deep) Blk Leather w/Hydrodipped Digi-Camo Spokes,interior,130.00,parcel,category,parcel by category; no freight notes on the listing,
3,unconfirmed,882,NRG Reinforced Steering Wheel (350mm / 3in. Deep) Blk Leather/Blk Stitch w/Neochrome Slits,interior,130.00,parcel,category,parcel by category; no freight notes on the listing,
3,unconfirmed,883,NRG Reinforced Steering Wheel (350mm / 3in. Deep) Blk Leather/Red BBall Stitch w/4mm Gold Spokes,interior,130.00,parcel,category,parcel by category; no freight notes on the listing,
3,unconfirmed,885,NRG Reinforced Steering Wheel (350mm / 3in. Deep) Blk Suede w/Hydrodipped Digi-Camo Spokes,interior,130.00,parcel,category,parcel by category; no freight notes on the listing,
3,unconfirmed,886,NRG Reinforced Steering Wheel (350mm / 3in. Deep) Blk Suede w/Red BBall Stitch & Black 3-Spoke,interior,130.00,parcel,category,parcel by category; no freight notes on the listing,
3,unconfirmed,887,NRG Reinforced Steering Wheel (350mm / 3in. Deep) Blk Suede/Blk Bball Stitch w/5mm Matte Black Spoke,interior,130.00,parcel,category,parcel by category; no freight notes on the listing,
3,unconfirmed,889,NRG Reinforced Steering Wheel (350mm / 3in. Deep) Blk Wood w/Blk Matte Spoke/Black Center Mark,interior,130.00,parcel,category,parcel by category; no freight notes on the listing,
3,unconfirmed,890,NRG Reinforced Steering Wheel (350mm / 3in. Deep) Blk Wood w/Blk Matte Spoke/Neochrome Center Mark,interior,130.00,parcel,category,parcel by category; no freight notes on the listing,
3,unconfirmed,891,NRG Reinforced Steering Wheel (350mm / 3in. Deep) Brown Wood w/Blk Matte Spoke/Neochrome Center Mark,interior,130.00,parcel,category,parcel by category; no freight notes on the listing,
3,unconfirmed,892,NRG Reinforced Steering Wheel (350mm / 3in. Deep) Classic White w/4mm Neochrome Solid 3-Spoke,interior,130.00,parcel,category,parcel by category; no freight notes on the listing,
3,unconfirmed,894,NRG Reinforced Steering Wheel (350mm/ 2.5in. Deep) Sport Leather Racing/ 4mm Matte Black Spoke,interior,130.00,parcel,category,parcel by category; no freight notes on the listing,
3,unconfirmed,1636,M12x1.5 82mm BimmerWorld Premium Race Wheel Stud/Black Nut Package,wheels-tires,120.00,parcel,category,parcel by category; no freight notes on the listing,
3,unconfirmed,865,NRG Reinforced Steering Wheel (320mm) Sport Leather Flat Bottom w/ Red Center Mark/ Red Stitching,interior,120.00,parcel,category,parcel by category; no freight notes on the listing,
3,unconfirmed,872,NRG Reinforced Steering Wheel (350mm / 3in. Deep) Black Leather w/ Black Stitching,interior,120.00,parcel,category,parcel by category; no freight notes on the listing,
3,unconfirmed,1639,M14 Street 75mm BimmerWorld Wheel Stud/Black Nut Package,wheels-tires,115.00,parcel,category,parcel by category; no freight notes on the listing,
3,unconfirmed,1640,M14 Street 82mm BimmerWorld Wheel Stud/Black Nut Package,wheels-tires,115.00,parcel,category,parcel by category; no freight notes on the listing,
3,unconfirmed,1641,M14 Street 90mm BimmerWorld Wheel Stud/Black Nut Package,wheels-tires,115.00,parcel,category,parcel by category; no freight notes on the listing,
3,unconfirmed,1690,H&R 30mm Bolt-On Wheel Spacers for BMW 5x112 Wheels,wheels-tires,115.00,parcel,category,parcel by category; no freight notes on the listing,
3,unconfirmed,793,NRG Classic Wood Grain Steering Wheel (350mm) Black Sparkle/Galaxy Color w/Neochrome 3-Spoke,interior,115.00,parcel,category,parcel by category; no freight notes on the listing,
3,unconfirmed,1689,H&R 25mm Bolt-On Wheel Spacers for BMW 5x112 Wheels,wheels-tires,110.00,parcel,category,parcel by category; no freight notes on the listing,
3,unconfirmed,792,NRG Classic Wood Grain Steering Wheel (350mm) Black Grip w/Chrome Gold 3-Spoke Center,interior,110.00,parcel,category,parcel by category; no freight notes on the listing,
3,unconfirmed,794,NRG Classic Wood Grain Steering Wheel (350mm) Blue Pearl/Flake Paint w/Neochrome 3-Spoke Center,interior,110.00,parcel,category,parcel by category; no freight notes on the listing,
3,unconfirmed,795,NRG Classic Wood Grain Steering Wheel (350mm) Glow-N-The-Dark Green Grip w/Neochrome 3-Spoke Center,interior,110.00,parcel,category,parcel by category; no freight notes on the listing,
3,unconfirmed,796,NRG Classic Wood Grain Steering Wheel (350mm) Red Pearl/Flake Paint w/Black 3-Spoke Center,interior,110.00,parcel,category,parcel by category; no freight notes on the listing,
3,unconfirmed,797,NRG Classic Wood Grain Steering Wheel (350mm) Solid Pink Painted Grip w/Black 3-Spoke Center,interior,110.00,parcel,category,parcel by category; no freight notes on the listing,
3,unconfirmed,798,NRG Classic Wood Grain Steering Wheel (350mm) White Grip w/Chrome Gold 3-Spoke Center,interior,110.00,parcel,category,parcel by category; no freight notes on the listing,
3,unconfirmed,1257,UMI Performance 68-72 GM A-Body Rear Shock Tower Brace Bolt In,suspension,110.00,parcel,category,parcel by category; no freight notes on the listing,
3,unconfirmed,859,NRG Reinforced Steering Wheel (320mm) Black Leather w/Black Stitching,interior,100.00,parcel,category,parcel by category; no freight notes on the listing,
3,unconfirmed,860,NRG Reinforced Steering Wheel (320mm) Blk Leather w/Dual Buttons,interior,100.00,parcel,category,parcel by category; no freight notes on the listing,
3,unconfirmed,861,NRG Reinforced Steering Wheel (320mm) Blk Suede w/Dual Buttons,interior,100.00,parcel,category,parcel by category; no freight notes on the listing,
3,unconfirmed,873,NRG Reinforced Steering Wheel (350mm / 3in. Deep) Black Leather w/Purple Center & Purple Stitching,interior,100.00,parcel,category,parcel by category; no freight notes on the listing,
3,unconfirmed,877,NRG Reinforced Steering Wheel (350mm / 3in. Deep) Blk Leather w/Blk Cutout Spoke/Yellow Center Mark,interior,100.00,parcel,category,parcel by category; no freight notes on the listing,
3,unconfirmed,878,NRG Reinforced Steering Wheel (350mm / 3in. Deep) Blk Leather w/Blue Cutout Spoke & Single Yellow CM,interior,100.00,parcel,category,parcel by category; no freight notes on the listing,
3,unconfirmed,879,NRG Reinforced Steering Wheel (350mm / 3in. Deep) Blk Leather w/Gunmetal Circle Cutout Spokes,interior,100.00,parcel,category,parcel by category; no freight notes on the listing,
3,unconfirmed,880,NRG Reinforced Steering Wheel (350mm / 3in. Deep) Blk Leather w/Gunmetal Cutout Spoke & Yellow CM,interior,100.00,parcel,category,parcel by category; no freight notes on the listing,
3,unconfirmed,884,NRG Reinforced Steering Wheel (350mm / 3in. Deep) Blk Suede w/Circle Cut Spokes & Single Yellow CM,interior,100.00,parcel,category,parcel by category; no freight notes on the listing,
3,unconfirmed,888,NRG Reinforced Steering Wheel (350mm / 3in. Deep) Blk Suede/Blk Stitch w/Black Circle Cutout Spokes,interior,100.00,parcel,category,parcel by category; no freight notes on the listing,
3,unconfirmed,893,NRG Reinforced Steering Wheel (350mm / 3in. Deep) Red Leather/Blk Stitch w/Blk Spokes (Hole Cutouts),interior,100.00,parcel,category,parcel by category; no freight notes on the listing,
3,unconfirmed,895,NRG Reinforced Steering Wheel (350mm/ 3in. Deep) Black Suede/ Teal Center Mark/ Teal Stitching,interior,100.00,parcel,category,parcel by category; no freight notes on the listing,
3,unconfirmed,862,NRG Reinforced Steering Wheel (320mm) Blk w/Blue Trim,interior,95.00,parcel,category,parcel by category; no freight notes on the listing,
3,unconfirmed,863,NRG Reinforced Steering Wheel (320mm) Blk w/Gloss Black Trim,interior,95.00,parcel,category,parcel by category; no freight notes on the listing,
3,unconfirmed,864,NRG Reinforced Steering Wheel (320mm) Blk w/Red Trim & 5mm 3-Spoke,interior,95.00,parcel,category,parcel by category; no freight notes on the listing,
3,unconfirmed,1635,M12x1.5 75mm BimmerWorld Wheel Stud/Black Nut Package,wheels-tires,90.00,parcel,category,parcel by category; no freight notes on the listing,
3,unconfirmed,380,BMR 05-14 S197 Mustang V8 w/ Plenum Cover Strut Tower Brace - Red,suspension,90.00,parcel,category,parcel by category; no freight notes on the listing,
3,unconfirmed,448,BMR 79-04 Ford Mustang Control Arm Relocation Bracket - Red,suspension,90.00,parcel,category,parcel by category; no freight notes on the listing,
3,unconfirmed,1688,H&R 22.5mm Bolt-On Wheel Spacers for BMW 5x112 Wheels,wheels-tires,85.00,parcel,category,parcel by category; no freight notes on the listing,
3,unconfirmed,355,BLUEGRASS PERFORMANCE GEN V VALVE SPRING COMPRESSOR TOOL,aftermarket,75.00,parcel,category,parcel by category; no freight notes on the listing,
3,unconfirmed,1269,UMI Performance 82-02 GM F-Body Lower Control Arm Relocation Brackets - Bolt-In,suspension,75.00,parcel,category,parcel by category; no freight notes on the listing,
3,unconfirmed,1624,"BMW Wheel Center Cap, Floating - 36122455269",wheels-tires,70.00,parcel,category,parcel by category; no freight notes on the listing,
3,unconfirmed,1723,"BMW Wheel Center Cap Set for 5x112 Wheels, Floating - 36122455268",wheels-tires,70.00,parcel,category,parcel by category; no freight notes on the listing,
3,unconfirmed,465,BMR 82-02 3rd Gen F-Body Bolt-On Control Arm Relocation Brackets - Red,suspension,65.00,parcel,category,parcel by category; no freight notes on the listing,
3,unconfirmed,1691,Hub Cap for Style 152 Wheel - E46 E9X E60 E63 E65 E53 E85,wheels-tires,55.00,parcel,category,parcel by category; no freight notes on the listing,
3,unconfirmed,1164,Turbosmart Gen-V WG40/45 HP 40 PSI Spring Upgrade - Black/Red,turbocharger,45.00,parcel,category,parcel by category; no freight notes on the listing,
3,unconfirmed,1162,Turbosmart Gen-V WG38/40 14psi Red Outer Spring,turbocharger,35.00,parcel,category,parcel by category; no freight notes on the listing,
3,unconfirmed,1163,Turbosmart Gen-V WG38/40 3psi Black Inner Spring,turbocharger,35.00,parcel,category,parcel by category; no freight notes on the listing,
3,unconfirmed,1165,Turbosmart Gen-V WG45/50 3psi Orange Inner Spring,turbocharger,35.00,parcel,category,parcel by category; no freight notes on the listing,
3,unconfirmed,1166,Turbosmart Gen-V WG45/50 7psi Green Middle Spring,turbocharger,35.00,parcel,category,parcel by category; no freight notes on the listing,
3,unconfirmed,1616,BMW Motorsport Roundel 50 Year Wheel Center Cap (56mm),wheels-tires,30.00,parcel,category,parcel by category; no freight notes on the listing,
3,unconfirmed,1248,UMI Performance 64-77 GM A-Body Complete Rear Control Arm Bolt Upgrade Kit,suspension,30.00,parcel,category,parcel by category; no freight notes on the listing,
3,unconfirmed,1264,UMI Performance 78-88 GM Complete Rear Control Arm Bolt Upgrade Kit,suspension,25.00,parcel,category,parcel by category; no freight notes on the listing,
3,unconfirmed,1249,UMI Performance 64-77 GM A-Body Rear Control Arm Bolt Upgrade Kit,suspension,20.00,parcel,category,parcel by category; no freight notes on the listing,
3,unconfirmed,1263,UMI Performance 78-02 GM Rear Control Arm Bolt Upgrade Kit,suspension,20.00,parcel,category,parcel by category; no freight notes on the listing,
3,unconfirmed,1626,"BMW i Roundel Wheel Center Cap (Blue Ring) - I01, I12, I15, I20, G20, G30, G12, G01, G26, i4",wheels-tires,14.78,parcel,category,parcel by category; no freight notes on the listing,
3,unconfirmed,1623,BMW Roundel Wheel Center Cap - G20 G30 F90 G01 G02 (56mm),wheels-tires,11.87,parcel,category,parcel by category; no freight notes on the listing,
3,unconfirmed,1625,BMW Wheel Center Cap with Emblem (68mm) - Most 1992-2016 Models,wheels-tires,11.25,parcel,category,parcel by category; no freight notes on the listing,
3,unconfirmed,1721,Tire Valve - F82 M4 GT4 (Motorsport),wheels-tires,6.38,parcel,category,parcel by category; no freight notes on the listing,
3,unconfirmed,1722,"Wheel Bolt, M14x1.25 - G90/G99, G05, F95, G06, F96, G07",wheels-tires,3.30,parcel,category,parcel by category; no freight notes on the listing,
3,unconfirmed,1672,17mm M12x1.5 Zinc Coated Black Wheel Lug Nut,wheels-tires,1.54,parcel,category,parcel by category; no freight notes on the listing,
4,possible false negative,234,55-57 Tri Five Gen V LT Package,aftermarket,7165.00,parcel,category,"parcel by category, but the price suggests a large assembly",
4,possible false negative,228,2014 - 2018 GM 1500 V6 to V8 Swap,turbocharger,3880.00,parcel,category,"parcel by category, but the price suggests a large assembly",
4,possible false negative,614,Garrett G-XRace GXR57-98 98/149mm Supercore,turbocharger,3340.00,parcel,category,"parcel by category, but the price suggests a large assembly",
4,possible false negative,2091,Wilwood Big Brake Kit - Nissan Skyline R32/R33/R34 (RB26DETT),brakes,3275.00,parcel,category,"parcel by category, but the price suggests a large assembly",
4,possible false negative,611,Garrett G-XRace GXR55-98 98/149mm Supercore,turbocharger,3275.00,parcel,category,"parcel by category, but the price suggests a large assembly",
4,possible false negative,613,Garrett G-XRace GXR57-94 94/149mm Supercore,turbocharger,3275.00,parcel,category,"parcel by category, but the price suggests a large assembly",
4,possible false negative,610,Garrett G-XRace GXR55-94 94/149mm Supercore,turbocharger,3215.00,parcel,category,"parcel by category, but the price suggests a large assembly",
4,possible false negative,609,Garrett G-XRace GXR55-91 91/149mm Supercore,turbocharger,3155.00,parcel,category,"parcel by category, but the price suggests a large assembly",
4,possible false negative,612,Garrett G-XRace GXR57-88 88/149mm Supercore,turbocharger,3155.00,parcel,category,"parcel by category, but the price suggests a large assembly",
4,possible false negative,608,Garrett G-XRace GXR55-88 88/149mm Super Core,turbocharger,3090.00,parcel,category,"parcel by category, but the price suggests a large assembly",
4,possible false negative,607,Garrett G-XRace GXR50-88 88/120mm Supercore,turbocharger,2715.00,parcel,category,"parcel by category, but the price suggests a large assembly",
4,possible false negative,606,Garrett G-XRace GXR50-80 80/120mm Supercore,turbocharger,2595.00,parcel,category,"parcel by category, but the price suggests a large assembly",
4,possible false negative,605,Garrett G-XRace GXR50-76 76/120mm Supercore,turbocharger,2575.00,parcel,category,"parcel by category, but the price suggests a large assembly",
4,possible false negative,603,Garrett G-XRace GXR47-80 80/109mm Supercore,turbocharger,2530.00,parcel,category,"parcel by category, but the price suggests a large assembly",
4,possible false negative,604,Garrett G-XRace GXR47-80 80/120mm Supercore,turbocharger,2530.00,parcel,category,"parcel by category, but the price suggests a large assembly",
4,possible false negative,602,Garrett G-XRace GXR47-76 76/120mm Supercore,turbocharger,2515.00,parcel,category,"parcel by category, but the price suggests a large assembly",
4,possible false negative,239,60-87 C10 LT4 Kit,aftermarket,2465.00,parcel,category,"parcel by category, but the price suggests a large assembly",
4,possible false negative,601,Garrett G-XRace GXR45-82 82mm Supercore,turbocharger,2390.00,parcel,category,"parcel by category, but the price suggests a large assembly",
4,possible false negative,238,60-87 C10 LT1 Install Kit,aftermarket,2340.00,parcel,category,"parcel by category, but the price suggests a large assembly",
4,possible false negative,641,Garrett G45-1600 Super Core - Standard Rotation,turbocharger,2320.00,parcel,category,"parcel by category, but the price suggests a large assembly",
4,possible false negative,1999,ADD Pro Bolt-On Front Bumper for Chevrolet Silverado,bumper,2295.00,parcel,category,"parcel by category or name, but the name reads as a bulky item",
4,possible false negative,2093,CEIKA Big Brake Kit - Toyota Supra MK4 (2JZ-GTE),brakes,2085.00,parcel,category,"parcel by category, but the price suggests a large assembly",
4,possible false negative,600,Garrett G-XRace GXR42-72 72mm Super Core,turbocharger,2055.00,parcel,category,"parcel by category, but the price suggests a large assembly",
4,possible false negative,2054,HSP Roll R Cover Canopy,canopy,2040.00,parcel,category,"parcel by category or name, but the name reads as a bulky item",
4,possible false negative,183,White Leer Cab High 100XR Shell,aftermarket,2040.00,parcel,category,"parcel by category, but the price suggests a large assembly",
4,possible false negative,655,Garrett GT3794VA Turbo Kit - Chevy Duramax 6.6L 2004.5-2009 Stage 1 AVNT,turbocharger,1925.00,parcel,category,"parcel by category or name, but the name reads as a bulky item",
4,possible false negative,656,Garrett GTP38R Turbo Kit - Ford Power Stroke 7.3L 1999.5-2003 CHRA 739625-0001,turbocharger,1915.00,parcel,category,"parcel by category or name, but the name reads as a bulky item",
4,possible false negative,668,Garrett PowerMax GT3788V Turbo Kit 11-16 Chevrolet / GMC 2500HD/3500HD 6.6L Duramax LML Diesel,turbocharger,1915.00,parcel,category,"parcel by category or name, but the name reads as a bulky item",
4,possible false negative,174,Alloy Ute Canopy,aftermarket,1870.00,parcel,category,"parcel by category or name, but the name reads as a bulky item",
4,possible false negative,178,EOI 1200 Black Canopy,aftermarket,1700.00,parcel,category,"parcel by category or name, but the name reads as a bulky item",
4,possible false negative,182,Ute Canopy,aftermarket,1615.00,parcel,category,"parcel by category or name, but the name reads as a bulky item",
4,possible false negative,173,1500 mm Aluminum Canopy,aftermarket,1615.00,parcel,category,"parcel by category or name, but the name reads as a bulky item",
4,possible false negative,175,Aluminum Canopy,aftermarket,1530.00,parcel,category,"parcel by category or name, but the name reads as a bulky item",
4,possible false negative,2158,"WARN ZEON 12-S Winch, 12,000 lb, Synthetic Rope — 95950",4x4-accessories,1510.00,parcel,listing,notes say parcel but the name reads as a bulky item,Ships as a parcel.
4,possible false negative,2157,"WARN ZEON 10-S Winch, 10,000 lb, Synthetic Rope — 89611",4x4-accessories,1455.00,parcel,listing,notes say parcel but the name reads as a bulky item,Ships as a parcel.
4,possible false negative,177,Canopy,aftermarket,1360.00,parcel,category,"parcel by category or name, but the name reads as a bulky item",
4,possible false negative,1055,Sparco Seat QRT-K Kevlar Black,interior,1135.00,parcel,category,"parcel by category or name, but the name reads as a bulky item",
4,possible false negative,184,ARB Classic Plus Canopy for 2016 Toyota Hilux Dual Cab,aftermarket,1075.00,parcel,category,"parcel by category or name, but the name reads as a bulky item",
4,possible false negative,2159,"WARN VR EVO 10-S Winch, 10,000 lb, Synthetic Rope — 103253",4x4-accessories,805.00,parcel,listing,notes say parcel but the name reads as a bulky item,Ships as a parcel.
4,possible false negative,1051,Sparco Seat CIRCUIT QRT,interior,750.00,parcel,category,"parcel by category or name, but the name reads as a bulky item",
4,possible false negative,982,Recaro Specialist M Seat - Black Nardo/Black Artista,interior,745.00,parcel,category,"parcel by category or name, but the name reads as a bulky item",
4,possible false negative,2160,"WARN VR EVO 8-S Winch, 8,000 lb, Synthetic Rope — 103251",4x4-accessories,740.00,parcel,listing,notes say parcel but the name reads as a bulky item,Ships as a parcel.
4,possible false negative,1052,Sparco Seat EVO - XL QRT,interior,630.00,parcel,category,"parcel by category or name, but the name reads as a bulky item",
4,possible false negative,1053,Sparco Seat EVO L QRT,interior,625.00,parcel,category,"parcel by category or name, but the name reads as a bulky item",
4,possible false negative,162,Ford Mustang S550 Katzkin Leather Seat Kit,interior,470.00,parcel,category,"parcel by category or name, but the name reads as a bulky item",
4,possible false negative,1056,Sparco Seat R333 2021 Black,interior,390.00,parcel,category,"parcel by category or name, but the name reads as a bulky item",
4,possible false negative,1057,Sparco Seat R333 2021 Black/Grey,interior,390.00,parcel,category,"parcel by category or name, but the name reads as a bulky item",
4,possible false negative,1058,Sparco Seat R333 2021 Black/Red,interior,390.00,parcel,category,"parcel by category or name, but the name reads as a bulky item",
4,possible false negative,1054,Sparco Seat GT Black,interior,355.00,parcel,category,"parcel by category or name, but the name reads as a bulky item",
4,possible false negative,803,NRG FRP Bucket Seat ULTRA Edition - Medium (Red Alcantara/Pearlized Back),interior,295.00,parcel,category,"parcel by category or name, but the name reads as a bulky item",
4,possible false negative,2098,Jaguar XF X260 Bonnet (Corris Grey),aftermarket,245.00,parcel,category,"parcel by category or name, but the name reads as a bulky item",
4,possible false negative,898,NRG Seat Brackets - 79-98 Ford Mustang - Pair,interior,175.00,parcel,category,"parcel by category or name, but the name reads as a bulky item",
4,possible false negative,899,NRG Seat Brackets - 89-97 Mazda Mx-5 Miata NA - Pair,interior,175.00,parcel,category,"parcel by category or name, but the name reads as a bulky item",
4,possible false negative,900,NRG Seat Brackets - 92-99 BMW E36 Coupe - Pair,interior,175.00,parcel,category,"parcel by category or name, but the name reads as a bulky item",
4,possible false negative,901,NRG Seat Brackets - 98-05 Mazda Mx-5 Miata NB - Pair,interior,175.00,parcel,category,"parcel by category or name, but the name reads as a bulky item",
4,possible false negative,786,NRG 5PT 3in. Seat Belt Harness / Cam Lock - Yellow,interior,105.00,parcel,category,"parcel by category or name, but the name reads as a bulky item",
4,possible false negative,903,NRG SFI 16.1 5Pt 3 Inch Seat Belt Harness with Pads / Cam Lock - Purple,interior,105.00,parcel,category,"parcel by category or name, but the name reads as a bulky item",
4,possible false negative,902,NRG Seat Sliders - Single,interior,35.00,parcel,category,"parcel by category or name, but the name reads as a bulky item",
4,possible false negative,1161,Turbosmart Gen-V WG38 Ultra-Gate 38mm Valve Seat,turbocharger,35.00,parcel,category,"parcel by category or name, but the name reads as a bulky item",
4,possible false negative,799,NRG Fender Washer Kit w/Color Matched M6 Bolt Rivets For Plastic (Black) - Set of 10,body-parts,30.00,parcel,category,"parcel by category or name, but the name reads as a bulky item",
4,possible false negative,896,NRG Seat Belt Pads 2.7in (Wide) X 11in - Purple(2 Piece) Short,interior,20.00,parcel,category,"parcel by category or name, but the name reads as a bulky item",
4,possible false negative,897,NRG Seat Belt Pads 2.7in. W x 11in. L (Black) Short - 2pc,interior,20.00,parcel,category,"parcel by category or name, but the name reads as a bulky item",
4,possible false positive,1255,UMI Performance 68-72 GM A-Body LSX Motor Mounts (Unit 1),body-parts,125.00,freight,category,"freight by category, but the name or price suggests a component that may ship as a parcel",
4,possible false positive,1256,UMI Performance 68-72 GM A-Body LSX Motor Mounts (Unit 2),body-parts,125.00,freight,category,"freight by category, but the name or price suggests a component that may ship as a parcel",
4,possible false positive,478,BMR 93-02 F-Body LT1/Turbo LS1 Stainless Steel Radiator Shroud - Polished,body-parts,100.00,freight,category,"freight by category, but the name or price suggests a component that may ship as a parcel",
4,possible false positive,811,NRG Hood Damper Kit (Polished) - 94-01 Acura Integra,body-parts,100.00,freight,category,"freight by category, but the name or price suggests a component that may ship as a parcel",
4,possible false positive,415,BMR 15-19 Ford Mustang S550 Front Bumper Support (Black Hammertone),bumper,90.00,multibox,category,"multi-box by category, but the name or price suggests a single parcel",
4,possible false positive,740,LT1/LT2/LT4/L86 87MM DBW THROTTLE BODY,body-parts,85.00,freight,category,"freight by category, but the name or price suggests a component that may ship as a parcel",
4,possible false positive,1294,UMI Performance 93-02 GM F-Body Upper & Lower A-Arm Hardware Kit,body-parts,35.00,freight,category,"freight by category, but the name or price suggests a component that may ship as a parcel",
4,possible false positive,1239,UMI Performance 64-72 GM A-Body Body Mount Frame Repair Kit,body-parts,30.00,freight,category,"freight by category, but the name or price suggests a component that may ship as a parcel",
4,possible false positive,1246,UMI Performance 64-72 GM A-Body Upper & Lower A-Arm Mounting Hardware,body-parts,30.00,freight,category,"freight by category, but the name or price suggests a component that may ship as a parcel",
4,possible false positive,1273,UMI Performance 82-02 GM F-Body Rear Torque Arm Hardware Kit,body-parts,30.00,freight,category,"freight by category, but the name or price suggests a component that may ship as a parcel",
4,possible false positive,1266,UMI Performance 78-92 GM G-Body & F-Body Front A-Arm Hardware Kit,body-parts,20.00,freight,category,"freight by category, but the name or price suggests a component that may ship as a parcel",
4,unconfirmed,516,79 - 93 Mustang L86 6.2 Drop in Package,body-parts,6595.00,freight,category,freight by category; no freight notes on the listing,
4,unconfirmed,255,79 - 93 Mustang L83 5.3 Drop in Package,body-parts,5360.00,freight,category,freight by category; no freight notes on the listing,
4,unconfirmed,2022,Liberty Walk Rear Bumper for Lamborghini Huracán,bumper,4505.00,multibox,category,multi-box by category; no freight notes on the listing,
4,unconfirmed,2048,Norweld Aluminium Canopy,canopy,4165.00,freight,category,freight by category; no freight notes on the listing,
4,unconfirmed,2034,Alu-Cab Canopy Camper,canopy,4130.00,freight,category,freight by category; no freight notes on the listing,
4,unconfirmed,2049,Norweld Deluxe Canopy,canopy,3910.00,freight,category,freight by category; no freight notes on the listing,
4,unconfirmed,2021,Liberty Walk Front Bumper for Toyota GR Supra A90,bumper,3910.00,multibox,category,multi-box by category; no freight notes on the listing,
4,unconfirmed,2055,Razorback Aluminium Canopy,canopy,3655.00,freight,category,freight by category; no freight notes on the listing,
4,unconfirmed,2075,Front Runner Canopy System,canopy,3570.00,freight,category,freight by category; no freight notes on the listing,
4,unconfirmed,2051,Boss Premium Canopy,canopy,3400.00,freight,category,freight by category; no freight notes on the listing,
4,unconfirmed,2074,SmartCap EVO Defender Canopy,canopy,3390.00,freight,category,freight by category; no freight notes on the listing,
4,unconfirmed,2050,Boss Aluminium Canopy,canopy,3230.00,freight,category,freight by category; no freight notes on the listing,
4,unconfirmed,2058,Mountain Top Adventure Canopy,canopy,3145.00,freight,category,freight by category; no freight notes on the listing,
4,unconfirmed,2033,Alu-Cab Explorer Canopy,canopy,3020.00,freight,category,freight by category; no freight notes on the listing,
4,unconfirmed,2030,RSI SmartCap EVO Adventure,canopy,3015.00,freight,category,freight by category; no freight notes on the listing,
4,unconfirmed,2031,RSI SmartCap EVO Sport,canopy,3015.00,freight,category,freight by category; no freight notes on the listing,
4,unconfirmed,2032,RSI SmartCap EVO Commercial,canopy,3015.00,freight,category,freight by category; no freight notes on the listing,
4,unconfirmed,2020,Liberty Walk Front Bumper for Nissan GT-R R35,bumper,2990.00,multibox,category,multi-box by category; no freight notes on the listing,
4,unconfirmed,2035,Aeroklas Premium Canopy,canopy,2805.00,freight,category,freight by category; no freight notes on the listing,
4,unconfirmed,151,BMW G20 3 Series Widebody Aero Kit,body-parts,2720.00,freight,category,freight by category; no freight notes on the listing,
4,unconfirmed,2070,Jason Trek Canopy,canopy,2720.00,freight,category,freight by category; no freight notes on the listing,
4,unconfirmed,2036,Aeroklas Stylish Canopy,canopy,2550.00,freight,category,freight by category; no freight notes on the listing,
4,unconfirmed,150,BMW G20 Widebody Aero Kit,body-parts,2465.00,freight,category,freight by category; no freight notes on the listing,
4,unconfirmed,160,Toyota GR Supra A90 Widebody Aero Kit,body-parts,2465.00,freight,category,freight by category; no freight notes on the listing,
4,unconfirmed,2038,EGR Premium Canopy,canopy,2465.00,freight,category,freight by category; no freight notes on the listing,
4,unconfirmed,2068,Century Ultra Canopy,canopy,2465.00,freight,category,freight by category; no freight notes on the listing,
4,unconfirmed,154,Ford Mustang S550 Widebody Kit,body-parts,2380.00,freight,category,freight by category; no freight notes on the listing,
4,unconfirmed,2037,Aeroklas Commercial Canopy,canopy,2380.00,freight,category,freight by category; no freight notes on the listing,
4,unconfirmed,2041,Carryboy S560 Canopy,canopy,2380.00,freight,category,freight by category; no freight notes on the listing,
4,unconfirmed,2071,Jason Commercial Canopy,canopy,2380.00,freight,category,freight by category; no freight notes on the listing,
4,unconfirmed,159,Subaru WRX STI Widebody Aero Kit,body-parts,2295.00,freight,category,freight by category; no freight notes on the listing,
4,unconfirmed,2039,EGR Fleet Canopy,canopy,2295.00,freight,category,freight by category; no freight notes on the listing,
4,unconfirmed,2069,Century High-C Sport Canopy,canopy,2295.00,freight,category,freight by category; no freight notes on the listing,
4,unconfirmed,181,Metal Camper Shell Topper Canopy Bed Cap For F150 5.5 Ft 2015 to 2020,aftermarket,2295.00,freight,name,"freight because the name is a whole freight unit (truck bed, complete engine/gearbox); no freight notes on the listing",
4,unconfirmed,2029,ARB Pinnacle Canopy,canopy,2285.00,freight,category,freight by category; no freight notes on the listing,
4,unconfirmed,157,Honda Civic FK8 Type R Widebody Aero Kit,body-parts,2210.00,freight,category,freight by category; no freight notes on the listing,
4,unconfirmed,2042,Carryboy S6 Canopy,canopy,2210.00,freight,category,freight by category; no freight notes on the listing,
4,unconfirmed,2067,A.R.E. Z2 Series Canopy,canopy,2155.00,freight,category,freight by category; no freight notes on the listing,
4,unconfirmed,2061,LEER 100XL Canopy,canopy,2150.00,freight,category,freight by category; no freight notes on the listing,
4,unconfirmed,153,Ford F-150 Off-Road Body Kit,body-parts,2125.00,freight,category,freight by category; no freight notes on the listing,
4,unconfirmed,2040,EGR Commercial Canopy,canopy,2125.00,freight,category,freight by category; no freight notes on the listing,
4,unconfirmed,2044,Carryboy G3 Canopy,canopy,2125.00,freight,category,freight by category; no freight notes on the listing,
4,unconfirmed,176,Camper Shell Snugtop,aftermarket,2125.00,freight,name,"freight because the name is a whole freight unit (truck bed, complete engine/gearbox); no freight notes on the listing",
4,unconfirmed,158,Nissan 370Z Widebody Aero Kit,body-parts,2040.00,freight,category,freight by category; no freight notes on the listing,
4,unconfirmed,2043,Carryboy Workman Canopy,canopy,2040.00,freight,category,freight by category; no freight notes on the listing,
4,unconfirmed,2026,ARB Ascent Canopy,canopy,2025.00,freight,category,freight by category; no freight notes on the listing,
4,unconfirmed,599,Garrett G-XRace GXR42-71 71mm DTA-Light Super Core,turbocharger,1965.00,parcel,category,parcel by category; no freight notes on the listing,
4,unconfirmed,156,Honda Civic FK8 Widebody Aero Kit,body-parts,1955.00,freight,category,freight by category; no freight notes on the listing,
4,unconfirmed,2008,Fab Fours Front Bumper for Chevrolet Silverado,bumper,1955.00,multibox,category,multi-box by category; no freight notes on the listing,
4,unconfirmed,2009,Fab Fours Front Bumper for GMC Sierra,bumper,1955.00,multibox,category,multi-box by category; no freight notes on the listing,
4,unconfirmed,179,Leer 100XR,aftermarket,1955.00,parcel,category,parcel by category; no freight notes on the listing,
4,unconfirmed,625,Garrett G30-825 G-Series II Turbocharger 0.83 A/R V-Band / V-Band IWG,turbocharger,1950.00,parcel,category,parcel by category; no freight notes on the listing,
4,unconfirmed,2066,A.R.E. MX Series Canopy,canopy,1880.00,freight,category,freight by category; no freight notes on the listing,
4,unconfirmed,155,Ford Ranger Off-Road Body Kit,body-parts,1870.00,freight,category,freight by category; no freight notes on the listing,
4,unconfirmed,2053,HSP Premium Canopy,canopy,1870.00,freight,category,freight by category; no freight notes on the listing,
4,unconfirmed,2059,Truck Covers USA Hard Canopy,canopy,1870.00,freight,category,freight by category; no freight notes on the listing,
4,unconfirmed,2073,Ranch Sierra Canopy,canopy,1870.00,freight,category,freight by category; no freight notes on the listing,
4,unconfirmed,2060,LEER 100XR Canopy,canopy,1860.00,freight,category,freight by category; no freight notes on the listing,
4,unconfirmed,237,60-87 C10 L83/6 Install Kit,aftermarket,1850.00,parcel,category,parcel by category; no freight notes on the listing,
4,unconfirmed,1801,ARB Summit Bull Bar for Ford Ranger (2023+),bumper,1815.00,multibox,category,multi-box by category; no freight notes on the listing,
4,unconfirmed,640,Garrett G42-1325c G-Series II Super Core,turbocharger,1795.00,parcel,category,parcel by category; no freight notes on the listing,
4,unconfirmed,637,Garrett G40-900 Super Core - Standard Rotation,turbocharger,1790.00,parcel,category,parcel by category; no freight notes on the listing,
4,unconfirmed,2072,Ranch Icon Canopy,canopy,1785.00,freight,category,freight by category; no freight notes on the listing,
4,unconfirmed,180,Leer Camper Shell,aftermarket,1785.00,freight,name,"freight because the name is a whole freight unit (truck bed, complete engine/gearbox); no freight notes on the listing",
4,unconfirmed,1997,ADD HoneyBadger Front Bumper for Ford Raptor,bumper,1745.00,multibox,category,multi-box by category; no freight notes on the listing,
4,unconfirmed,2045,Flexiglass Premium Canopy,canopy,1725.00,freight,category,freight by category; no freight notes on the listing,
4,unconfirmed,1349,Wilwood 99-18 Chevy Silverado/GMC Sierra 16x1.25 D&S Rotor TX4R 4 Piston Rear Brake Kit - Red,brakes,1700.00,parcel,category,parcel by category; no freight notes on the listing,
4,unconfirmed,2027,ARB Classic Canopy,canopy,1680.00,freight,category,freight by category; no freight notes on the listing,
4,unconfirmed,636,Garrett G40-1250 G-Series II Super Core,turbocharger,1680.00,parcel,category,parcel by category; no freight notes on the listing,
4,unconfirmed,1810,ECB Big Tube Bull Bar for Toyota Hilux,bumper,1665.00,multibox,category,multi-box by category; no freight notes on the listing,
4,unconfirmed,1811,ECB Big Tube Bull Bar for Isuzu D-Max,bumper,1665.00,multibox,category,multi-box by category; no freight notes on the listing,
4,unconfirmed,629,Garrett G35-1050 Super Core - Reverse Rotation,turbocharger,1630.00,parcel,category,parcel by category; no freight notes on the listing,
4,unconfirmed,1362,Wilwood AERO6 Front Truck Kit 14.25in Drill Red 1999-2014 GM Truck/SUV 1500,brakes,1625.00,parcel,category,parcel by category; no freight notes on the listing,
4,unconfirmed,1363,Wilwood AERO6 Front Truck Kit 14.25in Drilled 1999-2014 GM Truck/SUV 1500,brakes,1625.00,parcel,category,parcel by category; no freight notes on the listing,
4,unconfirmed,152,Carbon Fiber Hood,body-parts,1615.00,freight,category,freight by category; no freight notes on the listing,
4,unconfirmed,1996,ADD Stealth Fighter Front Bumper for Toyota Tacoma,bumper,1615.00,multibox,category,multi-box by category; no freight notes on the listing,
4,unconfirmed,2062,LEER 180 Canopy,canopy,1610.00,freight,category,freight by category; no freight notes on the listing,
4,unconfirmed,635,Garrett G40-1000 G-Series II Super Core,turbocharger,1605.00,parcel,category,parcel by category; no freight notes on the listing,
4,unconfirmed,2065,A.R.E. CX Classic Canopy,canopy,1600.00,freight,category,freight by category; no freight notes on the listing,
4,unconfirmed,2092,Wilwood Rear Big Brake Kit - BMW E9x 3-Series (N54/S55),brakes,1575.00,parcel,category,parcel by category; no freight notes on the listing,
4,unconfirmed,630,Garrett G35-900 Super Core - Standard Rotation,turbocharger,1570.00,parcel,category,parcel by category; no freight notes on the listing,
4,unconfirmed,1360,Wilwood AERO4 RearTruck Kit 14.25in Drill Red 1999-2010 GM 1500-SUV 1 Piston OE Caliper,brakes,1570.00,parcel,category,parcel by category; no freight notes on the listing,
4,unconfirmed,1361,Wilwood AERO4 RearTruck Kit 14.25in Drilled 1999-2010 GM 1500-SUV 1 Piston OE Caliper,brakes,1570.00,parcel,category,parcel by category; no freight notes on the listing,
4,unconfirmed,1359,Wilwood AERO4 Rear P-Brake Kit 14.00in Drilled Red Chevy C-10 2.42 Offset 5-lug,brakes,1565.00,parcel,category,parcel by category; no freight notes on the listing,
4,unconfirmed,2028,ARB Commercial Canopy,canopy,1550.00,freight,category,freight by category; no freight notes on the listing,
4,unconfirmed,2047,Flexiglass Sports Canopy,canopy,1550.00,freight,category,freight by category; no freight notes on the listing,
4,unconfirmed,1422,Wilwood Narrow Superlite 6R Front Hub Kit 14.00in Drill Red 67-69 Camaro 64-72 Nova Chevelle,brakes,1550.00,parcel,category,parcel by category; no freight notes on the listing,
4,unconfirmed,1423,Wilwood Narrow Superlite 6R Front Hub Kit 14.00in Drill Red Chevy C-10 60-87 CPP Drop Spindle,brakes,1550.00,parcel,category,parcel by category; no freight notes on the listing,
4,unconfirmed,1424,Wilwood Narrow Superlite 6R Front Hub Kit 14.00in Drilled 67-69 Camaro 64-72 Nova Chevelle,brakes,1550.00,parcel,category,parcel by category; no freight notes on the listing,
4,unconfirmed,1995,ADD Stealth Fighter Front Bumper for Ford F-150,bumper,1540.00,multibox,category,multi-box by category; no freight notes on the listing,
4,unconfirmed,242,67-68 F-Body Fuel System W/ Tank,body-parts,1540.00,freight,category,freight by category; no freight notes on the listing,
4,unconfirmed,251,69 F-Body Fuel System W/ Tank,body-parts,1540.00,freight,category,freight by category; no freight notes on the listing,
4,unconfirmed,2004,DV8 Front Bumper for Ford Ranger,bumper,1530.00,multibox,category,multi-box by category; no freight notes on the listing,
4,unconfirmed,1192,Turbosmart Water Cooled 6466 V-Band Inlet/Outlet A/R 0.82 External Wastegate TS-2 Turbocharger,turbocharger,1510.00,parcel,category,parcel by category; no freight notes on the listing,
4,unconfirmed,2076,Nissan Elgrand E51 White Front Bumper,bumper,1505.00,multibox,category,multi-box by category; no freight notes on the listing,
4,unconfirmed,2057,TJM Touring Canopy,canopy,1505.00,freight,category,freight by category; no freight notes on the listing,
4,unconfirmed,2052,MRT Aluminium Canopy,canopy,1485.00,freight,category,freight by category; no freight notes on the listing,
4,unconfirmed,632,Garrett G35-990 Reverse Rotation G-Series II Supercore,turbocharger,1485.00,parcel,category,parcel by category; no freight notes on the listing,
4,unconfirmed,2064,SnugTop Hi-Liner Canopy,canopy,1480.00,freight,category,freight by category; no freight notes on the listing,
4,unconfirmed,2005,Fab Fours Matrix Front Bumper for Ford F-150,bumper,1475.00,multibox,category,multi-box by category; no freight notes on the listing,
4,unconfirmed,1181,Turbosmart Oil Cooled 6466 Reverse Rotation V-Band In/Out A/R 0.82 External WG TS-1 Turbocharger,turbocharger,1475.00,parcel,category,parcel by category; no freight notes on the listing,
4,unconfirmed,1182,Turbosmart Oil Cooled 6466 V-Band Inlet/Outlet A/R 0.82 External Wastegate TS-1 Turbocharger,turbocharger,1475.00,parcel,category,parcel by category; no freight notes on the listing,
4,unconfirmed,1418,Wilwood Narrow Superlite 6R Front Hat Kit 14.00 63-87 C10 w/ Wilwood Pro Spindles,brakes,1460.00,parcel,category,parcel by category; no freight notes on the listing,
4,unconfirmed,1191,Turbosmart Water Cooled 6466 T4 Divided 1.00AR Externally Wastegated TS-2 Turbocharger,turbocharger,1445.00,parcel,category,parcel by category; no freight notes on the listing,
4,unconfirmed,1421,Wilwood Narrow Superlite 6R Front Hub Kit 13.06in Drilled Chevy C-10 60-87 CPP Drop Spindle,brakes,1435.00,parcel,category,parcel by category; no freight notes on the listing,
4,unconfirmed,2046,Flexiglass Tradesman Canopy,canopy,1420.00,freight,category,freight by category; no freight notes on the listing,
4,unconfirmed,631,Garrett G35-990 G-Series II Supercore,turbocharger,1420.00,parcel,category,parcel by category; no freight notes on the listing,
4,unconfirmed,1417,Wilwood Narrow Superlite 4R-MC4 Red Rear Kit 12.88in Drilled Rotor 88-96 Chevy Corvette C4,brakes,1420.00,parcel,category,parcel by category; no freight notes on the listing,
4,unconfirmed,617,Garrett G25-660 Super Core - Standard Rotation,turbocharger,1415.00,parcel,category,parcel by category; no freight notes on the listing,
4,unconfirmed,623,Garrett G30-770 Super Core - Standard Rotation,turbocharger,1390.00,parcel,category,parcel by category; no freight notes on the listing,
4,unconfirmed,1190,Turbosmart Water Cooled 6262 V-Band Inlet/Outlet A/R 0.82 External Wastegate TS-2 Turbocharger,turbocharger,1385.00,parcel,category,parcel by category; no freight notes on the listing,
4,unconfirmed,2056,TJM Premium Canopy,canopy,1380.00,freight,category,freight by category; no freight notes on the listing,
4,unconfirmed,1987,ARB Summit Front Bumper for Toyota LandCruiser 300,bumper,1380.00,multibox,category,multi-box by category; no freight notes on the listing,
4,unconfirmed,1802,ARB Deluxe Bull Bar for Toyota LandCruiser 79 Series,bumper,1380.00,multibox,category,multi-box by category; no freight notes on the listing,
4,unconfirmed,1179,Turbosmart Oil Cooled 5862 V-Band Inlet/Outlet A/R 0.82 External Wastegate TS-1 Turbocharger,turbocharger,1350.00,parcel,category,parcel by category; no freight notes on the listing,
4,unconfirmed,1180,Turbosmart Oil Cooled 6262 V-Band Inlet/Outlet A/R 0.82 External Wastegate TS-1 Turbocharger,turbocharger,1350.00,parcel,category,parcel by category; no freight notes on the listing,
4,unconfirmed,1415,Wilwood Narrow Superlite 4R Rear P-Brk Kit 12.88in Drilled Big Ford New Style 2.50in Offset,brakes,1345.00,parcel,category,parcel by category; no freight notes on the listing,
4,unconfirmed,1416,Wilwood Narrow Superlite 4R Rear P-Brk Kit 12.88in Drilled Red Chevy C-10 2.42 Offset 5-lug,brakes,1340.00,parcel,category,parcel by category; no freight notes on the listing,
4,unconfirmed,1988,ARB Summit Front Bumper for Nissan Patrol Y62,bumper,1335.00,multibox,category,multi-box by category; no freight notes on the listing,
4,unconfirmed,615,Garrett G25-550 Super Core - Standard Rotation,turbocharger,1335.00,parcel,category,parcel by category; no freight notes on the listing,
4,unconfirmed,659,Garrett GTX3582R Gen II Super Core (Replaces 836047-5002S),turbocharger,1325.00,parcel,category,parcel by category; no freight notes on the listing,
4,unconfirmed,626,Garrett G30-900 Super Core - Standard Rotation,turbocharger,1295.00,parcel,category,parcel by category; no freight notes on the listing,
4,unconfirmed,1812,AFN Premium Bull Bar for Toyota LandCruiser 300 Series,bumper,1290.00,multibox,category,multi-box by category; no freight notes on the listing,
4,unconfirmed,1813,AFN Premium Bull Bar for Nissan Patrol Y62,bumper,1290.00,multibox,category,multi-box by category; no freight notes on the listing,
4,unconfirmed,618,Garrett G25-700 G-Series II Supercore,turbocharger,1275.00,parcel,category,parcel by category; no freight notes on the listing,
4,unconfirmed,624,Garrett G30-825 G-Series II Supercore,turbocharger,1255.00,parcel,category,parcel by category; no freight notes on the listing,
4,unconfirmed,1800,ARB Summit Bull Bar for Toyota Hilux (2021+),bumper,1250.00,multibox,category,multi-box by category; no freight notes on the listing,
4,unconfirmed,1803,ARB Summit Bull Bar for Isuzu D-Max (2021+),bumper,1250.00,multibox,category,multi-box by category; no freight notes on the listing,
4,unconfirmed,1804,ARB Summit Bull Bar for Toyota Prado 150,bumper,1250.00,multibox,category,multi-box by category; no freight notes on the listing,
4,unconfirmed,2063,SnugTop Rebel Canopy,canopy,1235.00,freight,category,freight by category; no freight notes on the listing,
4,unconfirmed,667,Garrett PowerMax 2017+ Ford F-150/Raptor 3.5L EcoBoost Stage 2 Upgrade Kit - Right Turbocharger,turbocharger,1235.00,parcel,category,parcel by category; no freight notes on the listing,
4,unconfirmed,678,Gen V LT Universal Twin Turbo Hotside,turbocharger,1235.00,parcel,category,parcel by category; no freight notes on the listing,
4,unconfirmed,622,Garrett G30-725 G-Series II Supercore,turbocharger,1220.00,parcel,category,parcel by category; no freight notes on the listing,
4,unconfirmed,1814,ARB Summit Bull Bar for Mitsubishi Triton (MV),bumper,1205.00,multibox,category,multi-box by category; no freight notes on the listing,
4,unconfirmed,616,Garrett G25-585 G-Series II Supercore,turbocharger,1205.00,parcel,category,parcel by category; no freight notes on the listing,
4,unconfirmed,657,Garrett GTX2867R Gen II Super Core (Replaces 836040-5004S),turbocharger,1135.00,parcel,category,parcel by category; no freight notes on the listing,
4,unconfirmed,1989,Ironman Raid Front Bumper for Isuzu D-Max,bumper,1120.00,multibox,category,multi-box by category; no freight notes on the listing,
4,unconfirmed,1990,Ironman Raid Front Bumper for Mitsubishi Triton,bumper,1120.00,multibox,category,multi-box by category; no freight notes on the listing,
4,unconfirmed,1808,Ironman Raid Bull Bar for Toyota Hilux,bumper,1120.00,multibox,category,multi-box by category; no freight notes on the listing,
4,unconfirmed,1809,Ironman Raid Bull Bar for Ford Ranger,bumper,1120.00,multibox,category,multi-box by category; no freight notes on the listing,
4,unconfirmed,1998,ADD Rock Fighter Front Bumper for Jeep Gladiator,bumper,1110.00,multibox,category,multi-box by category; no freight notes on the listing,
4,unconfirmed,1518,2014-2019 Chevy/GMC 6.6 foot bed,body-parts,1110.00,freight,category,freight by category; no freight notes on the listing,
4,unconfirmed,1502,14-23 ARE Cover Camper Shell,aftermarket,1110.00,parcel,category,parcel by category; no freight notes on the listing,
4,unconfirmed,1542,Pickup Sierra GMC 2007-2013 short bed,aftermarket,1110.00,parcel,category,parcel by category; no freight notes on the listing,
4,unconfirmed,658,Garrett GTX3071R Gen II Super Core (Replaces 836042-5002S),turbocharger,1110.00,parcel,category,parcel by category; no freight notes on the listing,
4,unconfirmed,1339,Wilwood 07-18 Chevy Silverado/GMC Sierra Aero6-DM Front Brake Kit - D&S - Red,brakes,1105.00,parcel,category,parcel by category; no freight notes on the listing,
4,unconfirmed,671,Garrett PowerMax Turbocharger 14-18 VW / Audi 2.0L TSI MK7 Stage 1 Upgrade Kit,turbocharger,1100.00,parcel,category,parcel by category; no freight notes on the listing,
4,unconfirmed,1341,Wilwood 19-21 Chevy Silverado/GMC Sierra Aero6-DM Front Brake Kit - D&S,brakes,1100.00,parcel,category,parcel by category; no freight notes on the listing,
4,unconfirmed,1348,Wilwood 99-06 Chevy Silverado/GMC Sierra Aero6-DM Front Brake Kit - D&S - Red,brakes,1100.00,parcel,category,parcel by category; no freight notes on the listing,
4,unconfirmed,1420,Wilwood Narrow Superlite 6R Front Hub & 1PC Rtr Kit 12.88in Dril 67-69 Camaro 64-72 Nova Chevelle,brakes,1095.00,parcel,category,parcel by category; no freight notes on the listing,
4,unconfirmed,1347,Wilwood 99-06 Chevy Silverado/GMC Sierra Aero6-DM Front Brake Kit - D&S,brakes,1090.00,parcel,category,parcel by category; no freight notes on the listing,
4,unconfirmed,1419,Wilwood Narrow Superlite 6R Front Hub & 1PC Rtr Kit 12.88in Dril -Red 67-69 Camaro 64-72 Nova,brakes,1090.00,parcel,category,parcel by category; no freight notes on the listing,
4,unconfirmed,1991,Ironman Raid Front Bumper for Nissan Navara,bumper,1075.00,multibox,category,multi-box by category; no freight notes on the listing,
4,unconfirmed,185,Bilstein Suspension,aftermarket,1075.00,parcel,category,parcel by category; no freight notes on the listing,
4,unconfirmed,730,L84 Low Lift Cam Kit,aftermarket,1060.00,parcel,category,parcel by category; no freight notes on the listing,
4,unconfirmed,734,L87 Low Lift Cam Kit,aftermarket,1060.00,parcel,category,parcel by category; no freight notes on the listing,
4,unconfirmed,1888,Morimoto XB LED Headlights for Ford Ranger (2022+),lighting,1045.00,parcel,category,parcel by category; no freight notes on the listing,
4,unconfirmed,1889,Morimoto XB LED Headlights for Toyota Hilux (2021+),lighting,1045.00,parcel,category,parcel by category; no freight notes on the listing,
4,unconfirmed,2007,Fab Fours Black Steel Front Bumper for RAM 1500,bumper,1030.00,multibox,category,multi-box by category; no freight notes on the listing,
4,unconfirmed,729,L83 Cam Low Lift Cam Package,aftermarket,1025.00,parcel,category,parcel by category; no freight notes on the listing,
4,unconfirmed,731,L86 Cam Low Lift Cam Package,aftermarket,1025.00,parcel,category,parcel by category; no freight notes on the listing,
4,unconfirmed,1887,Morimoto XB LED Headlights for Ford F-150 (2021+),lighting,1020.00,parcel,category,parcel by category; no freight notes on the listing,
4,unconfirmed,1886,Morimoto XB LED Headlights for Toyota Tacoma (2016+),lighting,1015.00,parcel,category,parcel by category; no freight notes on the listing,
4,unconfirmed,1890,Morimoto XB LED Headlights for Toyota 4Runner,lighting,1015.00,parcel,category,parcel by category; no freight notes on the listing,
4,unconfirmed,649,Garrett GT3076R Super Core CHRA Part 836000-0003,turbocharger,995.00,parcel,category,parcel by category; no freight notes on the listing,
4,unconfirmed,1892,Morimoto XB LED Headlights for Chevrolet Silverado 1500,lighting,980.00,parcel,category,parcel by category; no freight notes on the listing,
4,unconfirmed,1344,Wilwood 63-87 Chevy C10 Narrow Superlite 6R Front Brake Kit Drilled & Slotted 12.19in Rotors - Red,brakes,980.00,parcel,category,parcel by category; no freight notes on the listing,
4,unconfirmed,1893,AlphaRex NOVA Series Headlights for Ford Ranger,lighting,965.00,parcel,category,parcel by category; no freight notes on the listing,
4,unconfirmed,1842,Front Runner Slimline II Roof Rack for Toyota LandCruiser 300,4x4-accessories,945.00,multibox,category,multi-box by category; no freight notes on the listing,
4,unconfirmed,1992,TJM Outback Front Bumper for Toyota LandCruiser 300,bumper,945.00,multibox,category,multi-box by category; no freight notes on the listing,
4,unconfirmed,2025,Rocket Bunny Rear Bumper for Mazda MX-5 ND,bumper,935.00,multibox,category,multi-box by category; no freight notes on the listing,
4,unconfirmed,1116,Trifekta Phantom In-Tank Kit,aftermarket,930.00,parcel,category,parcel by category; no freight notes on the listing,
4,unconfirmed,1918,VLAND LED Headlights for Nissan 370Z,lighting,925.00,parcel,category,parcel by category; no freight notes on the listing,
4,unconfirmed,1514,2011-2016 Ford F-350 Super Duty Pickup Short Bed,aftermarket,925.00,parcel,category,parcel by category; no freight notes on the listing,
4,unconfirmed,1506,1999-2010 Ford Super Duty f250/350 Long Bed,body-parts,925.00,freight,category,freight by category; no freight notes on the listing,
4,unconfirmed,592,Garrett 2015+ Ford F-150 2.7L EcoBoost/3.5L Raptor Air / Air Intercooler (21 x 5.32 x 9.43) - 750HP,turbocharger,925.00,parcel,category,parcel by category; no freight notes on the listing,
4,unconfirmed,1919,Toyota Genuine LED Headlights for Toyota LandCruiser 300,lighting,920.00,parcel,category,parcel by category; no freight notes on the listing,
4,unconfirmed,1144,Turbosmart Electronic StraightGate ESG50 External Wastegate,turbocharger,920.00,parcel,category,parcel by category; no freight notes on the listing,
4,unconfirmed,1894,AlphaRex NOVA Series Headlights for Toyota Tacoma,lighting,910.00,parcel,category,parcel by category; no freight notes on the listing,
4,unconfirmed,1994,TJM Outback Front Bumper for Nissan Patrol Y62,bumper,905.00,multibox,category,multi-box by category; no freight notes on the listing,
4,unconfirmed,1378,Wilwood Dynapro 6 Front Hub Kit 12.19in Drilled 67-69 Camaro (*Line Kit Needed*),brakes,900.00,parcel,category,parcel by category; no freight notes on the listing,
4,unconfirmed,1379,Wilwood Dynapro 6 Front Hub Kit 12.19in Drilled Red 67-69 Camaro (*Line Kit Needed*),brakes,900.00,parcel,category,parcel by category; no freight notes on the listing,
4,unconfirmed,1142,Turbosmart eBG50 Electronic BoostGate - Black,turbocharger,895.00,parcel,category,parcel by category; no freight notes on the listing,
4,unconfirmed,1993,TJM Outback Front Bumper for Toyota Prado 150,bumper,860.00,multibox,category,multi-box by category; no freight notes on the listing,
4,unconfirmed,1805,TJM Outback Bull Bar for Ford Ranger,bumper,820.00,multibox,category,multi-box by category; no freight notes on the listing,
4,unconfirmed,1806,TJM Outback Bull Bar for Toyota Hilux,bumper,820.00,multibox,category,multi-box by category; no freight notes on the listing,
4,unconfirmed,1807,TJM Outback Bull Bar for Nissan Navara,bumper,820.00,multibox,category,multi-box by category; no freight notes on the listing,
4,unconfirmed,1215,Turbosmart WG45 Gen V Power-Gate 60 Electronic Wastegate - Black,turbocharger,815.00,parcel,category,parcel by category; no freight notes on the listing,
4,unconfirmed,647,Garrett GT2554R Turbocharger CHRA 835995-0001 8mm C/R 471171-5003S,turbocharger,810.00,parcel,category,parcel by category; no freight notes on the listing,
4,unconfirmed,1900,Oracle Bi-LED Headlights for Ford F-150,lighting,805.00,parcel,category,parcel by category; no freight notes on the listing,
4,unconfirmed,1510,2009-2014 Ford F150 6.5 foot bed,body-parts,800.00,freight,category,freight by category; no freight notes on the listing,
4,unconfirmed,1430,Wiseco Boostline Rods,aftermarket,800.00,parcel,category,parcel by category; no freight notes on the listing,
4,unconfirmed,1396,Wilwood Forged Dynalite P/S Park Brake Kit Drill-Red Impala 59-64 / Corvette 57-62,brakes,790.00,parcel,category,parcel by category; no freight notes on the listing,
4,unconfirmed,1143,Turbosmart Electronic StraightGate ESG40 External Wastegate - Black,turbocharger,775.00,parcel,category,parcel by category; no freight notes on the listing,
4,unconfirmed,1394,Wilwood Forged Dynalite Front Kit 12.19in Drilled Red 67-69 Camaro 64-72 Nova Chevelle,brakes,775.00,parcel,category,parcel by category; no freight notes on the listing,
4,unconfirmed,2018,Duraflex Front Bumper for Subaru WRX STI,bumper,770.00,multibox,category,multi-box by category; no freight notes on the listing,
4,unconfirmed,1895,AlphaRex NOVA Series Headlights for Ford F-150,lighting,770.00,parcel,category,parcel by category; no freight notes on the listing,
4,unconfirmed,1387,Wilwood Electronic Parking Brake Rear Retrofit Brake Kit - Black Powder Coat Caliper,brakes,770.00,parcel,category,parcel by category; no freight notes on the listing,
4,unconfirmed,1388,Wilwood Electronic Parking Brake Rear Retrofit Kit - 0.810in Rotor Black,brakes,770.00,parcel,category,parcel by category; no freight notes on the listing,
4,unconfirmed,2015,Duraflex GT Concept Front Bumper for Toyota GR Supra A90,bumper,765.00,multibox,category,multi-box by category; no freight notes on the listing,
4,unconfirmed,1903,Oracle LED Headlights for Chevrolet Silverado,lighting,765.00,parcel,category,parcel by category; no freight notes on the listing,
4,unconfirmed,1395,Wilwood Forged Dynalite P/S P-B Kit Drilled-Red Chevy 12 Bolt w/ C-Clips,brakes,760.00,parcel,category,parcel by category; no freight notes on the listing,
4,unconfirmed,1398,Wilwood Forged Dynalite P/S Park Brake Kit Drilled Chevy 12 Bolt w/ C-Clips,brakes,760.00,parcel,category,parcel by category; no freight notes on the listing,
4,unconfirmed,1399,Wilwood Forged Dynalite P/S Park Brake Kit Drilled Chevy C-10 2.42 Offset 5-lug,brakes,760.00,parcel,category,parcel by category; no freight notes on the listing,
4,unconfirmed,1403,Wilwood Forged Dynalite P/S Park Brake Kit Drilled Red Chevy C-10 2.42 Offset 5-lug,brakes,760.00,parcel,category,parcel by category; no freight notes on the listing,
4,unconfirmed,1393,Wilwood Forged Dynalite Front Kit 11.00in Drilled Red 87-93 Mustang 5 Lug,brakes,755.00,parcel,category,parcel by category; no freight notes on the listing,
4,unconfirmed,1383,Wilwood Dynapro Low-Profile 11.00in P-Brake Kit Drill-Red Chevy 12 Bolt 2.75in Off w/ C-Clips,brakes,750.00,parcel,category,parcel by category; no freight notes on the listing,
4,unconfirmed,1384,Wilwood Dynapro Low-Profile 11.00in P-Brake Kit Drilled Chevy 12 Bolt 2.75in Off w/ C-Clips,brakes,750.00,parcel,category,parcel by category; no freight notes on the listing,
4,unconfirmed,1385,Wilwood Dynapro Low-Profile 11.00in P-Brake Kit Drilled New Big Ford 2.50in Offset,brakes,750.00,parcel,category,parcel by category; no freight notes on the listing,
4,unconfirmed,1400,Wilwood Forged Dynalite P/S Park Brake Kit Drilled New Big Ford 2.50in Offset,brakes,750.00,parcel,category,parcel by category; no freight notes on the listing,
4,unconfirmed,1391,Wilwood Forged Dynalite Front Kit 11.00in Drill-Red 67-69 Camaro 64-72 Nova Chevelle,brakes,745.00,parcel,category,parcel by category; no freight notes on the listing,
4,unconfirmed,1392,Wilwood Forged Dynalite Front Kit 11.00in Drilled 67-69 Camaro 64-72 Nova Chevelle,brakes,745.00,parcel,category,parcel by category; no freight notes on the listing,
4,unconfirmed,2006,Fab Fours Premium Front Bumper for Toyota Tacoma,bumper,740.00,multibox,category,multi-box by category; no freight notes on the listing,
4,unconfirmed,2023,Rocket Bunny Front Bumper for Toyota GR86,bumper,740.00,multibox,category,multi-box by category; no freight notes on the listing,
4,unconfirmed,1171,Turbosmart GenV Electronic ProGate50 Electronic External Wastegate,turbocharger,725.00,parcel,category,parcel by category; no freight notes on the listing,
4,unconfirmed,1920,Toyota Genuine LED Headlights for Toyota Prado 150,lighting,720.00,parcel,category,parcel by category; no freight notes on the listing,
4,unconfirmed,1371,Wilwood D154 P/S P-B Kit Drilled-Red Chevy C-10 2.42 Offset 5-lug,brakes,715.00,parcel,category,parcel by category; no freight notes on the listing,
4,unconfirmed,1372,Wilwood D154 P/S Park Brake Kit Drilled Chevy C-10 2.42 Offset 5-lug,brakes,715.00,parcel,category,parcel by category; no freight notes on the listing,
4,unconfirmed,2079,Original Behr A/C System (Classic BMW),aftermarket,710.00,parcel,category,parcel by category; no freight notes on the listing,
4,unconfirmed,669,Garrett PowerMax Turbo Upgrade Kit 11-12 Ford F-150 3.5L EcoBoost - Left Turbocharger,turbocharger,710.00,parcel,category,parcel by category; no freight notes on the listing,
4,unconfirmed,670,Garrett PowerMax Turbo Upgrade Kit 13-16 Ford F-150 3.5L EcoBoost - Left Turbocharger,turbocharger,710.00,parcel,category,parcel by category; no freight notes on the listing,
4,unconfirmed,1907,Anzo LED Headlights for Isuzu D-Max,lighting,695.00,parcel,category,parcel by category; no freight notes on the listing,
4,unconfirmed,1923,Isuzu Genuine LED Headlights for Isuzu D-Max,lighting,695.00,parcel,category,parcel by category; no freight notes on the listing,
4,unconfirmed,2077,Porsche Cayenne 2004 LED Headlights (Left & Right),lighting,690.00,parcel,category,parcel by category; no freight notes on the listing,
4,unconfirmed,1406,Wilwood Forged Dynalite-M Front Kit 11.30in 1 PC Rotor&Hub Drill-Red 1965-1969 Mustang Disc & Drum,brakes,675.00,parcel,category,parcel by category; no freight notes on the listing,
4,unconfirmed,638,Garrett G42 Turbine Housing Kit Div T4 / V-Band 1.01 A/R,turbocharger,665.00,parcel,category,parcel by category; no freight notes on the listing,
4,unconfirmed,1390,Wilwood Forged Dynalite Front Kit 11.00in 67-69 Camaro 64-72 Nova Chevelle,brakes,660.00,parcel,category,parcel by category; no freight notes on the listing,
4,unconfirmed,327,Antigravity Group 24R Lithium Car Battery w/Re-Start (Unit 2),electronics,655.00,parcel,category,parcel by category; no freight notes on the listing,
4,unconfirmed,328,Antigravity Group 27 Lithium Car Battery w/Re-Start,electronics,655.00,parcel,category,parcel by category; no freight notes on the listing,
4,unconfirmed,332,Antigravity H6/Group 48 Lithium Car Battery w/Re-Start,electronics,655.00,parcel,category,parcel by category; no freight notes on the listing,
4,unconfirmed,333,Antigravity H8/Group 49 Lithium Car Battery w/Re-Start,electronics,655.00,parcel,category,parcel by category; no freight notes on the listing,
4,unconfirmed,645,Garrett GBC22-350 Club Line Turbocharger 0.64 O/V T25 / 5-Bolt - Internal WG,turbocharger,645.00,parcel,category,parcel by category; no freight notes on the listing,
4,unconfirmed,718,Katech Gen-V Dry Sump Oil Pump,aftermarket,645.00,parcel,category,parcel by category; no freight notes on the listing,
4,unconfirmed,1212,Turbosmart WG45 Gen V Hyper-Gate 45 Electronic Wastegate - Black,turbocharger,640.00,parcel,category,parcel by category; no freight notes on the listing,
4,unconfirmed,2016,Duraflex Front Bumper for Honda Civic FK8 Type R,bumper,635.00,multibox,category,multi-box by category; no freight notes on the listing,
4,unconfirmed,639,Garrett G42 Turbine Housing Kit O/V V-Band / V-Band 1.15 A/R,turbocharger,635.00,parcel,category,parcel by category; no freight notes on the listing,
4,unconfirmed,1380,Wilwood Dynapro 6 Front Kit 11.75 Rotor Black 57-67 Ford F100,brakes,635.00,parcel,category,parcel by category; no freight notes on the listing,
4,unconfirmed,1381,Wilwood Dynapro 6 Front Kit 11.75 Rotor Black 68-72 Ford F100,brakes,635.00,parcel,category,parcel by category; no freight notes on the listing,
4,unconfirmed,1382,Wilwood Dynapro 6 Front Kit 11.75 Rotor Red 68-72 Ford F100,brakes,635.00,parcel,category,parcel by category; no freight notes on the listing,
4,unconfirmed,1906,Anzo LED Headlights for Nissan Navara,lighting,615.00,parcel,category,parcel by category; no freight notes on the listing,
4,unconfirmed,1922,Nissan Genuine LED Headlights for Nissan Patrol Y62,lighting,615.00,parcel,category,parcel by category; no freight notes on the listing,
4,unconfirmed,1522,94-02 2nd gen Dodge ram short bed,body-parts,615.00,freight,category,freight by category; no freight notes on the listing,
4,unconfirmed,2024,Rocket Bunny Front Bumper for Nissan 350Z,bumper,610.00,multibox,category,multi-box by category; no freight notes on the listing,
4,unconfirmed,1408,Wilwood Forged Dynalite-M Front Kit 11.30in 1 PC Rotor&Hub-Drill 65-69 Mustang Disc & Drum Spindle,brakes,610.00,parcel,category,parcel by category; no freight notes on the listing,
4,unconfirmed,1837,ARB BASE Rack for Toyota LandCruiser 300,4x4-accessories,605.00,multibox,category,multi-box by category; no freight notes on the listing,
4,unconfirmed,644,Garrett GBC20-300 Club Line Turbocharger 0.55 O/V T25 / 5-Bolt - Internal WG,turbocharger,605.00,parcel,category,parcel by category; no freight notes on the listing,
4,unconfirmed,1901,Oracle LED Headlights for Toyota Tacoma,lighting,600.00,parcel,category,parcel by category; no freight notes on the listing,
4,unconfirmed,1913,Spyder LED Headlights for Ford F-150,lighting,595.00,parcel,category,parcel by category; no freight notes on the listing,
4,unconfirmed,326,Antigravity Group 24R Lithium Car Battery w/Re-Start (Unit 1),electronics,595.00,parcel,category,parcel by category; no freight notes on the listing,
4,unconfirmed,329,Antigravity Group 75 Lithium Car Battery w/Re-Start,electronics,595.00,parcel,category,parcel by category; no freight notes on the listing,
4,unconfirmed,330,Antigravity H5/Group 47 Lithium Car Battery w/Re-Start,electronics,595.00,parcel,category,parcel by category; no freight notes on the listing,
4,unconfirmed,331,Antigravity H6/Group 48 Lithium Car Battery,electronics,595.00,parcel,category,parcel by category; no freight notes on the listing,
4,unconfirmed,341,Antigravity T6/L2 Lithium Car Battery w/Re-Start,electronics,595.00,parcel,category,parcel by category; no freight notes on the listing,
4,unconfirmed,1389,Wilwood Forged Dynalite Front Drag Kit Drilled Rotor 87-93 Mustang 84-86 SVO 5 Lug,brakes,590.00,parcel,category,parcel by category; no freight notes on the listing,
4,unconfirmed,1404,Wilwood Forged Dynalite-M Front Kit 11.00in 1 PC Rotor&Hub Red 67-69 Camaro 64-72 Nova Chevelle,brakes,590.00,parcel,category,parcel by category; no freight notes on the listing,
4,unconfirmed,1407,Wilwood Forged Dynalite-M Front Kit 11.30in 1 PC Rotor&Hub Red 1965-1969 Mustang Disc & Drum Spindle,brakes,590.00,parcel,category,parcel by category; no freight notes on the listing,
4,unconfirmed,633,Garrett G40 Turbine Housing Kit Div T4 / V-Band 1.06 A/R - Standard Rotation,turbocharger,580.00,parcel,category,parcel by category; no freight notes on the listing,
4,unconfirmed,2003,DV8 Front Bumper for Toyota Tacoma,bumper,575.00,multibox,category,multi-box by category; no freight notes on the listing,
4,unconfirmed,643,Garrett GBC17-250 Club Line Turbocharger 0.50 O/V T25 / 5-Bolt - Internal WG,turbocharger,570.00,parcel,category,parcel by category; no freight notes on the listing,
4,unconfirmed,1835,ARB BASE Rack for Toyota Hilux,4x4-accessories,560.00,multibox,category,multi-box by category; no freight notes on the listing,
4,unconfirmed,1836,ARB BASE Rack for Ford Ranger,4x4-accessories,560.00,multibox,category,multi-box by category; no freight notes on the listing,
4,unconfirmed,1838,ARB BASE Rack for Nissan Patrol Y62,4x4-accessories,560.00,multibox,category,multi-box by category; no freight notes on the listing,
4,unconfirmed,2001,DV8 Front Bumper for Ford Bronco,bumper,555.00,multibox,category,multi-box by category; no freight notes on the listing,
4,unconfirmed,1540,Leer RAM 1500 6.5ft Fibreglass box,body-parts,555.00,freight,category,freight by category; no freight notes on the listing,
4,unconfirmed,1910,Spyder LED Headlights for Ford Ranger,lighting,550.00,parcel,category,parcel by category; no freight notes on the listing,
4,unconfirmed,619,Garrett G30 Turbine Housing Kit Div T4 / V-Band 1.06 A/R (Standard Rotation),turbocharger,545.00,parcel,category,parcel by category; no freight notes on the listing,
4,unconfirmed,634,Garrett G40 Turbine Housing Kit O/V V-Band / V-Band 1.06 A/R,turbocharger,540.00,parcel,category,parcel by category; no freight notes on the listing,
4,unconfirmed,689,HARROP LT PORT INJECTION KIT,aftermarket,540.00,parcel,category,parcel by category; no freight notes on the listing,
4,unconfirmed,621,Garrett G30 Turbine Housing Kit O/V V-Band / V-Band 0.83 A/R (Reverse Rotation),turbocharger,530.00,parcel,category,parcel by category; no freight notes on the listing,
4,unconfirmed,627,Garrett G35 Turbine Housing Kit O/V V-Band / V-Band 1.01 A/R (Reverse Rotation),turbocharger,530.00,parcel,category,parcel by category; no freight notes on the listing,
4,unconfirmed,1405,Wilwood Forged Dynalite-M Front Kit 11.30in 1 PC Rotor&Hub 1970-1973 Mustang Disc & Drum Spindle,brakes,525.00,parcel,category,parcel by category; no freight notes on the listing,
4,unconfirmed,620,Garrett G30 Turbine Housing Kit O/V T3 / V-Band 0.83 A/R (Standard Rotation),turbocharger,520.00,parcel,category,parcel by category; no freight notes on the listing,
4,unconfirmed,628,Garrett G35 Turbine Housing Kit O/V V-Band / V-Band 1.21 A/R (Standard Rotation),turbocharger,520.00,parcel,category,parcel by category; no freight notes on the listing,
4,unconfirmed,664,Garrett GVW-50 50mm Wastegate Kit - Black,turbocharger,520.00,parcel,category,parcel by category; no freight notes on the listing,
4,unconfirmed,642,Garrett GBC14-200 Club Line Turbocharger 0.45 O/V 3-Bolt / 4-Bolt - Internal WG,turbocharger,510.00,parcel,category,parcel by category; no freight notes on the listing,
4,unconfirmed,696,HPT MPVI4 w/Pro Feature Set + 8 Universal Credits (*Pro Link+ Cable Sold Separately*),electronics,505.00,parcel,category,parcel by category; no freight notes on the listing,
4,unconfirmed,1374,Wilwood D8-4 Front Caliper Kit Red Corvette C2 / C3 65-82,brakes,505.00,parcel,category,parcel by category; no freight notes on the listing,
4,unconfirmed,1375,Wilwood D8-4 Rear Caliper Kit Black Corvette C2 / C3 65-82,brakes,505.00,parcel,category,parcel by category; no freight notes on the listing,
4,unconfirmed,1376,Wilwood D8-4 Rear Caliper Kit Red Corvette C2 / C3 65-82,brakes,505.00,parcel,category,parcel by category; no freight notes on the listing,
4,unconfirmed,2000,DV8 Front Bumper for Jeep Wrangler JL,bumper,500.00,multibox,category,multi-box by category; no freight notes on the listing,
4,unconfirmed,585,SwapSperts Gen V LT Tall Billet Valve Covers,aftermarket,495.00,parcel,category,parcel by category; no freight notes on the listing,
4,unconfirmed,662,Garrett GVW-45 45mm Wastegate Kit - Black,turbocharger,495.00,parcel,category,parcel by category; no freight notes on the listing,
4,unconfirmed,663,Garrett GVW-45 45mm Wastegate Kit - Red,turbocharger,495.00,parcel,category,parcel by category; no freight notes on the listing,
4,unconfirmed,741,LT2 Intake Conversion kit for L83/6,aftermarket,495.00,parcel,category,parcel by category; no freight notes on the listing,
4,unconfirmed,660,Garrett GVW-40 40mm Wastegate Kit - Black,turbocharger,485.00,parcel,category,parcel by category; no freight notes on the listing,
4,unconfirmed,661,Garrett GVW-40 40mm Wastegate Kit - Red,turbocharger,485.00,parcel,category,parcel by category; no freight notes on the listing,
4,unconfirmed,1377,Wilwood D8-6 Front Caliper Kit Clear Corvette C2 / C3 65-82,brakes,485.00,parcel,category,parcel by category; no freight notes on the listing,
4,unconfirmed,1841,Front Runner Slimsport Roof Rack for Ford Ranger,4x4-accessories,475.00,multibox,category,multi-box by category; no freight notes on the listing,
4,unconfirmed,1186,Turbosmart PSG50V Pneumatic Straight Gate (Vacuum) 6in Hg Black,turbocharger,475.00,parcel,category,parcel by category; no freight notes on the listing,
4,unconfirmed,169,Toyota GR Supra A90 Interior Upgrade Kit,interior,465.00,parcel,category,parcel by category; no freight notes on the listing,
4,unconfirmed,351,BILLET LT1/ LT4 VVT DELETE FRONT COVER,aftermarket,465.00,parcel,category,parcel by category; no freight notes on the listing,
4,unconfirmed,2002,DV8 Rear Bumper for Jeep Gladiator,bumper,460.00,multibox,category,multi-box by category; no freight notes on the listing,
4,unconfirmed,2012,Rough Country Front Bumper for Toyota Tacoma,bumper,460.00,multibox,category,multi-box by category; no freight notes on the listing,
4,unconfirmed,597,Garrett Air / Air Intercooler CAC (27.78in x 12.74in x 5.12in) - 1260 HP,turbocharger,460.00,parcel,category,parcel by category; no freight notes on the listing,
4,unconfirmed,1298,UMI Performance 98-02 GM F-Body Tubular K-Member - LS1,body-parts,460.00,freight,category,freight by category; no freight notes on the listing,
4,unconfirmed,1904,Anzo LED Headlights for Toyota Hilux,lighting,450.00,parcel,category,parcel by category; no freight notes on the listing,
4,unconfirmed,1908,Anzo Projector Headlights for Toyota Tacoma,lighting,450.00,parcel,category,parcel by category; no freight notes on the listing,
4,unconfirmed,1176,Turbosmart GenV WG60 Powergate 60 Compressed Gas 7psi - Black,turbocharger,450.00,parcel,category,parcel by category; no freight notes on the listing,
4,unconfirmed,695,HPT MPVI4 w/Pro Feature Set + 6 Universal Credits (*Pro Link+ Cable Sold Separately*),electronics,440.00,parcel,category,parcel by category; no freight notes on the listing,
4,unconfirmed,2010,Rough Country Front Bumper for Ford F-150,bumper,430.00,multibox,category,multi-box by category; no freight notes on the listing,
4,unconfirmed,2011,Rough Country Front Bumper for Jeep Wrangler JL,bumper,430.00,multibox,category,multi-box by category; no freight notes on the listing,
4,unconfirmed,2014,Rough Country Rear Bumper for Chevrolet Silverado,bumper,430.00,multibox,category,multi-box by category; no freight notes on the listing,
4,unconfirmed,1898,AlphaRex LUXX Series Headlights for Chevrolet Silverado,lighting,430.00,parcel,category,parcel by category; no freight notes on the listing,
4,unconfirmed,1905,Anzo Projector Headlights for Ford Ranger,lighting,430.00,parcel,category,parcel by category; no freight notes on the listing,
4,unconfirmed,1912,Spyder LED Headlights for Chevrolet Silverado,lighting,430.00,parcel,category,parcel by category; no freight notes on the listing,
4,unconfirmed,1921,Ford Genuine LED Headlights for Ford Ranger,lighting,430.00,parcel,category,parcel by category; no freight notes on the listing,
4,unconfirmed,1503,14-23 Ford F250 Camper Shell,aftermarket,430.00,freight,name,"freight because the name is a whole freight unit (truck bed, complete engine/gearbox); no freight notes on the listing",
4,unconfirmed,1512,2009-2014 Ford F150 Camper Shell Topper,aftermarket,430.00,freight,name,"freight because the name is a whole freight unit (truck bed, complete engine/gearbox); no freight notes on the listing",
4,unconfirmed,652,Garrett GT30R Turbine Housing Kit O/V V-Band / V-Band 0.83 A/R (Ni-Resist),turbocharger,430.00,parcel,category,parcel by category; no freight notes on the listing,
4,unconfirmed,1225,Turbosmart WG60 Gen V Power-Gate 60 14psi Sleeper,turbocharger,430.00,parcel,category,parcel by category; no freight notes on the listing,
4,unconfirmed,163,Ford Ranger Interior Upgrade Kit,interior,425.00,parcel,category,parcel by category; no freight notes on the listing,
4,unconfirmed,2013,Rough Country Rear Bumper for Ford Ranger,bumper,425.00,multibox,category,multi-box by category; no freight notes on the listing,
4,unconfirmed,1543,Seating at Tractor Supply Co,aftermarket,425.00,parcel,category,parcel by category; no freight notes on the listing,
4,unconfirmed,1173,Turbosmart GenV PowerGate60 14psi External Wastegate - Black,turbocharger,425.00,parcel,category,parcel by category; no freight notes on the listing,
4,unconfirmed,1222,Turbosmart WG60 Gen V Power-Gate 60 14psi Blue,turbocharger,425.00,parcel,category,parcel by category; no freight notes on the listing,
4,unconfirmed,1223,Turbosmart WG60 Gen V Power-Gate 60 14psi Purple,turbocharger,425.00,parcel,category,parcel by category; no freight notes on the listing,
4,unconfirmed,1224,Turbosmart WG60 Gen V Power-Gate 60 14psi Red,turbocharger,425.00,parcel,category,parcel by category; no freight notes on the listing,
4,unconfirmed,1226,Turbosmart WG60 Gen V Power-Gate 60 7psi Black,turbocharger,425.00,parcel,category,parcel by category; no freight notes on the listing,
4,unconfirmed,2099,1947 Chrysler External Sun Visor (Fulton Style),aftermarket,415.00,parcel,category,parcel by category; no freight notes on the listing,
4,unconfirmed,785,NICK WILLIAMS GEN V 103MM DRIVE BY WIRE,aftermarket,415.00,parcel,category,parcel by category; no freight notes on the listing,
4,unconfirmed,1817,Safari ARMAX Snorkel for Toyota LandCruiser 79 Series,4x4-accessories,410.00,multibox,category,multi-box by category; no freight notes on the listing,
4,unconfirmed,1185,Turbosmart PSG40 Pneumatic Straight Gate 6psi Black,turbocharger,410.00,parcel,category,parcel by category; no freight notes on the listing,
4,unconfirmed,1425,Wilwood Rotor Kit Front/Rear-Drilled 65-82 Corvette C2/C3 (1Pc Rotors),brakes,410.00,parcel,category,parcel by category; no freight notes on the listing,
4,unconfirmed,168,Subaru WRX STI Interior Performance Kit,interior,405.00,parcel,category,parcel by category; no freight notes on the listing,
4,unconfirmed,1909,Spyder Projector Headlights for Toyota Hilux,lighting,400.00,parcel,category,parcel by category; no freight notes on the listing,
4,unconfirmed,1911,Spyder Projector Headlights for Toyota Tacoma,lighting,400.00,parcel,category,parcel by category; no freight notes on the listing,
4,unconfirmed,244,67-69 F-body Gen V LT Swap Shorty Headers,body-parts,400.00,freight,category,freight by category; no freight notes on the listing,
4,unconfirmed,1204,Turbosmart WG40HP Gen-V Comp-Gate High Pressure 45mm - 35 PSI Black,turbocharger,400.00,parcel,category,parcel by category; no freight notes on the listing,
4,unconfirmed,1373,Wilwood D8-4 Front Caliper Kit Clear Corvette C2 / C3 65-82,brakes,400.00,parcel,category,parcel by category; no freight notes on the listing,
4,unconfirmed,343,Antigravity U1/Group U1R Lithium Auto Battery w/Re-Start,electronics,390.00,parcel,category,parcel by category; no freight notes on the listing,
4,unconfirmed,489,BMR 98-02 4th Gen F-Body K-Member w/ LS1 Motor Mounts and STD. Rack Mounts - Red,body-parts,390.00,freight,category,freight by category; no freight notes on the listing,
4,unconfirmed,490,BMR 98-02 4th Gen F-Body K-Member w/ Turbo LS1 Motor Mounts and STD. Rack Mounts - Black Hammertone,body-parts,390.00,freight,category,freight by category; no freight notes on the listing,
4,unconfirmed,2084,Volkswagen Caddy Maxi Aluminium Roof Rack,4x4-accessories,385.00,multibox,category,multi-box by category; no freight notes on the listing,
4,unconfirmed,1830,Rhino-Rack Pioneer Platform for Toyota Hilux (2015+),4x4-accessories,385.00,multibox,category,multi-box by category; no freight notes on the listing,
4,unconfirmed,1831,Rhino-Rack Pioneer Platform for Ford Ranger (2022+),4x4-accessories,385.00,multibox,category,multi-box by category; no freight notes on the listing,
4,unconfirmed,1832,Rhino-Rack Pioneer Platform for Toyota LandCruiser 300,4x4-accessories,385.00,multibox,category,multi-box by category; no freight notes on the listing,
4,unconfirmed,1833,Rhino-Rack Pioneer Platform for Toyota Prado 150,4x4-accessories,385.00,multibox,category,multi-box by category; no freight notes on the listing,
4,unconfirmed,1834,Rhino-Rack Pioneer Platform for Isuzu D-Max (2021+),4x4-accessories,385.00,multibox,category,multi-box by category; no freight notes on the listing,
4,unconfirmed,1816,Safari ARMAX Snorkel for Ford Ranger (2022+),4x4-accessories,385.00,multibox,category,multi-box by category; no freight notes on the listing,
4,unconfirmed,650,Garrett GT30R Turbine Housing Kit O/V T3 / V-Band 0.63 A/R (Ni-Resist),turbocharger,385.00,parcel,category,parcel by category; no freight notes on the listing,
4,unconfirmed,651,Garrett GT30R Turbine Housing Kit O/V T3 / V-Band 0.82 A/R (Ni-Resist),turbocharger,385.00,parcel,category,parcel by category; no freight notes on the listing,
4,unconfirmed,1333,Weld S106 20x9.5 Ventura 6 6x135 ET28 BS6.375 Gloss BLK MIL DIA 87.1,aftermarket,385.00,parcel,category,parcel by category; no freight notes on the listing,
4,unconfirmed,161,Ford F-150 Interior Upgrade Kit,interior,380.00,parcel,category,parcel by category; no freight notes on the listing,
4,unconfirmed,165,Honda Civic FK8 Type R Interior Upgrade Kit,interior,380.00,parcel,category,parcel by category; no freight notes on the listing,
4,unconfirmed,172,Volkswagen Golf GTI MK7 Interior Upgrade Kit,interior,380.00,parcel,category,parcel by category; no freight notes on the listing,
4,unconfirmed,1818,Safari ARMAX Snorkel for Toyota LandCruiser 300 Series,4x4-accessories,380.00,multibox,category,multi-box by category; no freight notes on the listing,
4,unconfirmed,1819,Safari ARMAX Snorkel for Toyota Prado 150,4x4-accessories,380.00,multibox,category,multi-box by category; no freight notes on the listing,
4,unconfirmed,694,HPT MPVI4 w/Pro Feature Set + 4 Universal Credits (*Pro Link+ Cable Sold Separately*),electronics,380.00,parcel,category,parcel by category; no freight notes on the listing,
4,unconfirmed,595,Garrett Air / Air Intercooler CAC (22.00in x 14.00in x 4.50in) - 1140 HP,turbocharger,375.00,parcel,category,parcel by category; no freight notes on the listing,
4,unconfirmed,1337,Weld S156 20x7 Ventura 6 Drag 6x139.7 ET13 BS4.50 Gloss BLK MIL DIA 106.1,aftermarket,375.00,parcel,category,parcel by category; no freight notes on the listing,
4,unconfirmed,1539,LED Tail Light with Blind Spot Compatible,lighting,370.00,parcel,category,parcel by category; no freight notes on the listing,
4,unconfirmed,653,Garrett GT35R Turbine Housing Kit O/V T3 / V-Band 0.82 A/R (Ni-Resist),turbocharger,370.00,parcel,category,parcel by category; no freight notes on the listing,
4,unconfirmed,654,Garrett GT35R Turbine Housing Kit O/V T4 / V-Band 0.82 A/R (Hi Sil),turbocharger,370.00,parcel,category,parcel by category; no freight notes on the listing,
4,unconfirmed,674,Garrett Various Speed Sensor w/o Gauge (Pro),electronics,370.00,parcel,category,parcel by category; no freight notes on the listing,
4,unconfirmed,1213,Turbosmart WG45 Gen V Hyper-Gate 45 Motorsport 14psi Black,turbocharger,370.00,parcel,category,parcel by category; no freight notes on the listing,
4,unconfirmed,167,Nissan 370Z Interior Upgrade Kit,interior,365.00,parcel,category,parcel by category; no freight notes on the listing,
4,unconfirmed,1203,Turbosmart WG40HP Gen-V Comp-Gate High Pressure 40mm - 35 PSI Black,turbocharger,365.00,parcel,category,parcel by category; no freight notes on the listing,
4,unconfirmed,1216,Turbosmart WG50 Gen V Pro-Gate 50 14psi Black,turbocharger,365.00,parcel,category,parcel by category; no freight notes on the listing,
4,unconfirmed,1217,Turbosmart WG50 Gen V Pro-Gate 50 14psi Blue,turbocharger,365.00,parcel,category,parcel by category; no freight notes on the listing,
4,unconfirmed,1218,Turbosmart WG50 Gen V Pro-Gate 50 14psi Purple,turbocharger,365.00,parcel,category,parcel by category; no freight notes on the listing,
4,unconfirmed,1219,Turbosmart WG50 Gen V Pro-Gate 50 14psi Red,turbocharger,365.00,parcel,category,parcel by category; no freight notes on the listing,
4,unconfirmed,1220,Turbosmart WG50 Gen V Pro-Gate 50 14psi Sleeper,turbocharger,365.00,parcel,category,parcel by category; no freight notes on the listing,
4,unconfirmed,1221,Turbosmart WG50 Gen V Pro-Gate 50 7psi Black,turbocharger,365.00,parcel,category,parcel by category; no freight notes on the listing,
4,unconfirmed,1283,UMI Performance 82-92 GM F-Body Tubular K-member Coil Springs,body-parts,365.00,freight,category,freight by category; no freight notes on the listing,
4,unconfirmed,1916,VLAND LED Headlights for Toyota Tacoma,lighting,360.00,parcel,category,parcel by category; no freight notes on the listing,
4,unconfirmed,2019,Duraflex Front Bumper for Ford Mustang S550,bumper,355.00,multibox,category,multi-box by category; no freight notes on the listing,
4,unconfirmed,1820,Safari ARMAX Snorkel for Isuzu D-Max (2021+),4x4-accessories,355.00,multibox,category,multi-box by category; no freight notes on the listing,
4,unconfirmed,1891,Morimoto XB LED Headlights for Jeep Wrangler JL,lighting,355.00,parcel,category,parcel by category; no freight notes on the listing,
4,unconfirmed,673,Garrett Various Speed Sensor Kit (Street) for G Series Models,electronics,350.00,parcel,category,parcel by category; no freight notes on the listing,
4,unconfirmed,1202,Turbosmart WG40ALV Gen V Comp-Gate 40mm - 5 PSI Black,turbocharger,350.00,parcel,category,parcel by category; no freight notes on the listing,
4,unconfirmed,1839,Yakima LockNLoad Platform for Ford Ranger,4x4-accessories,345.00,multibox,category,multi-box by category; no freight notes on the listing,
4,unconfirmed,1840,Yakima LockNLoad Platform for Toyota Hilux,4x4-accessories,345.00,multibox,category,multi-box by category; no freight notes on the listing,
4,unconfirmed,2082,Volkswagen RCD 330 CarPlay & Android Auto Head Unit,electronics,340.00,parcel,category,parcel by category; no freight notes on the listing,
4,unconfirmed,164,Honda Civic FK8 Interior Upgrade Kit,interior,340.00,parcel,category,parcel by category; no freight notes on the listing,
4,unconfirmed,170,Toyota Hilux Interior Upgrade Kit,interior,340.00,parcel,category,parcel by category; no freight notes on the listing,
4,unconfirmed,2017,Duraflex Front Bumper for Nissan 370Z,bumper,340.00,multibox,category,multi-box by category; no freight notes on the listing,
4,unconfirmed,1917,VLAND LED Headlights for Subaru WRX STI,lighting,340.00,parcel,category,parcel by category; no freight notes on the listing,
4,unconfirmed,1124,Turbosmart BOV Power Port - Black,turbocharger,340.00,parcel,category,parcel by category; no freight notes on the listing,
4,unconfirmed,2080,BMW 2000 NK Front & Rear Window Seals (Rubber),body-parts,330.00,freight,category,freight by category; no freight notes on the listing,
4,unconfirmed,719,Katech Gen-V Wet Sump Oil Pump,aftermarket,330.00,parcel,category,parcel by category; no freight notes on the listing,
4,unconfirmed,1198,Turbosmart WG40 Gen V Comp-Gate 40mm Motorsport - 14 PSI Black,turbocharger,330.00,parcel,category,parcel by category; no freight notes on the listing,
4,unconfirmed,1211,Turbosmart WG45 Gen V Hyper-Gate 45 5psi Black,turbocharger,330.00,parcel,category,parcel by category; no freight notes on the listing,
4,unconfirmed,1896,AlphaRex NOVA Series Headlights for Toyota Tundra,lighting,325.00,parcel,category,parcel by category; no freight notes on the listing,
4,unconfirmed,1041,SPAL 3168 CFM 12in Dual High Performance Fan (2VA50-AP70/LL+AP72/LL/F-66A PKSL1),aftermarket,325.00,parcel,category,parcel by category; no freight notes on the listing,
4,unconfirmed,594,Garrett Air / Air Intercooler CAC (18.00in x 12.11in x 4.50in) - 785 HP,turbocharger,320.00,parcel,category,parcel by category; no freight notes on the listing,
4,unconfirmed,693,HPT MPVI4 w/Pro Feature Set + 2 Universal Credits (*Pro Link+ Cable Sold Separately*),electronics,320.00,parcel,category,parcel by category; no freight notes on the listing,
4,unconfirmed,1822,Safari ARMAX Snorkel for Nissan Navara NP300,4x4-accessories,315.00,multibox,category,multi-box by category; no freight notes on the listing,
4,unconfirmed,1350,"Wilwood Adjustable Balance Bar Brake, Clutch, Throttle - Floor Mount - 4.75-5.75:1",interior,310.00,parcel,category,parcel by category; no freight notes on the listing,
4,unconfirmed,1821,Safari ARMAX Snorkel for Nissan Patrol Y62,4x4-accessories,305.00,multibox,category,multi-box by category; no freight notes on the listing,
4,unconfirmed,1915,VLAND LED Headlights for Ford Ranger,lighting,305.00,parcel,category,parcel by category; no freight notes on the listing,
4,unconfirmed,1334,Weld S155 17x10 Ventura Drag 5x112 ET40 BS7.1 Gloss BLK MIL DIA 78.1,aftermarket,305.00,parcel,category,parcel by category; no freight notes on the listing,
4,unconfirmed,1336,Weld S156 17x10 Ventura 6 Drag 6x135 ET42 BS7.25 Gloss BLK MIL DIA 87.1,aftermarket,305.00,parcel,category,parcel by category; no freight notes on the listing,
4,unconfirmed,1006,Ridetech 67-69 GM F-Body 68-74 X-Body 64-72 A-Body Tall Spindles Pair,body-parts,300.00,freight,category,freight by category; no freight notes on the listing,
4,unconfirmed,1160,Turbosmart Gen V WG45 HyperGate45 External Wastegate - Black,turbocharger,300.00,parcel,category,parcel by category; no freight notes on the listing,
4,unconfirmed,1172,Turbosmart GenV HyperGate45 7psi External Wastegate - Black,turbocharger,300.00,parcel,category,parcel by category; no freight notes on the listing,
4,unconfirmed,1205,Turbosmart WG45 2011 Hyper-Gate 45 14psi Black,turbocharger,300.00,parcel,category,parcel by category; no freight notes on the listing,
4,unconfirmed,1206,Turbosmart WG45 2011 Hyper-Gate 45 7psi Black,turbocharger,300.00,parcel,category,parcel by category; no freight notes on the listing,
4,unconfirmed,1207,Turbosmart WG45 Gen V Hyper-Gate 45 14psi Blue,turbocharger,300.00,parcel,category,parcel by category; no freight notes on the listing,
4,unconfirmed,1208,Turbosmart WG45 Gen V Hyper-Gate 45 14psi Purple,turbocharger,300.00,parcel,category,parcel by category; no freight notes on the listing,
4,unconfirmed,1209,Turbosmart WG45 Gen V Hyper-Gate 45 14psi Red,turbocharger,300.00,parcel,category,parcel by category; no freight notes on the listing,
4,unconfirmed,1210,Turbosmart WG45 Gen V Hyper-Gate 45 14psi Sleeper,turbocharger,300.00,parcel,category,parcel by category; no freight notes on the listing,
4,unconfirmed,1214,Turbosmart WG45 Gen V Hyper-Gate45 - 14PSI Sleeper,turbocharger,300.00,parcel,category,parcel by category; no freight notes on the listing,
4,unconfirmed,1897,AlphaRex PRO Series Headlights for Toyota Hilux,lighting,295.00,parcel,category,parcel by category; no freight notes on the listing,
4,unconfirmed,1188,Turbosmart Universal Bubba Sonic BOV - Sleeper,turbocharger,295.00,parcel,category,parcel by category; no freight notes on the listing,
4,unconfirmed,1201,Turbosmart WG40 Gen V CompGate 40mm - 5 PSI Black,turbocharger,295.00,parcel,category,parcel by category; no freight notes on the listing,
4,unconfirmed,1826,ARB Safari Snorkel for Ford Ranger,4x4-accessories,290.00,multibox,category,multi-box by category; no freight notes on the listing,
4,unconfirmed,596,Garrett Air / Air Intercooler CAC (24.00in x 10.50in x 3.50in) - 800 HP,turbocharger,290.00,parcel,category,parcel by category; no freight notes on the listing,
4,unconfirmed,1168,Turbosmart GenV 54mm ProPort Universal Blow Off Valve - Black,turbocharger,290.00,parcel,category,parcel by category; no freight notes on the listing,
4,unconfirmed,1174,Turbosmart GenV ProPort Universal 54mm Blow Off Valve - Sleeper,turbocharger,290.00,parcel,category,parcel by category; no freight notes on the listing,
4,unconfirmed,258,"A & G Body, F-Body, X-Body Gen V LT Swap Headers",body-parts,285.00,freight,category,freight by category; no freight notes on the listing,
4,unconfirmed,348,Antigravity YTX20 High Power Lithium Battery,electronics,285.00,parcel,category,parcel by category; no freight notes on the listing,
4,unconfirmed,665,Garrett H2O / Air CAC (3.80in x 3.80in x 11.70in) - 750 HP,turbocharger,285.00,parcel,category,parcel by category; no freight notes on the listing,
4,unconfirmed,1815,Safari ARMAX Snorkel for Toyota Hilux (2015+),4x4-accessories,280.00,multibox,category,multi-box by category; no freight notes on the listing,
4,unconfirmed,1828,TJM Airtec Snorkel for Toyota Hilux,4x4-accessories,280.00,multibox,category,multi-box by category; no freight notes on the listing,
4,unconfirmed,1829,TJM Airtec Snorkel for Ford Ranger,4x4-accessories,280.00,multibox,category,multi-box by category; no freight notes on the listing,
4,unconfirmed,1080,TiAL Sport MVR Wastegate 44mm (All Springs) w/Clamps - Black,turbocharger,280.00,parcel,category,parcel by category; no freight notes on the listing,
4,unconfirmed,1081,TiAL Sport MVR Wastegate 44mm (All Springs) w/Clamps - Blue,turbocharger,280.00,parcel,category,parcel by category; no freight notes on the listing,
4,unconfirmed,1082,TiAL Sport MVR Wastegate 44mm (All Springs) w/Clamps - Purple,turbocharger,280.00,parcel,category,parcel by category; no freight notes on the listing,
4,unconfirmed,1083,TiAL Sport MVR Wastegate 44mm (All Springs) w/Clamps - Red,turbocharger,280.00,parcel,category,parcel by category; no freight notes on the listing,
4,unconfirmed,1084,TiAL Sport MVR Wastegate 44mm (All Springs) w/Clamps - Silver,turbocharger,280.00,parcel,category,parcel by category; no freight notes on the listing,
4,unconfirmed,1187,Turbosmart Universal Big Bubba BPV - Sleeper,turbocharger,280.00,parcel,category,parcel by category; no freight notes on the listing,
4,unconfirmed,1332,Weld S104 18x8 Ventura 5x120.65 ET00 BS4.50 Gloss BLK MIL DIA 78.1,aftermarket,280.00,parcel,category,parcel by category; no freight notes on the listing,
4,unconfirmed,1085,TiAL Sport MVR Wastegate 44mm 14.5 PSI w/Clamps - Black,turbocharger,270.00,parcel,category,parcel by category; no freight notes on the listing,
4,unconfirmed,1086,TiAL Sport MVR Wastegate 44mm 14.5 PSI w/Clamps - Purple,turbocharger,270.00,parcel,category,parcel by category; no freight notes on the listing,
4,unconfirmed,1335,Weld S156 15x10 Ventura 6 Drag 6x139.7 ET38 BS7.00 Gloss BLK MIL DIA 106.1,aftermarket,270.00,parcel,category,parcel by category; no freight notes on the listing,
4,unconfirmed,584,Swapsperts GEN V LT Oil Pan,aftermarket,265.00,parcel,category,parcel by category; no freight notes on the listing,
4,unconfirmed,1824,Safari ARMAX Snorkel for Mazda BT-50,4x4-accessories,260.00,multibox,category,multi-box by category; no freight notes on the listing,
4,unconfirmed,691,HPT GM E90 ECM & T93 TCM Upgrade Kit,electronics,260.00,parcel,category,parcel by category; no freight notes on the listing,
4,unconfirmed,1039,SPAL 2720 CFM 11in Dual High Performance Fan - Pull (2VA06-AP70/LL-37A),aftermarket,260.00,parcel,category,parcel by category; no freight notes on the listing,
4,unconfirmed,1199,Turbosmart WG40 Gen V Comp-Gate40 - 14PSI Sleeper,turbocharger,260.00,parcel,category,parcel by category; no freight notes on the listing,
4,unconfirmed,171,Toyota Tacoma Dashboard Cover Kit,interior,255.00,parcel,category,parcel by category; no freight notes on the listing,
4,unconfirmed,1823,Safari ARMAX Snorkel for Mitsubishi Triton MV,4x4-accessories,255.00,multibox,category,multi-box by category; no freight notes on the listing,
4,unconfirmed,347,Antigravity XPS V-12 Lithium Battery - Left Side Negative Terminal,electronics,255.00,parcel,category,parcel by category; no freight notes on the listing,
4,unconfirmed,692,HPT MPVI4 w/Pro Feature Set + 0 Universal Credits (*Pro Link+ Cable Sold Separately*),electronics,255.00,parcel,category,parcel by category; no freight notes on the listing,
4,unconfirmed,1159,Turbosmart Gen V WG40 CompGate40 14 PSI External Wastegate - Black,turbocharger,255.00,parcel,category,parcel by category; no freight notes on the listing,
4,unconfirmed,1170,Turbosmart GenV CompGate40 7psi External Wastegate - Black,turbocharger,255.00,parcel,category,parcel by category; no freight notes on the listing,
4,unconfirmed,1196,Turbosmart WG40 Gen V Comp-Gate 40mm - 14 PSI Blue,turbocharger,255.00,parcel,category,parcel by category; no freight notes on the listing,
4,unconfirmed,1197,Turbosmart WG40 Gen V Comp-Gate 40mm - 14 PSI Red,turbocharger,255.00,parcel,category,parcel by category; no freight notes on the listing,
4,unconfirmed,1200,Turbosmart WG40 Gen V Compgate 40mm - 14 PSI Purple,turbocharger,255.00,parcel,category,parcel by category; no freight notes on the listing,
4,unconfirmed,1193,Turbosmart WG38 Gen V Ultragate 38 14psi Purple,turbocharger,250.00,parcel,category,parcel by category; no freight notes on the listing,
4,unconfirmed,1194,Turbosmart WG38 Gen V Ultragate 38 14psi Sleeper,turbocharger,250.00,parcel,category,parcel by category; no freight notes on the listing,
4,unconfirmed,1914,VLAND LED Headlights for Toyota Hilux,lighting,245.00,parcel,category,parcel by category; no freight notes on the listing,
4,unconfirmed,1076,TCU Programmed,aftermarket,245.00,parcel,category,parcel by category; no freight notes on the listing,
4,unconfirmed,2085,Volkswagen Caddy Maxi Side Steps / Running Boards,body-parts,240.00,freight,category,freight by category; no freight notes on the listing,
4,unconfirmed,1902,Oracle Dynamic ColorSHIFT Headlights for Dodge RAM 1500,lighting,240.00,parcel,category,parcel by category; no freight notes on the listing,
4,unconfirmed,1167,Turbosmart Gen4 CompGate40 14psi - Black,turbocharger,235.00,parcel,category,parcel by category; no freight notes on the listing,
4,unconfirmed,1195,Turbosmart WG40 CompGate 40mm - 7 PSI BLACK,turbocharger,235.00,parcel,category,parcel by category; no freight notes on the listing,
4,unconfirmed,294,Aeromotive Fuel Pump 60A Deluxe Wiring Kit,electronics,230.00,parcel,category,parcel by category; no freight notes on the listing,
4,unconfirmed,1087,TiAL Sport MVS Wastegate (All Springs) w/Clamps - Black,turbocharger,230.00,parcel,category,parcel by category; no freight notes on the listing,
4,unconfirmed,1088,TiAL Sport MVS Wastegate (All Springs) w/Clamps - Red,turbocharger,230.00,parcel,category,parcel by category; no freight notes on the listing,
4,unconfirmed,1089,TiAL Sport MVS Wastegate (All Springs) w/Clamps - Silver,turbocharger,230.00,parcel,category,parcel by category; no freight notes on the listing,
4,unconfirmed,346,Antigravity XPS V-10 Lithium Battery - Right Side Negative Terminal,electronics,225.00,parcel,category,parcel by category; no freight notes on the listing,
4,unconfirmed,1368,Wilwood Compact Tandem Master Cylinder - 1.12in Bore - w/Pushrod (Black),brakes,225.00,parcel,category,parcel by category; no freight notes on the listing,
4,unconfirmed,1369,Wilwood Compact Tandem Master Cylinder - 1in Bore - (Black),brakes,225.00,parcel,category,parcel by category; no freight notes on the listing,
4,unconfirmed,1370,Wilwood Compact Tandem Master Cylinder - 1in Bore - w/Pushrod (Black),brakes,225.00,parcel,category,parcel by category; no freight notes on the listing,
4,unconfirmed,593,Garrett Air / Air Intercooler CAC (18.00in x 12.10in x 3.00in) - 750 HP,turbocharger,220.00,parcel,category,parcel by category; no freight notes on the listing,
4,unconfirmed,1090,TiAL Sport MVS Wastegate 38mm 1.0 Bar (14.50 PSI) w/Clamps - Black,turbocharger,220.00,parcel,category,parcel by category; no freight notes on the listing,
4,unconfirmed,288,Aeromotive Compact Billet Adjustable EFI Regulator - (1) AN-6 Male Inlet and Return,aftermarket,215.00,parcel,category,parcel by category; no freight notes on the listing,
4,unconfirmed,675,Gen V LT Billet Catch can Kit,aftermarket,215.00,parcel,category,parcel by category; no freight notes on the listing,
4,unconfirmed,1128,Turbosmart BOV RacePort - Sleeper,turbocharger,215.00,parcel,category,parcel by category; no freight notes on the listing,
4,unconfirmed,1132,Turbosmart BOV RacePort Female GenV Sleeper (No Weld Flange),turbocharger,215.00,parcel,category,parcel by category; no freight notes on the listing,
4,unconfirmed,1134,Turbosmart BOV RacePort Plumb Back GenV Sleeper,turbocharger,215.00,parcel,category,parcel by category; no freight notes on the listing,
4,unconfirmed,1825,ARB Safari Snorkel for Toyota Hilux,4x4-accessories,210.00,multibox,category,multi-box by category; no freight notes on the listing,
4,unconfirmed,1827,ARB Safari Snorkel for Toyota Prado,4x4-accessories,210.00,multibox,category,multi-box by category; no freight notes on the listing,
4,unconfirmed,666,Garrett H2O / Air Intercooler CAC (3.80in x 3.80in x 9.80in) - 500 HP,turbocharger,210.00,parcel,category,parcel by category; no freight notes on the listing,
4,unconfirmed,1125,Turbosmart BOV RacePort - Blue - Gen V,turbocharger,205.00,parcel,category,parcel by category; no freight notes on the listing,
4,unconfirmed,1126,Turbosmart BOV RacePort - Purple - Gen V,turbocharger,205.00,parcel,category,parcel by category; no freight notes on the listing,
4,unconfirmed,1127,Turbosmart BOV RacePort - Red - Gen V,turbocharger,205.00,parcel,category,parcel by category; no freight notes on the listing,
4,unconfirmed,1133,Turbosmart BOV RacePort Gen V Supercharger - Black,turbocharger,205.00,parcel,category,parcel by category; no freight notes on the listing,
4,unconfirmed,1158,Turbosmart Gen V RacePort BOV - Black,turbocharger,205.00,parcel,category,parcel by category; no freight notes on the listing,
4,unconfirmed,1426,Wilwood Rotor Kit Rear-Drilled 65-82 Corvette C2/C3 (1Pc Rotors),brakes,205.00,parcel,category,parcel by category; no freight notes on the listing,
4,unconfirmed,1427,Wilwood Spindle Kit Pair 64-74 GM AFX body 2.00in Drop,body-parts,205.00,freight,category,freight by category; no freight notes on the listing,
4,unconfirmed,1077,TiAL Sport F38 Wastegate 38mm .5 Bar (7.25 PSI) - Black,turbocharger,200.00,parcel,category,parcel by category; no freight notes on the listing,
4,unconfirmed,1078,TiAL Sport F38 Wastegate 38mm .5 Bar (7.25 PSI) - Silver,turbocharger,200.00,parcel,category,parcel by category; no freight notes on the listing,
4,unconfirmed,1079,TiAL Sport F38 Wastegate 38mm 1.0 Bar (14.50 PSI) - Silver,turbocharger,200.00,parcel,category,parcel by category; no freight notes on the listing,
4,unconfirmed,1129,Turbosmart BOV RacePort Female Gen V - Blue No Weld Flange,turbocharger,200.00,parcel,category,parcel by category; no freight notes on the listing,
4,unconfirmed,1130,Turbosmart BOV RacePort Female Gen-V Purple - No Weld Flange,turbocharger,200.00,parcel,category,parcel by category; no freight notes on the listing,
4,unconfirmed,1131,Turbosmart BOV RacePort Female Gen-V Red - No Weld Flange,turbocharger,200.00,parcel,category,parcel by category; no freight notes on the listing,
4,unconfirmed,1175,Turbosmart GenV RacePort Blow Off Valve - Black (For Female Flange),turbocharger,200.00,parcel,category,parcel by category; no freight notes on the listing,
4,unconfirmed,1351,Wilwood Adjustable Dual Pedal - Brake / Clutch - Fwd. Swing Mount - 6.25:1,interior,195.00,parcel,category,parcel by category; no freight notes on the listing,
4,unconfirmed,1352,Wilwood Adjustable Dual Pedal - Brake / Clutch - Rev. Swing Mount - 5.1:1,interior,195.00,parcel,category,parcel by category; no freight notes on the listing,
4,unconfirmed,1353,Wilwood Adjustable Dual Pedal - Brake / Clutch - Rev. Swing Mount - 6.25:1,interior,195.00,parcel,category,parcel by category; no freight notes on the listing,
4,unconfirmed,1411,Wilwood High Volume Tandem Master Cylinder - 1 1/8in Bore Ball Burnished,brakes,195.00,parcel,category,parcel by category; no freight notes on the listing,
4,unconfirmed,1412,Wilwood High Volume Tandem Master Cylinder - 1 1/8in Bore Black,brakes,195.00,parcel,category,parcel by category; no freight notes on the listing,
4,unconfirmed,1413,Wilwood High Volume Tandem Master Cylinder - 15/16in Bore Black-W/Pushrod,brakes,195.00,parcel,category,parcel by category; no freight notes on the listing,
4,unconfirmed,1414,Wilwood High Volume Tandem Master Cylinder - 7/8in Bore Black-W/Pushrod,brakes,195.00,parcel,category,parcel by category; no freight notes on the listing,
4,unconfirmed,1899,Oracle LED Headlights for Jeep Wrangler JL,lighting,190.00,parcel,category,parcel by category; no freight notes on the listing,
4,unconfirmed,338,Antigravity Small Case 16-Cell Lithium Battery,electronics,190.00,parcel,category,parcel by category; no freight notes on the listing,
4,unconfirmed,646,Garrett GBC35 Turbine Housing Kit Open T4 / V-Band 0.82 A/R,turbocharger,190.00,parcel,category,parcel by category; no freight notes on the listing,
4,unconfirmed,283,Aeromotive A1000 Adjustable EFI Regulator (2) -6 Inlet/-6 Return,aftermarket,185.00,parcel,category,parcel by category; no freight notes on the listing,
4,unconfirmed,1137,Turbosmart Dual Stage Boost Controller V2 - Black,turbocharger,185.00,parcel,category,parcel by category; no freight notes on the listing,
4,unconfirmed,1138,Turbosmart Dual Stage Boost Controller V2 - Blue,turbocharger,185.00,parcel,category,parcel by category; no freight notes on the listing,
4,unconfirmed,800,NRG FIA 6pt 2in. Shoulder Belt for HANS Device/ Rotary Cam Lock Buckle/ 3in. Waist Belt - Black,interior,180.00,parcel,category,parcel by category; no freight notes on the listing,
4,unconfirmed,807,NRG Harness Bar 51in. - Blue,interior,180.00,parcel,category,parcel by category; no freight notes on the listing,
4,unconfirmed,1145,Turbosmart EM Kompact BOV Plumb Back VR18,turbocharger,180.00,parcel,category,parcel by category; no freight notes on the listing,
4,unconfirmed,806,NRG Harness Bar 49in. - Titanium,interior,175.00,parcel,category,parcel by category; no freight notes on the listing,
4,unconfirmed,1149,Turbosmart FPR10 Fuel Pressure Regulator Suit -10AN - Black,aftermarket,175.00,parcel,category,parcel by category; no freight notes on the listing,
4,unconfirmed,1296,UMI Performance 98-02 GM F-Body Manual / Torque Arm Relocation Kit,body-parts,175.00,freight,category,freight by category; no freight notes on the listing,
4,unconfirmed,1297,UMI Performance 98-02 GM F-Body Torque Arm Relocation Kit - 4L80E,body-parts,175.00,freight,category,freight by category; no freight notes on the listing,
4,unconfirmed,321,Aeromotive Regulator Filter Combo EFI 40PSI-75PSI for A1000 or Smaller,aftermarket,170.00,parcel,category,parcel by category; no freight notes on the listing,
4,unconfirmed,472,BMR 84-92 3rd Gen F-Body Torque Arm Relocation Crossmember TH350 / PG - Red,body-parts,170.00,freight,category,freight by category; no freight notes on the listing,
4,unconfirmed,491,BMR 98-02 4th Gen F-Body Torque Arm Relocation Crossmember 4L60E LS1 - Black Hammertone,body-parts,170.00,freight,category,freight by category; no freight notes on the listing,
4,unconfirmed,492,BMR 98-02 4th Gen F-Body Torque Arm Relocation Crossmember 4L80E LS1 - Red,body-parts,170.00,freight,category,freight by category; no freight notes on the listing,
4,unconfirmed,493,BMR 98-02 4th Gen F-Body Torque Arm Relocation Crossmember TH400 LS1 - Red,body-parts,170.00,freight,category,freight by category; no freight notes on the listing,
4,unconfirmed,720,Kooks 10mm Spark Plug Wires - Orange w/Black Boots (8 pc. Set),aftermarket,170.00,parcel,category,parcel by category; no freight notes on the listing,
4,unconfirmed,805,NRG Harness Bar 47in. - Blue,interior,170.00,parcel,category,parcel by category; no freight notes on the listing,
4,unconfirmed,1357,Wilwood Adjustable-Tandem Dual Pedal - Brake / Clutch - Fwd. Swing Mount - 6.25:1 - Black E-Coat,interior,170.00,parcel,category,parcel by category; no freight notes on the listing,
4,unconfirmed,1358,Wilwood Adjustable-Tandem Dual Pedal - Brake / Clutch - Fwd. Swing Mount - 7.0:1 - Black E-Coat,interior,170.00,parcel,category,parcel by category; no freight notes on the listing,
4,unconfirmed,282,Aeromotive A1000 Adjustable EFI Regulator (2) -10 Inlet/-6 Return,aftermarket,165.00,parcel,category,parcel by category; no freight notes on the listing,
4,unconfirmed,284,Aeromotive A1000 Adjustable EFI Regulator (2) -8 Inlet/-6 Return,aftermarket,165.00,parcel,category,parcel by category; no freight notes on the listing,
4,unconfirmed,344,Antigravity XP-20-HD Micro-Start Jump Starter,electronics,165.00,parcel,category,parcel by category; no freight notes on the listing,
4,unconfirmed,1153,Turbosmart FPR8 Fuel Pressure Regulator (Sleeper),aftermarket,165.00,parcel,category,parcel by category; no freight notes on the listing,
4,unconfirmed,1410,Wilwood High Volume Tandem Master Cylinder - 1 1/8in Bore,brakes,165.00,parcel,category,parcel by category; no freight notes on the listing,
4,unconfirmed,2113,Cardone Remanufactured Power Steering Pump,aftermarket,160.00,parcel,category,parcel by category; no freight notes on the listing,
4,unconfirmed,598,Garrett G-XRace GXR42-68 68mm Super Core,turbocharger,160.00,parcel,category,parcel by category; no freight notes on the listing,
4,unconfirmed,1035,SPAL 1870 CFM 12in High Performance (H.O.) Fan - Pull (VA01-AP90/VLL-66A),aftermarket,160.00,parcel,category,parcel by category; no freight notes on the listing,
4,unconfirmed,1154,Turbosmart FPR8 Fuel Pressure Regulator Suit -8AN - Black,aftermarket,160.00,parcel,category,parcel by category; no freight notes on the listing,
4,unconfirmed,2086,Volkswagen Caddy Maxi Load Area Liner,interior,155.00,parcel,category,parcel by category; no freight notes on the listing,
4,unconfirmed,259,A1000 Gen-II EFI Regulator ORB-06,aftermarket,155.00,parcel,category,parcel by category; no freight notes on the listing,
4,unconfirmed,735,LME LT Timing Chain Guide,aftermarket,155.00,parcel,category,parcel by category; no freight notes on the listing,
4,unconfirmed,1135,Turbosmart BOV Vee Port Pro - Blue,turbocharger,155.00,parcel,category,parcel by category; no freight notes on the listing,
4,unconfirmed,1184,Turbosmart ProOPR Rising Rate Turbo Oil Pressure Regulator (Twin Outlet),aftermarket,155.00,parcel,category,parcel by category; no freight notes on the listing,
4,unconfirmed,1189,Turbosmart Vee Port Pro BOV - Black,turbocharger,155.00,parcel,category,parcel by category; no freight notes on the listing,
4,unconfirmed,1038,SPAL 2467 CFM 16in High Performance Race Fan - Pull/Curved (VA18-AP70/LL/F-59A),aftermarket,150.00,parcel,category,parcel by category; no freight notes on the listing,
4,unconfirmed,1122,Turbosmart BOV Kompact Dual Port-20mm,turbocharger,150.00,parcel,category,parcel by category; no freight notes on the listing,
4,unconfirmed,1123,Turbosmart BOV Kompact Dual Port-25mm,turbocharger,150.00,parcel,category,parcel by category; no freight notes on the listing,
4,unconfirmed,1177,Turbosmart IWG75 Garrett GT2860RS 5 PSI Black Internal Wastegate Actuator,turbocharger,150.00,parcel,category,parcel by category; no freight notes on the listing,
4,unconfirmed,1178,Turbosmart IWG75 Garrett GT2860RS 7 PSI Black Internal Wastegate Actuator,turbocharger,150.00,parcel,category,parcel by category; no freight notes on the listing,
4,unconfirmed,1031,SPAL 1604 CFM 11in High Output (H.O.) Fan - Pull (VA03-AP90/LL-68A),aftermarket,145.00,parcel,category,parcel by category; no freight notes on the listing,
4,unconfirmed,1150,Turbosmart FPR6 Fuel Pressure Regulator Suit -6AN - Black,aftermarket,145.00,parcel,category,parcel by category; no freight notes on the listing,
4,unconfirmed,1151,Turbosmart FPR6 Fuel Pressure Regulator Suit -6AN - Blue,aftermarket,145.00,parcel,category,parcel by category; no freight notes on the listing,
4,unconfirmed,1152,Turbosmart FPR6 Fuel Pressure Regulator Suit -6AN - Purple,aftermarket,145.00,parcel,category,parcel by category; no freight notes on the listing,
4,unconfirmed,1147,Turbosmart FCD-2 (electronic),turbocharger,140.00,parcel,category,parcel by category; no freight notes on the listing,
4,unconfirmed,1340,Wilwood 10:1 Pedal Assembly Dual M/C (M/C Not Included),interior,140.00,parcel,category,parcel by category; no freight notes on the listing,
4,unconfirmed,854,NRG Quick Release Kit Gen 4.0 - Black Body / Black Ring w/ CF Handles,interior,135.00,parcel,category,parcel by category; no freight notes on the listing,
4,unconfirmed,1183,Turbosmart ProOPR Rising Rate Turbo Oil Pressure Regulator,aftermarket,135.00,parcel,category,parcel by category; no freight notes on the listing,
4,unconfirmed,833,NRG Quick Release Kit - Black Body/ White Ring w/ Handles,interior,130.00,parcel,category,parcel by category; no freight notes on the listing,
4,unconfirmed,848,NRG Quick Release Kit Gen 3.0 - Blue Body / Blue Ring w/Handles,interior,130.00,parcel,category,parcel by category; no freight notes on the listing,
4,unconfirmed,849,NRG Quick Release Kit Gen 3.0 - Green Body / Green Ring w/Handles,interior,130.00,parcel,category,parcel by category; no freight notes on the listing,
4,unconfirmed,850,NRG Quick Release Kit Gen 3.0 - Gunmetal Body / Gunmetal Ring w/Handles,interior,130.00,parcel,category,parcel by category; no freight notes on the listing,
4,unconfirmed,851,NRG Quick Release Kit Gen 3.0 - Pink Body / Pink Ring w/Handles,interior,130.00,parcel,category,parcel by category; no freight notes on the listing,
4,unconfirmed,852,NRG Quick Release Kit Gen 3.0 - Purple Body / Purple Ring w/Handles,interior,130.00,parcel,category,parcel by category; no freight notes on the listing,
4,unconfirmed,853,NRG Quick Release Kit Gen 3.0 - Silver Body / Silver Ring w/Handles,interior,130.00,parcel,category,parcel by category; no freight notes on the listing,
4,unconfirmed,855,NRG Quick Release Kit Gen 4.0 - Black Body / Black Ring w/ Handles,interior,130.00,parcel,category,parcel by category; no freight notes on the listing,
4,unconfirmed,856,NRG Quick Release Kit Gen 4.0 - Purple Body / Purple Ring w/ Handles,interior,130.00,parcel,category,parcel by category; no freight notes on the listing,
4,unconfirmed,1028,SPAL 1451 CFM 12in High Performance Fan - Pull/Curved (VA10-AP70/LL-61A),aftermarket,130.00,parcel,category,parcel by category; no freight notes on the listing,
4,unconfirmed,1032,SPAL 1623 CFM 14in High Performance Fan - Pull/Straight (VA08-AP70/LL-23MA),aftermarket,130.00,parcel,category,parcel by category; no freight notes on the listing,
4,unconfirmed,1033,SPAL 1682 CFM 13in High Performance Fan - Push/Curved (VA13-AP70/LL-63S),aftermarket,130.00,parcel,category,parcel by category; no freight notes on the listing,
4,unconfirmed,1034,SPAL 1864 CFM 14in High Performance Fan - Pull/Curved (VA08-AP71/LL-53A),aftermarket,130.00,parcel,category,parcel by category; no freight notes on the listing,
4,unconfirmed,1037,SPAL 2024 CFM 16in High Performance Fan - Pull/Curved (VA18-AP71/LL-59A),aftermarket,130.00,parcel,category,parcel by category; no freight notes on the listing,
4,unconfirmed,1155,Turbosmart Fuel Pressure Regulator Kompact Universal 1/8in NPT - Sleeper,aftermarket,130.00,parcel,category,parcel by category; no freight notes on the listing,
4,unconfirmed,295,Aeromotive Fuel Pump Deluxe Wiring Kit,electronics,125.00,parcel,category,parcel by category; no freight notes on the listing,
4,unconfirmed,1386,Wilwood Electronic Parking Brake Caliper Harness Wiring,brakes,125.00,parcel,category,parcel by category; no freight notes on the listing,
4,unconfirmed,340,Antigravity Small Case 8-Cell Lithium Battery,electronics,120.00,parcel,category,parcel by category; no freight notes on the listing,
4,unconfirmed,830,NRG Quick Release Gen 2.8 - Black Body / Neochrome Ring,interior,120.00,parcel,category,parcel by category; no freight notes on the listing,
4,unconfirmed,831,NRG Quick Release Gen 2.8 - Blue Body / Neochrome Ring,interior,120.00,parcel,category,parcel by category; no freight notes on the listing,
4,unconfirmed,1025,SPAL 1310 CFM 11in High Performance Fan - Push (VA03-AP70/LL-37S),aftermarket,120.00,parcel,category,parcel by category; no freight notes on the listing,
4,unconfirmed,1027,SPAL 1375 CFM 11in High Performance Fan - Pull (VA03-AP70/LL-37A),aftermarket,120.00,parcel,category,parcel by category; no freight notes on the listing,
4,unconfirmed,547,DeatschWerks DWR1000 Adjustable Fuel Pressure Regulator - Titanium,aftermarket,115.00,parcel,category,parcel by category; no freight notes on the listing,
4,unconfirmed,549,DeatschWerks DWR1000iL In-Line Adjustable Fuel Pressure Regulator - Black,aftermarket,115.00,parcel,category,parcel by category; no freight notes on the listing,
4,unconfirmed,550,DeatschWerks DWR2000 Adjustable Fuel Pressure Regulator - Black,aftermarket,115.00,parcel,category,parcel by category; no freight notes on the listing,
4,unconfirmed,551,DeatschWerks DWR2000 Adjustable Fuel Pressure Regulator - Titanium,aftermarket,115.00,parcel,category,parcel by category; no freight notes on the listing,
4,unconfirmed,808,NRG Heart Quick Release Kit Gen 143 - Mint Body / Mint Heart Ring,interior,115.00,parcel,category,parcel by category; no freight notes on the listing,
4,unconfirmed,809,NRG Heart Quick Release Kit Gen 143 - Pink Body / Pink Heart Ring,interior,115.00,parcel,category,parcel by category; no freight notes on the listing,
4,unconfirmed,810,NRG Heart Quick Release Kit Gen 143 - Red Body / Red Heart Ring,interior,115.00,parcel,category,parcel by category; no freight notes on the listing,
4,unconfirmed,840,NRG Quick Release Kit Gen 2.5 - Black / CF Ring,interior,115.00,parcel,category,parcel by category; no freight notes on the listing,
4,unconfirmed,1139,Turbosmart eB2 4 Port Solenoid,turbocharger,115.00,parcel,category,parcel by category; no freight notes on the listing,
4,unconfirmed,2089,Ottocast Mini Tube T4 Wireless CarPlay Adapter,electronics,110.00,parcel,category,parcel by category; no freight notes on the listing,
4,unconfirmed,816,NRG Quick Lock V2 w/Free Spin - Chrome Gold (Will Not Work w/Thin Version QR or Quick Tilt System),interior,110.00,parcel,category,parcel by category; no freight notes on the listing,
4,unconfirmed,832,NRG Quick Release Kit - Black Body/ Black Chrome Oval Ring,interior,110.00,parcel,category,parcel by category; no freight notes on the listing,
4,unconfirmed,834,NRG Quick Release Kit - Pyramid Edition - Black Body / Black Pyramid Ring,interior,110.00,parcel,category,parcel by category; no freight notes on the listing,
4,unconfirmed,835,NRG Quick Release Kit - Pyramid Edition - Black Body / Chrome Gold Pyramid Ring,interior,110.00,parcel,category,parcel by category; no freight notes on the listing,
4,unconfirmed,836,NRG Quick Release Kit - Pyramid Edition - Black Body / Glow In The Dark Pyramid Ring,interior,110.00,parcel,category,parcel by category; no freight notes on the listing,
4,unconfirmed,837,NRG Quick Release Kit - Pyramid Edition - Black Body / Neochrome Pyramid Ring,interior,110.00,parcel,category,parcel by category; no freight notes on the listing,
4,unconfirmed,838,NRG Quick Release Kit Gen 2.5 - Black / Black Ring (6 Hole Base 5 Hole Top),interior,110.00,parcel,category,parcel by category; no freight notes on the listing,
4,unconfirmed,839,NRG Quick Release Kit Gen 2.5 - Black / Black Ring w/Finger Grooves,interior,110.00,parcel,category,parcel by category; no freight notes on the listing,
4,unconfirmed,841,NRG Quick Release Kit Gen 2.5 - Black / Gunmetal Ring,interior,110.00,parcel,category,parcel by category; no freight notes on the listing,
4,unconfirmed,842,NRG Quick Release Kit Gen 2.5 - Blue / Blue Ring,interior,110.00,parcel,category,parcel by category; no freight notes on the listing,
4,unconfirmed,843,NRG Quick Release Kit Gen 2.5 - Green Body / Titanium Chrome Ring,interior,110.00,parcel,category,parcel by category; no freight notes on the listing,
4,unconfirmed,844,NRG Quick Release Kit Gen 2.5 - Orange Body / Titanium Chrome Ring,interior,110.00,parcel,category,parcel by category; no freight notes on the listing,
4,unconfirmed,845,NRG Quick Release Kit Gen 2.5 - Pink Body / Pink Ring,interior,110.00,parcel,category,parcel by category; no freight notes on the listing,
4,unconfirmed,846,NRG Quick Release Kit Gen 2.5 - Rose Gold / Rose Gold Ring,interior,110.00,parcel,category,parcel by category; no freight notes on the listing,
4,unconfirmed,847,NRG Quick Release Kit Gen 2.8 - Black / Gunmetal Ring,interior,110.00,parcel,category,parcel by category; no freight notes on the listing,
4,unconfirmed,904,NRG Short Hub Adapter 90-04 Ford Mustang,interior,110.00,parcel,category,parcel by category; no freight notes on the listing,
4,unconfirmed,1157,Turbosmart GBCV In Cabin Black,turbocharger,105.00,parcel,category,parcel by category; no freight notes on the listing,
4,unconfirmed,1141,Turbosmart eB2 Re-loom kit,turbocharger,100.00,parcel,category,parcel by category; no freight notes on the listing,
4,unconfirmed,1354,Wilwood Adjustable Single Clutch Pedal - Floor Mount - 5.25-6:1,interior,100.00,parcel,category,parcel by category; no freight notes on the listing,
4,unconfirmed,548,DeatschWerks DWR1000c Adjustable Fuel Pressure Regulator Dual 6AN Inlet and 6AN Outlet - Black,aftermarket,95.00,parcel,category,parcel by category; no freight notes on the listing,
4,unconfirmed,813,NRG Quick Lock - Neochrome,interior,95.00,parcel,category,parcel by category; no freight notes on the listing,
4,unconfirmed,814,NRG Quick Lock - Red,interior,95.00,parcel,category,parcel by category; no freight notes on the listing,
4,unconfirmed,815,NRG Quick Lock - Shine Black,interior,95.00,parcel,category,parcel by category; no freight notes on the listing,
4,unconfirmed,817,NRG Quick Release - Gold Body/Chrome Gold Ring,interior,90.00,parcel,category,parcel by category; no freight notes on the listing,
4,unconfirmed,820,NRG Quick Release Gen 2.0 - Black Body / Black Carbon Fiber Ring,interior,90.00,parcel,category,parcel by category; no freight notes on the listing,
4,unconfirmed,822,NRG Quick Release Gen 2.0 - Black Body / Neochrome Ring,interior,90.00,parcel,category,parcel by category; no freight notes on the listing,
4,unconfirmed,339,Antigravity Small Case 4-Cell Lithium Battery,electronics,85.00,parcel,category,parcel by category; no freight notes on the listing,
4,unconfirmed,345,Antigravity XPS SC-1 Lithium Battery (Race Use),electronics,85.00,parcel,category,parcel by category; no freight notes on the listing,
4,unconfirmed,821,NRG Quick Release Gen 2.0 - Black Body / Black Ring,interior,85.00,parcel,category,parcel by category; no freight notes on the listing,
4,unconfirmed,823,NRG Quick Release Gen 2.0 - Minty Fresh Body / Titanium Chrome Ring,interior,85.00,parcel,category,parcel by category; no freight notes on the listing,
4,unconfirmed,824,NRG Quick Release Gen 2.0 - Orange Body / Titanium Chrome Ring,interior,85.00,parcel,category,parcel by category; no freight notes on the listing,
4,unconfirmed,825,NRG Quick Release Gen 2.0 - Purple Body / Purple Ring,interior,85.00,parcel,category,parcel by category; no freight notes on the listing,
4,unconfirmed,826,NRG Quick Release Gen 2.0 - Red Body / Red Ring,interior,85.00,parcel,category,parcel by category; no freight notes on the listing,
4,unconfirmed,827,NRG Quick Release Gen 2.0 - Silver Body / Chrome Ring SFI Spec 42.1,interior,85.00,parcel,category,parcel by category; no freight notes on the listing,
4,unconfirmed,828,NRG Quick Release Gen 2.0 - Silver Body / Titanium Chrome Ring,interior,85.00,parcel,category,parcel by category; no freight notes on the listing,
4,unconfirmed,829,NRG Quick Release Gen 2.0 - Silver Shiny Body / Brushed Silver Ring,interior,85.00,parcel,category,parcel by category; no freight notes on the listing,
4,unconfirmed,857,NRG Quick Release SFI SPEC 42.1 - Shinny Black Body / Red Shinny Ring,interior,85.00,parcel,category,parcel by category; no freight notes on the listing,
4,unconfirmed,858,NRG Race Short Hub Datsun - Black Body Blue Ring,interior,85.00,parcel,category,parcel by category; no freight notes on the listing,
4,unconfirmed,905,NRG Short Hub Adapter Gm / Dodge / Chevy,interior,85.00,parcel,category,parcel by category; no freight notes on the listing,
4,unconfirmed,906,NRG Short Hub Adapter Mazda,interior,85.00,parcel,category,parcel by category; no freight notes on the listing,
4,unconfirmed,1022,SPAL 1168 CFM 13in Medium Profile Fan - Pull (VA13-AP51/C-35A),aftermarket,85.00,parcel,category,parcel by category; no freight notes on the listing,
4,unconfirmed,1023,SPAL 1186 CFM 13in Medium Profile Fan - Push (VA13-AP51/C-35S),aftermarket,85.00,parcel,category,parcel by category; no freight notes on the listing,
4,unconfirmed,1024,SPAL 1226 CFM 12in Medium Profile Fan - Pull/Curved (VA10-AP50/C-61A),aftermarket,85.00,parcel,category,parcel by category; no freight notes on the listing,
4,unconfirmed,1026,SPAL 1310 CFM 14in Medium Profile Fan - Pull (VA08-AP51/C-23A),aftermarket,85.00,parcel,category,parcel by category; no freight notes on the listing,
4,unconfirmed,1029,SPAL 1469 CFM 16in Medium Profile Fan - Pull (VA18-AP51/C-41A),aftermarket,85.00,parcel,category,parcel by category; no freight notes on the listing,
4,unconfirmed,1356,Wilwood Adjustable Single Pedal - Reverse Mount - 6:1,interior,85.00,parcel,category,parcel by category; no freight notes on the listing,
4,unconfirmed,1048,SPAL 944 CFM 11in Medium Profile Fan - Push (VA09-AP50/C-27S),aftermarket,80.00,parcel,category,parcel by category; no freight notes on the listing,
4,unconfirmed,1146,Turbosmart FCD-1 (pneumatic),turbocharger,80.00,parcel,category,parcel by category; no freight notes on the listing,
4,unconfirmed,1355,Wilwood Adjustable Single Pedal - Floor Mount - 6:1,interior,80.00,parcel,category,parcel by category; no freight notes on the listing,
4,unconfirmed,819,NRG Quick Release Gen 1.5 - Black Body / Carbon Fiber Ring,interior,75.00,parcel,category,parcel by category; no freight notes on the listing,
4,unconfirmed,907,NRG Short Spline Adapter - Polaris RZR / Ranger (Secures w/OEM Lock Nut / Fits Quick Lock) - Black,interior,75.00,parcel,category,parcel by category; no freight notes on the listing,
4,unconfirmed,1021,SPAL 1074 CFM 16in Fan - Pull (VA18-AP10/C-41A),aftermarket,75.00,parcel,category,parcel by category; no freight notes on the listing,
4,unconfirmed,1036,SPAL 195 Degree Thermo-Switch/Relay & Harness,electronics,75.00,parcel,category,parcel by category; no freight notes on the listing,
4,unconfirmed,1043,SPAL 407 CFM 7.5in High Performance Fan - Pull/Paddle,aftermarket,75.00,parcel,category,parcel by category; no freight notes on the listing,
4,unconfirmed,512,CHEVROLET PERFORMANCE GEN V LT REAR COVER,aftermarket,70.00,parcel,category,parcel by category; no freight notes on the listing,
4,unconfirmed,672,Garrett Various Mechanical Boost Gauge (PSI),electronics,70.00,parcel,category,parcel by category; no freight notes on the listing,
4,unconfirmed,1040,SPAL 301 CFM 6.5in Fan - Push (VA22-AP11/C-50S),aftermarket,70.00,parcel,category,parcel by category; no freight notes on the listing,
4,unconfirmed,1044,SPAL 643 CFM 10in Fan - Pull (VA11-AP8/C-29A),aftermarket,70.00,parcel,category,parcel by category; no freight notes on the listing,
4,unconfirmed,1045,SPAL 755 CFM 11in Fan - Pull (VA09-AP8/C-27A),aftermarket,70.00,parcel,category,parcel by category; no freight notes on the listing,
4,unconfirmed,1046,SPAL 802 CFM 10in Low Profile Fan - Pull/Curved (VA11-AP7/C-57A),aftermarket,70.00,parcel,category,parcel by category; no freight notes on the listing,
4,unconfirmed,1047,SPAL 856 CFM 12in Fan - Push (VA10-AP9/C-25S),aftermarket,70.00,parcel,category,parcel by category; no freight notes on the listing,
4,unconfirmed,1114,TiAL Sport V60 Wastegate Special Diaphragm,turbocharger,70.00,parcel,category,parcel by category; no freight notes on the listing,
4,unconfirmed,818,NRG Quick Release - Silver Body/ Red Chrome Ring,interior,65.00,parcel,category,parcel by category; no freight notes on the listing,
4,unconfirmed,337,Antigravity SC-4 Super-Charger (Automotive/Motorcycle/Powersport) Battery Charger,electronics,60.00,parcel,category,parcel by category; no freight notes on the listing,
4,unconfirmed,648,Garrett GT28 Adjustable Wastegate Bracket,turbocharger,60.00,parcel,category,parcel by category; no freight notes on the listing,
4,unconfirmed,683,GM Straight Pedal,aftermarket,60.00,parcel,category,parcel by category; no freight notes on the listing,
4,unconfirmed,1030,SPAL 147 CFM 4in Fan - Pull (VA32-A101-62A),aftermarket,60.00,parcel,category,parcel by category; no freight notes on the listing,
4,unconfirmed,1042,SPAL 342 CFM 5.2in Fan - Pull (VA31-A101-46A),aftermarket,60.00,parcel,category,parcel by category; no freight notes on the listing,
4,unconfirmed,1140,Turbosmart eB2 60mm Dash Mounting Kit,electronics,60.00,parcel,category,parcel by category; no freight notes on the listing,
4,unconfirmed,1342,Wilwood 570 Brake Fluid - 6 Pack 12 oz Bottles,brakes,60.00,parcel,category,parcel by category; no freight notes on the listing,
4,unconfirmed,1364,Wilwood Aluminum Master Cylinder - .700in Bore,brakes,60.00,parcel,category,parcel by category; no freight notes on the listing,
4,unconfirmed,1365,Wilwood Aluminum Master Cylinder - 3/4in Bore,brakes,60.00,parcel,category,parcel by category; no freight notes on the listing,
4,unconfirmed,1366,Wilwood Aluminum Master Cylinder - 5/8in Bore,brakes,60.00,parcel,category,parcel by category; no freight notes on the listing,
4,unconfirmed,1367,Wilwood Compact Remote Aluminum Master Cylinder - .625in Bore,brakes,60.00,parcel,category,parcel by category; no freight notes on the listing,
4,unconfirmed,323,Aeromotive Y-Block - AN-06 - 2x AN-06,aftermarket,55.00,parcel,category,parcel by category; no freight notes on the listing,
4,unconfirmed,801,NRG Floor Mats - 96-00 Honda Civic 2DR & 3DR (EK9 Logo) - 4pc.,interior,55.00,parcel,category,parcel by category; no freight notes on the listing,
4,unconfirmed,1409,Wilwood High Volume Aluminum Master Cylinder - 3/4in Bore,brakes,55.00,parcel,category,parcel by category; no freight notes on the listing,
4,unconfirmed,788,NRG Bucket Seat Side Bracket - 2pc w/ NRG Logo,interior,50.00,parcel,category,parcel by category; no freight notes on the listing,
4,unconfirmed,1049,SPAL Fan Harness With Relay,electronics,50.00,parcel,category,parcel by category; no freight notes on the listing,
4,unconfirmed,1117,Turbosmart 0-2 Bar 52mm Boost Gauge,electronics,50.00,parcel,category,parcel by category; no freight notes on the listing,
4,unconfirmed,1121,Turbosmart Boost Gauge 0-30psi 52mm - 2 1/16,electronics,50.00,parcel,category,parcel by category; no freight notes on the listing,
4,unconfirmed,336,Antigravity SC-2 Super-Charger (Automotive/Motorcycle/Powersport) Battery Charger,electronics,45.00,parcel,category,parcel by category; no freight notes on the listing,
4,unconfirmed,1304,Used 2014-2018 L83 / L86 Water Pump,aftermarket,45.00,parcel,category,parcel by category; no freight notes on the listing,
4,unconfirmed,676,Gen V LT Oil pump Alignment Tool,aftermarket,35.00,parcel,category,parcel by category; no freight notes on the listing,
4,unconfirmed,1136,Turbosmart Diaphragm Used On IG75,turbocharger,35.00,parcel,category,parcel by category; no freight notes on the listing,
4,unconfirmed,1156,Turbosmart Gauge Mounting Cup 52mm - 2 1/16,electronics,35.00,parcel,category,parcel by category; no freight notes on the listing,
4,unconfirmed,226,2014 + GM Truck Starter,aftermarket,30.00,parcel,category,parcel by category; no freight notes on the listing,
4,unconfirmed,230,2014+ GM Truck AC Compressor,aftermarket,30.00,parcel,category,parcel by category; no freight notes on the listing,
4,unconfirmed,334,Antigravity Heavy Duty Smart Clamps (For XP10/XP10-HD),electronics,30.00,parcel,category,parcel by category; no freight notes on the listing,
4,unconfirmed,538,DeatschWerks 6AN Female Swivel 180-Degree Hose End PTFE (Incl. 1 Olive Insert),aftermarket,30.00,parcel,category,parcel by category; no freight notes on the listing,
4,unconfirmed,787,NRG Aluminum Sport Pedal A/T - Black w/Silver Carbon,interior,30.00,parcel,category,parcel by category; no freight notes on the listing,
4,unconfirmed,791,NRG Carbon License Plate Frame/ Fiber Poly Dip Finish Wet w/ NRG Logo,aftermarket,30.00,parcel,category,parcel by category; no freight notes on the listing,
4,unconfirmed,804,NRG Hand Brake Gen 3 - Matte Black (Same As HK-800BK),aftermarket,30.00,parcel,category,parcel by category; no freight notes on the listing,
4,unconfirmed,1148,Turbosmart FPR Gauge 0-100psi Liquid Fill,electronics,30.00,parcel,category,parcel by category; no freight notes on the listing,
4,unconfirmed,1169,Turbosmart GenV Actuator Collar Tool (WG45/50),turbocharger,30.00,parcel,category,parcel by category; no freight notes on the listing,
4,unconfirmed,1329,Walbro Universal Installation Kit for F90000262 Pump w/Fuel Filter/Wiring Harness/Fuel Line,electronics,30.00,parcel,category,parcel by category; no freight notes on the listing,
4,unconfirmed,1330,Walbro Universal Installation Kit: Fuel Filter/Wiring Harness/Fuel Line for F90000267 E85 Pump,electronics,30.00,parcel,category,parcel by category; no freight notes on the listing,
4,unconfirmed,812,NRG Memory Foam Neck Pillow For Any Seats- Red,interior,25.00,parcel,category,parcel by category; no freight notes on the listing,
4,unconfirmed,324,Antigravity 16in Clampless Starting Harness (For XP-10/XP-10-HD),electronics,20.00,parcel,category,parcel by category; no freight notes on the listing,
4,unconfirmed,325,Antigravity 20in Clampless Starting Harness (For XP-20/XP-20-HD),electronics,20.00,parcel,category,parcel by category; no freight notes on the listing,
4,unconfirmed,342,Antigravity Top Post to Side Terminal Adapters,electronics,20.00,parcel,category,parcel by category; no freight notes on the listing,
4,unconfirmed,577,Blower Cam Shirt,aftermarket,20.00,parcel,category,parcel by category; no freight notes on the listing,
4,unconfirmed,580,Motorsports,aftermarket,20.00,parcel,category,parcel by category; no freight notes on the listing,
4,unconfirmed,582,Racing Style Shirt,aftermarket,20.00,parcel,category,parcel by category; no freight notes on the listing,
4,unconfirmed,586,Turbo Cam Shirt,aftermarket,20.00,parcel,category,parcel by category; no freight notes on the listing,
4,unconfirmed,335,Antigravity SAE Car Terminal Adapters,electronics,19.55,parcel,category,parcel by category; no freight notes on the listing,
4,unconfirmed,1544,Torin ATR6300B Rolling Creeper Garage,aftermarket,18.49,parcel,category,parcel by category; no freight notes on the listing,
4,unconfirmed,350,BelRaken T Shirt,aftermarket,16.15,parcel,category,parcel by category; no freight notes on the listing,
4,unconfirmed,505,BMR Universal Angle Finder,aftermarket,15.30,parcel,category,parcel by category; no freight notes on the listing,
4,unconfirmed,1050,SPAL Fan Mounting Pin (1 Piece),aftermarket,14.45,parcel,category,parcel by category; no freight notes on the listing,
4,unconfirmed,581,Motorsports Beanie,aftermarket,11.90,parcel,category,parcel by category; no freight notes on the listing,
4,unconfirmed,716,Injector Dynamics Viton 14mm Bottom O-Ring,aftermarket,11.05,parcel,category,parcel by category; no freight notes on the listing,
