family_id,product_family,type,manufacturer_or_brand,listing_count,product_ids,example_listing_name,applications_seen,part_numbers_seen,conditions,price_range_usd,contents_already_known,contents_status,information_needed,confirmed_package_contents,ecu_pcm_included,wiring_harness_included,other_included_accessories_and_components,required_components_sold_separately,optional_upgrades,vehicle_compatibility,installation_requirements,supplier_confirmation_status,supplier_contact,date_requested,date_confirmed,notes
F001,GM LTX Complete Swap Drivetrain Package,Engine / swap assembly,chevrolet,1,199,GM LTX Complete Swap Drivetrain Package,,,Brand New,71795-71795,Gen V LT performance-series engine; Matched automatic transmission; Wiring harness; ECU; Cooling (the supplier does not itemize these components); Swap documentation,partial,"Confirm: engine identification; ECU/PCM and wiring harness included (y/n); sensors, connectors, control modules; intake manifold and throttle body; fuel injectors, rails, pumps and regulators; ignition coils and plugs; forced-induction parts (intercooler, piping, bypass valves, boost control); accessory drive, alternator, starter; oil pan and pump, water pump; exhaust manifolds or headers; calibration or tuning supplied; immobilizer/security needs; what must be bought separately and what is vehicle-specific.",,,,,,,,,Not requested,,,,
F002,GM LT Road-Race Complete Swap Drivetrain,Engine / swap assembly,chevrolet,1,200,GM LT Road-Race Complete Swap Drivetrain,,,Brand New,61410-61410,,not started,"Confirm: engine identification; ECU/PCM and wiring harness included (y/n); sensors, connectors, control modules; intake manifold and throttle body; fuel injectors, rails, pumps and regulators; ignition coils and plugs; forced-induction parts (intercooler, piping, bypass valves, boost control); accessory drive, alternator, starter; oil pan and pump, water pump; exhaust manifolds or headers; calibration or tuning supplied; immobilizer/security needs; what must be bought separately and what is vehicle-specific.",,,,,,,,,Not requested,,,,
F003,GM LT Twin-Turbo Complete Drivetrain,Engine / swap assembly,chevrolet,1,197,GM LT Twin-Turbo Complete Drivetrain,,,Brand New,37365-37365,,not started,"Confirm: engine identification; ECU/PCM and wiring harness included (y/n); sensors, connectors, control modules; intake manifold and throttle body; fuel injectors, rails, pumps and regulators; ignition coils and plugs; forced-induction parts (intercooler, piping, bypass valves, boost control); accessory drive, alternator, starter; oil pan and pump, water pump; exhaust manifolds or headers; calibration or tuning supplied; immobilizer/security needs; what must be bought separately and what is vehicle-specific.",,,,,,,,,Not requested,,,,
F004,Chevrolet 427 LS7 Complete Drivetrain Package,Engine / swap assembly,chevrolet,1,211,Chevrolet 427 LS7 Complete Drivetrain Package,,,Brand New,36125-36125,,not started,"Confirm: engine identification; ECU/PCM and wiring harness included (y/n); sensors, connectors, control modules; intake manifold and throttle body; fuel injectors, rails, pumps and regulators; ignition coils and plugs; forced-induction parts (intercooler, piping, bypass valves, boost control); accessory drive, alternator, starter; oil pan and pump, water pump; exhaust manifolds or headers; calibration or tuning supplied; immobilizer/security needs; what must be bought separately and what is vehicle-specific.",,,,,,,,,Not requested,,,,
F005,Ford Coyote GT-T Twin-Turbo Drivetrain,Engine / swap assembly,ford,1,209,Ford Coyote GT-T Twin-Turbo Drivetrain,,,Brand New,31450-31450,,not started,"Confirm: engine identification; ECU/PCM and wiring harness included (y/n); sensors, connectors, control modules; intake manifold and throttle body; fuel injectors, rails, pumps and regulators; ignition coils and plugs; forced-induction parts (intercooler, piping, bypass valves, boost control); accessory drive, alternator, starter; oil pan and pump, water pump; exhaust manifolds or headers; calibration or tuning supplied; immobilizer/security needs; what must be bought separately and what is vehicle-specific.",,,,,,,,,Not requested,,,,
F006,GM LT4 New Complete Drivetrain Package,Engine / swap assembly,chevrolet,1,207,GM LT4 New Complete Drivetrain Package,,,Brand New,27625-27625,,not started,"Confirm: engine identification; ECU/PCM and wiring harness included (y/n); sensors, connectors, control modules; intake manifold and throttle body; fuel injectors, rails, pumps and regulators; ignition coils and plugs; forced-induction parts (intercooler, piping, bypass valves, boost control); accessory drive, alternator, starter; oil pan and pump, water pump; exhaust manifolds or headers; calibration or tuning supplied; immobilizer/security needs; what must be bought separately and what is vehicle-specific.",,,,,,,,,Not requested,,,,
F007,GT 1000 Supercharged Coyote Drivetrain Package,Engine / swap assembly,ford,1,685,GT 1000 Supercharged Coyote Drivetrain Package,,,Brand New,26500-26500,Gen 3 Coyote block; Boss 302 crankshaft; CP Carrillo bullet rods; Custom forged pistons; 5.2 Predator heads with Predator cams; Billet oil pump gears; MMR billet timing chain and tension kit; Ported GT500 blower (supercharger),listed,"Confirm: engine identification; ECU/PCM and wiring harness included (y/n); sensors, connectors, control modules; intake manifold and throttle body; fuel injectors, rails, pumps and regulators; ignition coils and plugs; forced-induction parts (intercooler, piping, bypass valves, boost control); accessory drive, alternator, starter; oil pan and pump, water pump; exhaust manifolds or headers; calibration or tuning supplied; immobilizer/security needs; what must be bought separately and what is vehicle-specific.",,,,,,,,,Not requested,,,,
F008,BD Diesel Heavy Hauler Ready Run Engine Dodge/RAM 2500/3500 5.9L Cummins 2004–2005,Engine / swap assembly,BD Diesel Performance,2,3943 3944,BD Diesel Heavy Hauler Ready Run Engine Dodge/RAM 2500/3500 5.9L Cummins 2004–2005 — DJPLB100102,2004–2005 Dodge / Ram 2500 and 3500 (5.9L) | 2006–2007 Dodge / Ram 2500 and 3500 (5.9L),DJPLB100102 | DJPLB100101,Refurbished,23925-23925,"Engine assembly, BD part DJPLB100102: crack-checked and precision-machined, with new pistons, bearings and gaskets",partial,"Confirm: engine identification; ECU/PCM and wiring harness included (y/n); sensors, connectors, control modules; intake manifold and throttle body; fuel injectors, rails, pumps and regulators; ignition coils and plugs; forced-induction parts (intercooler, piping, bypass valves, boost control); accessory drive, alternator, starter; oil pan and pump, water pump; exhaust manifolds or headers; calibration or tuning supplied; immobilizer/security needs; what must be bought separately and what is vehicle-specific.",,,,,,,,,Not requested,,,,
F009,BD Diesel Heavy Hauler Ready Run Engine Dodge RAM 2500/3500 6.7L Cummins 2007–2012,Engine / swap assembly,BD Diesel Performance,2,3945 3946,BD Diesel Heavy Hauler Ready Run Engine Dodge RAM 2500/3500 6.7L Cummins 2007–2012 — DJPLB100100,2007–2012 Dodge / Ram 2500 and 3500 (6.7L) | 2013–2018 Dodge / Ram 2500 and 3500 (6.7L),DJPLB100100 | DJPLB100098,Refurbished,23925-23925,,not started,"Confirm: engine identification; ECU/PCM and wiring harness included (y/n); sensors, connectors, control modules; intake manifold and throttle body; fuel injectors, rails, pumps and regulators; ignition coils and plugs; forced-induction parts (intercooler, piping, bypass valves, boost control); accessory drive, alternator, starter; oil pan and pump, water pump; exhaust manifolds or headers; calibration or tuning supplied; immobilizer/security needs; what must be bought separately and what is vehicle-specific.",,,,,,,,,Not requested,,,,
F010,BD Diesel Precision Plus Ready Run Engine Dodge RAM 2500/3500 5.9L Cummins 2006–2007,Engine / swap assembly,BD Diesel Performance,1,3909,BD Diesel Precision Plus Ready Run Engine Dodge RAM 2500/3500 5.9L Cummins 2006–2007 — DJPLB100097,2006–2007 Dodge / Ram 2500 and 3500 (5.9L),DJPLB100097,Refurbished,20655-20655,,not started,"Confirm: engine identification; ECU/PCM and wiring harness included (y/n); sensors, connectors, control modules; intake manifold and throttle body; fuel injectors, rails, pumps and regulators; ignition coils and plugs; forced-induction parts (intercooler, piping, bypass valves, boost control); accessory drive, alternator, starter; oil pan and pump, water pump; exhaust manifolds or headers; calibration or tuning supplied; immobilizer/security needs; what must be bought separately and what is vehicle-specific.",,,,,,,,,Not requested,,,,
F011,BD Diesel Precision Plus Ready Run Engine Dodge RAM 3500/4500/5500 Cab & Chassis 6.7L Cummins 2013–2018,Engine / swap assembly,BD Diesel Performance,1,3938,BD Diesel Precision Plus Ready Run Engine Dodge RAM 3500/4500/5500 Cab & Chassis 6.7L Cummins 2013–2018 — DJPLB100099,"2013–2018 Dodge / Ram 3500 Candc, 4500 Candc and 5500 Candc (6.7L)",DJPLB100099,Refurbished,20655-20655,,not started,"Confirm: engine identification; ECU/PCM and wiring harness included (y/n); sensors, connectors, control modules; intake manifold and throttle body; fuel injectors, rails, pumps and regulators; ignition coils and plugs; forced-induction parts (intercooler, piping, bypass valves, boost control); accessory drive, alternator, starter; oil pan and pump, water pump; exhaust manifolds or headers; calibration or tuning supplied; immobilizer/security needs; what must be bought separately and what is vehicle-specific.",,,,,,,,,Not requested,,,,
F012,BD Diesel Precision Plus Ready Run Engine Dodge RAM 2500/3500 6.7L Cummins 2013–2018,Engine / swap assembly,BD Diesel Performance,1,3948,BD Diesel Precision Plus Ready Run Engine Dodge RAM 2500/3500 6.7L Cummins 2013–2018 — DJPLB100094,2013–2018 Dodge / Ram 2500 and 3500 (6.7L),DJPLB100094,Refurbished,20655-20655,,not started,"Confirm: engine identification; ECU/PCM and wiring harness included (y/n); sensors, connectors, control modules; intake manifold and throttle body; fuel injectors, rails, pumps and regulators; ignition coils and plugs; forced-induction parts (intercooler, piping, bypass valves, boost control); accessory drive, alternator, starter; oil pan and pump, water pump; exhaust manifolds or headers; calibration or tuning supplied; immobilizer/security needs; what must be bought separately and what is vehicle-specific.",,,,,,,,,Not requested,,,,
F013,BD Diesel Precision Plus Ready Run Engine Dodge RAM 2500/3500 6.7L Cummins 2007.5-2012,Engine / swap assembly,BD Diesel Performance,1,3949,BD Diesel Precision Plus Ready Run Engine Dodge RAM 2500/3500 6.7L Cummins 2007.5-2012 — DJPLB100093,2007–2012 Dodge / Ram 2500 and 3500 (6.7L),DJPLB100093,Refurbished,20655-20655,,not started,"Confirm: engine identification; ECU/PCM and wiring harness included (y/n); sensors, connectors, control modules; intake manifold and throttle body; fuel injectors, rails, pumps and regulators; ignition coils and plugs; forced-induction parts (intercooler, piping, bypass valves, boost control); accessory drive, alternator, starter; oil pan and pump, water pump; exhaust manifolds or headers; calibration or tuning supplied; immobilizer/security needs; what must be bought separately and what is vehicle-specific.",,,,,,,,,Not requested,,,,
F014,BD Diesel Precision Plus Ready Run Engine Dodge RAM 2500/3500 5.9L Cummins 2004.5-2005,Engine / swap assembly,BD Diesel Performance,1,3950,BD Diesel Precision Plus Ready Run Engine Dodge RAM 2500/3500 5.9L Cummins 2004.5-2005 — DJPLB100092,2004–2005 Dodge / Ram 2500 and 3500 (5.9L),DJPLB100092,Refurbished,20655-20655,,not started,"Confirm: engine identification; ECU/PCM and wiring harness included (y/n); sensors, connectors, control modules; intake manifold and throttle body; fuel injectors, rails, pumps and regulators; ignition coils and plugs; forced-induction parts (intercooler, piping, bypass valves, boost control); accessory drive, alternator, starter; oil pan and pump, water pump; exhaust manifolds or headers; calibration or tuning supplied; immobilizer/security needs; what must be bought separately and what is vehicle-specific.",,,,,,,,,Not requested,,,,
F015,GM Gen V 6.2L Complete Swap Package,Engine / swap assembly,chevrolet,1,196,GM Gen V 6.2L Complete Swap Package,,,Brand New,19605-19605,,not started,"Confirm: engine identification; ECU/PCM and wiring harness included (y/n); sensors, connectors, control modules; intake manifold and throttle body; fuel injectors, rails, pumps and regulators; ignition coils and plugs; forced-induction parts (intercooler, piping, bypass valves, boost control); accessory drive, alternator, starter; oil pan and pump, water pump; exhaust manifolds or headers; calibration or tuning supplied; immobilizer/security needs; what must be bought separately and what is vehicle-specific.",,,,,,,,,Not requested,,,,
F016,Chevrolet LT4 + TR6060 Manual Drivetrain,Engine / swap assembly,chevrolet,1,206,Chevrolet LT4 + TR6060 Manual Drivetrain,,,Brand New,16150-16150,,not started,"Confirm: engine identification; ECU/PCM and wiring harness included (y/n); sensors, connectors, control modules; intake manifold and throttle body; fuel injectors, rails, pumps and regulators; ignition coils and plugs; forced-induction parts (intercooler, piping, bypass valves, boost control); accessory drive, alternator, starter; oil pan and pump, water pump; exhaust manifolds or headers; calibration or tuning supplied; immobilizer/security needs; what must be bought separately and what is vehicle-specific.",,,,,,,,,Not requested,,,,
F017,BD Diesel Street Performance Long Block Engine Dodge/RAM 6.7L Cummins 2019–2020,Engine / swap assembly,BD Diesel Performance,2,3951 3958,BD Diesel Street Performance Long Block Engine Dodge/RAM 6.7L Cummins 2019–2020 — DJPLB100081,"2019–2020 Dodge / Ram 2500 and 3500 (6.7L) | 2013–2018 Dodge / Ram 2500, 3500, 4500 and 5500 (6.7L)",DJPLB100081 | DJPLB100024,Refurbished,15455-15920,,not started,"Confirm: engine identification; ECU/PCM and wiring harness included (y/n); sensors, connectors, control modules; intake manifold and throttle body; fuel injectors, rails, pumps and regulators; ignition coils and plugs; forced-induction parts (intercooler, piping, bypass valves, boost control); accessory drive, alternator, starter; oil pan and pump, water pump; exhaust manifolds or headers; calibration or tuning supplied; immobilizer/security needs; what must be bought separately and what is vehicle-specific.",,,,,,,,,Not requested,,,,
F018,Ford 6.7L Powerstroke + 10-Speed Diesel Drivetrain,Engine / swap assembly,ford,1,205,Ford 6.7L Powerstroke + 10-Speed Diesel Drivetrain,,,Used,15725-15725,,not started,"Confirm: engine identification; ECU/PCM and wiring harness included (y/n); sensors, connectors, control modules; intake manifold and throttle body; fuel injectors, rails, pumps and regulators; ignition coils and plugs; forced-induction parts (intercooler, piping, bypass valves, boost control); accessory drive, alternator, starter; oil pan and pump, water pump; exhaust manifolds or headers; calibration or tuning supplied; immobilizer/security needs; what must be bought separately and what is vehicle-specific.",,,,,,,,,Not requested,,,,
F019,BD Diesel Street Performance Long Block Engine Dodge/RAM 6.7L Cummins 2007.5-2012,Engine / swap assembly,BD Diesel Performance,1,3961,BD Diesel Street Performance Long Block Engine Dodge/RAM 6.7L Cummins 2007.5-2012 — DJPLB100020,2007–2012 Dodge / Ram 2500 and 3500; and 2008–2012 Dodge / Ram 4500 and 5500 (6.7L),DJPLB100020,Refurbished,15455-15455,,not started,"Confirm: engine identification; ECU/PCM and wiring harness included (y/n); sensors, connectors, control modules; intake manifold and throttle body; fuel injectors, rails, pumps and regulators; ignition coils and plugs; forced-induction parts (intercooler, piping, bypass valves, boost control); accessory drive, alternator, starter; oil pan and pump, water pump; exhaust manifolds or headers; calibration or tuning supplied; immobilizer/security needs; what must be bought separately and what is vehicle-specific.",,,,,,,,,Not requested,,,,
F020,BD Diesel Street Performance Long Block Engine Dodge/RAM 5.9L Cummins 2004.5-2007,Engine / swap assembly,BD Diesel Performance,1,3964,BD Diesel Street Performance Long Block Engine Dodge/RAM 5.9L Cummins 2004.5-2007 — DJPLB100016,2004–2007 Dodge / Ram 2500 and 3500 (5.9L),DJPLB100016,Refurbished,15455-15455,,not started,"Confirm: engine identification; ECU/PCM and wiring harness included (y/n); sensors, connectors, control modules; intake manifold and throttle body; fuel injectors, rails, pumps and regulators; ignition coils and plugs; forced-induction parts (intercooler, piping, bypass valves, boost control); accessory drive, alternator, starter; oil pan and pump, water pump; exhaust manifolds or headers; calibration or tuning supplied; immobilizer/security needs; what must be bought separately and what is vehicle-specific.",,,,,,,,,Not requested,,,,
F021,LS.R Engine Package,Engine / swap assembly,chevrolet,1,578,LS.R Engine Package,,,Brand New,15405-15405,,not started,"Confirm: engine identification; ECU/PCM and wiring harness included (y/n); sensors, connectors, control modules; intake manifold and throttle body; fuel injectors, rails, pumps and regulators; ignition coils and plugs; forced-induction parts (intercooler, piping, bypass valves, boost control); accessory drive, alternator, starter; oil pan and pump, water pump; exhaust manifolds or headers; calibration or tuning supplied; immobilizer/security needs; what must be bought separately and what is vehicle-specific.",,,,,,,,,Not requested,,,,
F022,Ram Air VI 6.6L Aluminum engine Package,Engine / swap assembly,chevrolet,1,981,Ram Air VI 6.6L Aluminum engine Package,,,Brand New,15405-15405,,not started,"Confirm: engine identification; ECU/PCM and wiring harness included (y/n); sensors, connectors, control modules; intake manifold and throttle body; fuel injectors, rails, pumps and regulators; ignition coils and plugs; forced-induction parts (intercooler, piping, bypass valves, boost control); accessory drive, alternator, starter; oil pan and pump, water pump; exhaust manifolds or headers; calibration or tuning supplied; immobilizer/security needs; what must be bought separately and what is vehicle-specific.",,,,,,,,,Not requested,,,,
F023,Ford Gen 3 Coyote Complete Drivetrain,Engine / swap assembly,ford,1,192,Ford Gen 3 Coyote Complete Drivetrain,,,Brand New,14090-14090,,not started,"Confirm: engine identification; ECU/PCM and wiring harness included (y/n); sensors, connectors, control modules; intake manifold and throttle body; fuel injectors, rails, pumps and regulators; ignition coils and plugs; forced-induction parts (intercooler, piping, bypass valves, boost control); accessory drive, alternator, starter; oil pan and pump, water pump; exhaust manifolds or headers; calibration or tuning supplied; immobilizer/security needs; what must be bought separately and what is vehicle-specific.",,,,,,,,,Not requested,,,,
F024,ATS Allison Conversion Stage 5 Transmission,Transmission / gearbox,ATS Diesel Performance,2,3179 3180,"ATS Allison Conversion Stage 5 Transmission — 2019–2022 Ram 6.7L Cummins 2WD, replaces Aisin AS69RC — 319-953-2464",2019–2022 Ram 6.7L Cummins,319-953-2464 | 319-955-2464,Brand New,13860-13860,Built Stage 5 Allison transmission; Conversion kit components that let it replace the Aisin AS69RC (the supplier does not itemize them),partial,"Confirm: model, identification code and gear count; torque converter (auto) or clutch assembly (manual) included; flexplate or flywheel; TCM/TCU and wiring harness; valve body and control components; shifter and selector; sensors; mounts and crossmember; bellhousing/adapter; transfer-case compatibility; cooler and lines; fluid; programming or ECU/TCU integration; what must be bought separately.",,,,,,,,,Not requested,,,,
F025,BD Diesel Heavy Hauler Long Block Engine Dodge/RAM 6.7L Cummins 2021–2024,Engine / swap assembly,BD Diesel Performance,3,3953 3957 3959,BD Diesel Heavy Hauler Long Block Engine Dodge/RAM 6.7L Cummins 2021–2024 — DJPLB100079,"2021–2024 Dodge / Ram 2500 and 3500 (6.7L) | 2019–2020 Dodge / Ram 2500 and 3500 (6.7L) | 2013–2018 Dodge / Ram 2500, 3500, 4500 and 5500 (6.7L)",DJPLB100079 | DJPLB100075 | DJPLB100023,Refurbished,11145-13355,,not started,"Confirm: engine identification; ECU/PCM and wiring harness included (y/n); sensors, connectors, control modules; intake manifold and throttle body; fuel injectors, rails, pumps and regulators; ignition coils and plugs; forced-induction parts (intercooler, piping, bypass valves, boost control); accessory drive, alternator, starter; oil pan and pump, water pump; exhaust manifolds or headers; calibration or tuning supplied; immobilizer/security needs; what must be bought separately and what is vehicle-specific.",,,,,,,,,Not requested,,,,
F026,ATS Allison Conversion Stage 4 Transmission,Transmission / gearbox,ATS Diesel Performance,1,3178,"ATS Allison Conversion Stage 4 Transmission — 2013–2018 Ram 6.7L Cummins 2WD, replaces Aisin AS69RC — 319-943-2392",2013–2018 Ram 6.7L Cummins,319-943-2392,Brand New,12280-12280,,not started,"Confirm: model, identification code and gear count; torque converter (auto) or clutch assembly (manual) included; flexplate or flywheel; TCM/TCU and wiring harness; valve body and control components; shifter and selector; sensors; mounts and crossmember; bellhousing/adapter; transfer-case compatibility; cooler and lines; fluid; programming or ECU/TCU integration; what must be bought separately.",,,,,,,,,Not requested,,,,
F027,ATS Allison Conversion Stage 3 Transmission,Transmission / gearbox,ATS Diesel Performance,1,3177,"ATS Allison Conversion Stage 3 Transmission — 2010–2012 Ram 6.7L Cummins 2WD, replaces 68RFE — 319-932-2356",2010–2012 Ram 6.7L Cummins,319-932-2356,Brand New,11685-11685,,not started,"Confirm: model, identification code and gear count; torque converter (auto) or clutch assembly (manual) included; flexplate or flywheel; TCM/TCU and wiring harness; valve body and control components; shifter and selector; sensors; mounts and crossmember; bellhousing/adapter; transfer-case compatibility; cooler and lines; fluid; programming or ECU/TCU integration; what must be bought separately.",,,,,,,,,Not requested,,,,
F028,Chevrolet L86 6.2L + 10L80 Drivetrain Package,Engine / swap assembly,chevrolet,1,203,Chevrolet L86 6.2L + 10L80 Drivetrain Package,,,Brand New,11475-11475,,not started,"Confirm: engine identification; ECU/PCM and wiring harness included (y/n); sensors, connectors, control modules; intake manifold and throttle body; fuel injectors, rails, pumps and regulators; ignition coils and plugs; forced-induction parts (intercooler, piping, bypass valves, boost control); accessory drive, alternator, starter; oil pan and pump, water pump; exhaust manifolds or headers; calibration or tuning supplied; immobilizer/security needs; what must be bought separately and what is vehicle-specific.",,,,,,,,,Not requested,,,,
F029,2014 - 2018 Gm Truck Supercharged LT Swap Engine Package,Engine / swap assembly,chevrolet,2,229 231,2014 - 2018 Gm Truck Supercharged LT Swap Engine Package,,,Brand New,11400-11400,,not started,"Confirm: engine identification; ECU/PCM and wiring harness included (y/n); sensors, connectors, control modules; intake manifold and throttle body; fuel injectors, rails, pumps and regulators; ignition coils and plugs; forced-induction parts (intercooler, piping, bypass valves, boost control); accessory drive, alternator, starter; oil pan and pump, water pump; exhaust manifolds or headers; calibration or tuning supplied; immobilizer/security needs; what must be bought separately and what is vehicle-specific.",,,,,,,,,Not requested,,,,
F030,BD Diesel Heavy Hauler Long Block Engine Dodge 6.7L Cummins 2007.5-2012,Engine / swap assembly,BD Diesel Performance,1,3962,BD Diesel Heavy Hauler Long Block Engine Dodge 6.7L Cummins 2007.5-2012 — DJPLB100019,2007–2012 Dodge / Ram 2500 and 3500; and 2008–2012 Dodge / Ram 4500 and 5500 (6.7L),DJPLB100019,Refurbished,11145-11145,,not started,"Confirm: engine identification; ECU/PCM and wiring harness included (y/n); sensors, connectors, control modules; intake manifold and throttle body; fuel injectors, rails, pumps and regulators; ignition coils and plugs; forced-induction parts (intercooler, piping, bypass valves, boost control); accessory drive, alternator, starter; oil pan and pump, water pump; exhaust manifolds or headers; calibration or tuning supplied; immobilizer/security needs; what must be bought separately and what is vehicle-specific.",,,,,,,,,Not requested,,,,
F031,BD Diesel Heavy Hauler Long Block Engine Dodge/RAM 5.9L Cummins 2004.5-2007,Engine / swap assembly,BD Diesel Performance,1,3965,BD Diesel Heavy Hauler Long Block Engine Dodge/RAM 5.9L Cummins 2004.5-2007 — DJPLB100015,2004–2007 Dodge / Ram 2500 and 3500 (5.9L),DJPLB100015,Refurbished,11145-11145,,not started,"Confirm: engine identification; ECU/PCM and wiring harness included (y/n); sensors, connectors, control modules; intake manifold and throttle body; fuel injectors, rails, pumps and regulators; ignition coils and plugs; forced-induction parts (intercooler, piping, bypass valves, boost control); accessory drive, alternator, starter; oil pan and pump, water pump; exhaust manifolds or headers; calibration or tuning supplied; immobilizer/security needs; what must be bought separately and what is vehicle-specific.",,,,,,,,,Not requested,,,,
F032,Mercedes-AMG M157 Biturbo V8 Engine,Engine / swap assembly,Mercedes-AMG,1,57,Mercedes-AMG M157 Biturbo V8 Engine,,,Brand New,11050-11050,Complete long block assembly; Twin turbochargers; Fuel injectors; Intake & exhaust manifolds; Factory sensors installed,not started,"Confirm: engine identification; ECU/PCM and wiring harness included (y/n); sensors, connectors, control modules; intake manifold and throttle body; fuel injectors, rails, pumps and regulators; ignition coils and plugs; forced-induction parts (intercooler, piping, bypass valves, boost control); accessory drive, alternator, starter; oil pan and pump, water pump; exhaust manifolds or headers; calibration or tuning supplied; immobilizer/security needs; what must be bought separately and what is vehicle-specific.",,,,,,,,,Not requested,,,,
F033,Chevrolet LSA Supercharged Drivetrain,Engine / swap assembly,chevrolet,1,202,Chevrolet LSA Supercharged Drivetrain,,,Brand New,11050-11050,,not started,"Confirm: engine identification; ECU/PCM and wiring harness included (y/n); sensors, connectors, control modules; intake manifold and throttle body; fuel injectors, rails, pumps and regulators; ignition coils and plugs; forced-induction parts (intercooler, piping, bypass valves, boost control); accessory drive, alternator, starter; oil pan and pump, water pump; exhaust manifolds or headers; calibration or tuning supplied; immobilizer/security needs; what must be bought separately and what is vehicle-specific.",,,,,,,,,Not requested,,,,
F034,Chevrolet LS7 V8 Engine,Engine / swap assembly,Chevrolet,1,50,Chevrolet LS7 V8 Engine,,,Brand New,10625-10625,Complete crate engine; Intake manifold; Fuel injectors; Coil packs; Factory sensors installed,not started,"Confirm: engine identification; ECU/PCM and wiring harness included (y/n); sensors, connectors, control modules; intake manifold and throttle body; fuel injectors, rails, pumps and regulators; ignition coils and plugs; forced-induction parts (intercooler, piping, bypass valves, boost control); accessory drive, alternator, starter; oil pan and pump, water pump; exhaust manifolds or headers; calibration or tuning supplied; immobilizer/security needs; what must be bought separately and what is vehicle-specific.",,,,,,,,,Not requested,,,,
F035,GM 6.6L Duramax Diesel Engine,Engine / swap assembly,chevrolet,1,198,GM 6.6L Duramax Diesel Engine,,,Used,10415-10415,,not started,"Confirm: engine identification; ECU/PCM and wiring harness included (y/n); sensors, connectors, control modules; intake manifold and throttle body; fuel injectors, rails, pumps and regulators; ignition coils and plugs; forced-induction parts (intercooler, piping, bypass valves, boost control); accessory drive, alternator, starter; oil pan and pump, water pump; exhaust manifolds or headers; calibration or tuning supplied; immobilizer/security needs; what must be bought separately and what is vehicle-specific.",,,,,,,,,Not requested,,,,
F036,BD Diesel Precision Plus Long Block Engine Dodge/RAM 6.7L Cummins 2021–2024,Engine / swap assembly,BD Diesel Performance,3,3947 3952 3960,BD Diesel Precision Plus Long Block Engine Dodge/RAM 6.7L Cummins 2021–2024 — DJPLB100086,"2021–2024 Dodge / Ram 2500 and 3500 (6.7L) | 2019–2020 Dodge / Ram 2500 and 3500 (6.7L) | 2013–2018 Dodge / Ram 2500, 3500, 4500 and 5500 (6.7L)",DJPLB100086 | DJPLB100080 | DJPLB100022,Refurbished,8925-10400,,not started,"Confirm: engine identification; ECU/PCM and wiring harness included (y/n); sensors, connectors, control modules; intake manifold and throttle body; fuel injectors, rails, pumps and regulators; ignition coils and plugs; forced-induction parts (intercooler, piping, bypass valves, boost control); accessory drive, alternator, starter; oil pan and pump, water pump; exhaust manifolds or headers; calibration or tuning supplied; immobilizer/security needs; what must be bought separately and what is vehicle-specific.",,,,,,,,,Not requested,,,,
F037,67-69 Camaro / Firebird L86 / 8L90 Swap Package,Engine / swap assembly,chevrolet,1,243,67-69 Camaro / Firebird L86 / 8L90 Swap Package,,,Brand New,10260-10260,,not started,"Confirm: engine identification; ECU/PCM and wiring harness included (y/n); sensors, connectors, control modules; intake manifold and throttle body; fuel injectors, rails, pumps and regulators; ignition coils and plugs; forced-induction parts (intercooler, piping, bypass valves, boost control); accessory drive, alternator, starter; oil pan and pump, water pump; exhaust manifolds or headers; calibration or tuning supplied; immobilizer/security needs; what must be bought separately and what is vehicle-specific.",,,,,,,,,Not requested,,,,
F038,Audi 4.0 TFSI V8 Biturbo Engine,Engine / swap assembly,Audi,1,55,Audi 4.0 TFSI V8 Biturbo Engine,,,Used,10200-10200,Complete long block assembly; Twin turbochargers; Fuel injectors & HPFP; Intake & exhaust manifolds; Factory sensors installed,not started,"Confirm: engine identification; ECU/PCM and wiring harness included (y/n); sensors, connectors, control modules; intake manifold and throttle body; fuel injectors, rails, pumps and regulators; ignition coils and plugs; forced-induction parts (intercooler, piping, bypass valves, boost control); accessory drive, alternator, starter; oil pan and pump, water pump; exhaust manifolds or headers; calibration or tuning supplied; immobilizer/security needs; what must be bought separately and what is vehicle-specific.",,,,,,,,,Not requested,,,,
F039,Chevrolet Gen V LT1 + 10L80 Drivetrain,Engine / swap assembly,chevrolet,1,204,Chevrolet Gen V LT1 + 10L80 Drivetrain,,,Brand New,10200-10200,,not started,"Confirm: engine identification; ECU/PCM and wiring harness included (y/n); sensors, connectors, control modules; intake manifold and throttle body; fuel injectors, rails, pumps and regulators; ignition coils and plugs; forced-induction parts (intercooler, piping, bypass valves, boost control); accessory drive, alternator, starter; oil pan and pump, water pump; exhaust manifolds or headers; calibration or tuning supplied; immobilizer/security needs; what must be bought separately and what is vehicle-specific.",,,,,,,,,Not requested,,,,
F040,Coyote Swap Ready Drivetrain package,Engine / swap assembly,ford,1,517,Coyote Swap Ready Drivetrain package,,,Brand New,9860-9860,,not started,"Confirm: engine identification; ECU/PCM and wiring harness included (y/n); sensors, connectors, control modules; intake manifold and throttle body; fuel injectors, rails, pumps and regulators; ignition coils and plugs; forced-induction parts (intercooler, piping, bypass valves, boost control); accessory drive, alternator, starter; oil pan and pump, water pump; exhaust manifolds or headers; calibration or tuning supplied; immobilizer/security needs; what must be bought separately and what is vehicle-specific.",,,,,,,,,Not requested,,,,
F041,Chevrolet L86 6.2L + 8L90 Drivetrain Package,Engine / swap assembly,chevrolet,1,187,Chevrolet L86 6.2L + 8L90 Drivetrain Package,,,Brand New,9635-9635,,not started,"Confirm: engine identification; ECU/PCM and wiring harness included (y/n); sensors, connectors, control modules; intake manifold and throttle body; fuel injectors, rails, pumps and regulators; ignition coils and plugs; forced-induction parts (intercooler, piping, bypass valves, boost control); accessory drive, alternator, starter; oil pan and pump, water pump; exhaust manifolds or headers; calibration or tuning supplied; immobilizer/security needs; what must be bought separately and what is vehicle-specific.",,,,,,,,,Not requested,,,,
F042,Chevrolet LS3 / L99 Complete Drivetrain,Engine / swap assembly,chevrolet,1,201,Chevrolet LS3 / L99 Complete Drivetrain,,,Brand New,9350-9350,,not started,"Confirm: engine identification; ECU/PCM and wiring harness included (y/n); sensors, connectors, control modules; intake manifold and throttle body; fuel injectors, rails, pumps and regulators; ignition coils and plugs; forced-induction parts (intercooler, piping, bypass valves, boost control); accessory drive, alternator, starter; oil pan and pump, water pump; exhaust manifolds or headers; calibration or tuning supplied; immobilizer/security needs; what must be bought separately and what is vehicle-specific.",,,,,,,,,Not requested,,,,
F043,Ford Gen 2 Coyote 5.0L V8 Engine,Engine / swap assembly,ford,1,193,Ford Gen 2 Coyote 5.0L V8 Engine,,,Brand New,9350-9350,,not started,"Confirm: engine identification; ECU/PCM and wiring harness included (y/n); sensors, connectors, control modules; intake manifold and throttle body; fuel injectors, rails, pumps and regulators; ignition coils and plugs; forced-induction parts (intercooler, piping, bypass valves, boost control); accessory drive, alternator, starter; oil pan and pump, water pump; exhaust manifolds or headers; calibration or tuning supplied; immobilizer/security needs; what must be bought separately and what is vehicle-specific.",,,,,,,,,Not requested,,,,
F044,BD Diesel Precision Plus Long Block Engine Dodge/RAM 6.7L Cummins 2007.5-2012,Engine / swap assembly,BD Diesel Performance,1,3963,BD Diesel Precision Plus Long Block Engine Dodge/RAM 6.7L Cummins 2007.5-2012 — DJPLB100018,2007–2012 Dodge / Ram 2500 and 3500; and 2008–2012 Dodge / Ram 4500 and 5500 (6.7L),DJPLB100018,Refurbished,8925-8925,,not started,"Confirm: engine identification; ECU/PCM and wiring harness included (y/n); sensors, connectors, control modules; intake manifold and throttle body; fuel injectors, rails, pumps and regulators; ignition coils and plugs; forced-induction parts (intercooler, piping, bypass valves, boost control); accessory drive, alternator, starter; oil pan and pump, water pump; exhaust manifolds or headers; calibration or tuning supplied; immobilizer/security needs; what must be bought separately and what is vehicle-specific.",,,,,,,,,Not requested,,,,
F045,BD Diesel Precision Plus Long Block Engine Dodge/RAM 5.9L Cummins 2004.5-2007,Engine / swap assembly,BD Diesel Performance,1,3966,BD Diesel Precision Plus Long Block Engine Dodge/RAM 5.9L Cummins 2004.5-2007 — DJPLB100014,2004–2007 Dodge / Ram 2500 and 3500 (5.9L),DJPLB100014,Refurbished,8925-8925,,not started,"Confirm: engine identification; ECU/PCM and wiring harness included (y/n); sensors, connectors, control modules; intake manifold and throttle body; fuel injectors, rails, pumps and regulators; ignition coils and plugs; forced-induction parts (intercooler, piping, bypass valves, boost control); accessory drive, alternator, starter; oil pan and pump, water pump; exhaust manifolds or headers; calibration or tuning supplied; immobilizer/security needs; what must be bought separately and what is vehicle-specific.",,,,,,,,,Not requested,,,,
F046,Ford 3.5L EcoBoost V6 Engine,Engine / swap assembly,ford,1,194,Ford 3.5L EcoBoost V6 Engine,,,Used,8500-8500,,not started,"Confirm: engine identification; ECU/PCM and wiring harness included (y/n); sensors, connectors, control modules; intake manifold and throttle body; fuel injectors, rails, pumps and regulators; ignition coils and plugs; forced-induction parts (intercooler, piping, bypass valves, boost control); accessory drive, alternator, starter; oil pan and pump, water pump; exhaust manifolds or headers; calibration or tuning supplied; immobilizer/security needs; what must be bought separately and what is vehicle-specific.",,,,,,,,,Not requested,,,,
F047,68-72 Chevelle Gen V LT L86 Swap Package,Engine / swap assembly,chevrolet,1,249,68-72 Chevelle Gen V LT L86 Swap Package,,,Brand New,8380-8380,,not started,"Confirm: engine identification; ECU/PCM and wiring harness included (y/n); sensors, connectors, control modules; intake manifold and throttle body; fuel injectors, rails, pumps and regulators; ignition coils and plugs; forced-induction parts (intercooler, piping, bypass valves, boost control); accessory drive, alternator, starter; oil pan and pump, water pump; exhaust manifolds or headers; calibration or tuning supplied; immobilizer/security needs; what must be bought separately and what is vehicle-specific.",,,,,,,,,Not requested,,,,
F048,BD Diesel TorqueMaster AS69RC Transmission & Converter Package,Transmission / gearbox,BD Diesel Performance,2,2702 2704,BD Diesel TorqueMaster AS69RC Transmission & Converter Package — Aisin AS69RC RAM 3500/4500/5500 6.7L 2019–2024 4WD — 1065024SM,Aisin AS69RC RAM 3500/4500/5500 6.7L 2019–2024 | Aisin AS69RC RAM 3500/4500/5500 6.7L 2013–2018,1065024SM | 1064364SM,Refurbished,8075-8075,AS69RC transmission; BD torque converter,partial,"Confirm: model, identification code and gear count; torque converter (auto) or clutch assembly (manual) included; flexplate or flywheel; TCM/TCU and wiring harness; valve body and control components; shifter and selector; sensors; mounts and crossmember; bellhousing/adapter; transfer-case compatibility; cooler and lines; fluid; programming or ECU/TCU integration; what must be bought separately.",,,,,,,,,Not requested,,,,
F049,"BD Diesel Torquemaster Transmission & Converter Package Aisin AS69RC RAM 3500/4500/5500 6.7L 2019–2024, 2WD Right Hand PTO",Transmission / gearbox,BD Diesel Performance,3,4054 4056 4068,"BD Diesel Torquemaster Transmission & Converter Package Aisin AS69RC RAM 3500/4500/5500 6.7L 2019–2024, 2WD Right Hand PTO — 1065022PTOSM","2019–2024 Dodge / Ram 3500, 4500 and 5500 (6.7L) | 2013–2018 Dodge / Ram 3500, 4500 and 5500 (6.7L)",1065022PTOSM | 1065024PTOSM | 1064362SM,Refurbished,8075-8075,,not started,"Confirm: model, identification code and gear count; torque converter (auto) or clutch assembly (manual) included; flexplate or flywheel; TCM/TCU and wiring harness; valve body and control components; shifter and selector; sensors; mounts and crossmember; bellhousing/adapter; transfer-case compatibility; cooler and lines; fluid; programming or ECU/TCU integration; what must be bought separately.",,,,,,,,,Not requested,,,,
F050,"BD Diesel Torquemaster Transmission & Converter Package Aisin AS69RC RAM 3500/4500/5500 6.7L 2019–2024, 2WD",Transmission / gearbox,BD Diesel Performance,1,4055,"BD Diesel Torquemaster Transmission & Converter Package Aisin AS69RC RAM 3500/4500/5500 6.7L 2019–2024, 2WD — 1065022SM","2019–2024 Dodge / Ram 3500, 4500 and 5500 (6.7L)",1065022SM,Refurbished,8075-8075,,not started,"Confirm: model, identification code and gear count; torque converter (auto) or clutch assembly (manual) included; flexplate or flywheel; TCM/TCU and wiring harness; valve body and control components; shifter and selector; sensors; mounts and crossmember; bellhousing/adapter; transfer-case compatibility; cooler and lines; fluid; programming or ECU/TCU integration; what must be bought separately.",,,,,,,,,Not requested,,,,
F051,"BD Diesel Torquemaster Transmission & Converter Package Aisin AS69RC RAM 3500/4500/5500 6.7L 2019–2024, 2WD Left Hand PTO",Transmission / gearbox,BD Diesel Performance,2,4057 4069,"BD Diesel Torquemaster Transmission & Converter Package Aisin AS69RC RAM 3500/4500/5500 6.7L 2019–2024, 2WD Left Hand PTO — 1065052SM","2019–2024 Dodge / Ram 3500, 4500 and 5500 (6.7L) | 2013–2018 Dodge / Ram 3500, 4500 and 5500 (6.7L)",1065052SM | 1064392SM,Refurbished,8075-8075,,not started,"Confirm: model, identification code and gear count; torque converter (auto) or clutch assembly (manual) included; flexplate or flywheel; TCM/TCU and wiring harness; valve body and control components; shifter and selector; sensors; mounts and crossmember; bellhousing/adapter; transfer-case compatibility; cooler and lines; fluid; programming or ECU/TCU integration; what must be bought separately.",,,,,,,,,Not requested,,,,
F052,Chevrolet LT1 Corvette V8 Engine,Engine / swap assembly,Chevrolet,1,51,Chevrolet LT1 Corvette V8 Engine,,,Brand New,8075-8075,Complete engine assembly; Direct-injection fuel system; Fuel injectors; Coil packs; Factory sensors installed,not started,"Confirm: engine identification; ECU/PCM and wiring harness included (y/n); sensors, connectors, control modules; intake manifold and throttle body; fuel injectors, rails, pumps and regulators; ignition coils and plugs; forced-induction parts (intercooler, piping, bypass valves, boost control); accessory drive, alternator, starter; oil pan and pump, water pump; exhaust manifolds or headers; calibration or tuning supplied; immobilizer/security needs; what must be bought separately and what is vehicle-specific.",,,,,,,,,Not requested,,,,
F053,Chevrolet L83 5.3L + 8L90 Drivetrain Package,Engine / swap assembly,chevrolet,1,189,Chevrolet L83 5.3L + 8L90 Drivetrain Package,,,Brand New,7820-7820,,not started,"Confirm: engine identification; ECU/PCM and wiring harness included (y/n); sensors, connectors, control modules; intake manifold and throttle body; fuel injectors, rails, pumps and regulators; ignition coils and plugs; forced-induction parts (intercooler, piping, bypass valves, boost control); accessory drive, alternator, starter; oil pan and pump, water pump; exhaust manifolds or headers; calibration or tuning supplied; immobilizer/security needs; what must be bought separately and what is vehicle-specific.",,,,,,,,,Not requested,,,,
F054,Nissan RB26DETT Skyline GTR Engine,Engine / swap assembly,Nissan,1,39,Nissan RB26DETT Skyline GTR Engine,,,Brand New,7650-7650,Complete long block assembly; Sequential twin turbochargers; Intake & exhaust manifolds; Fuel injectors; Factory sensors installed,not started,"Confirm: engine identification; ECU/PCM and wiring harness included (y/n); sensors, connectors, control modules; intake manifold and throttle body; fuel injectors, rails, pumps and regulators; ignition coils and plugs; forced-induction parts (intercooler, piping, bypass valves, boost control); accessory drive, alternator, starter; oil pan and pump, water pump; exhaust manifolds or headers; calibration or tuning supplied; immobilizer/security needs; what must be bought separately and what is vehicle-specific.",,,,,,,,,Not requested,,,,
F055,BD Diesel TorqueMaster 68RFE Transmission & Converter Package,Transmission / gearbox,BD Diesel Performance,2,2743 2767,BD Diesel TorqueMaster 68RFE Transmission & Converter Package — Dodge 68RFE 2019–2024 with Billet Input Shaft 4WD — 1064294BM,Dodge 68RFE 2019–2024 with Billet Input Shaft | Dodge 68RFE 2007.5-2018 with Billet Input Shaft,1064294BM | 1064264BM,Refurbished,7305-7305,68RFE transmission; BD torque converter,not started,"Confirm: model, identification code and gear count; torque converter (auto) or clutch assembly (manual) included; flexplate or flywheel; TCM/TCU and wiring harness; valve body and control components; shifter and selector; sensors; mounts and crossmember; bellhousing/adapter; transfer-case compatibility; cooler and lines; fluid; programming or ECU/TCU integration; what must be bought separately.",,,,,,,,,Not requested,,,,
F056,BD Diesel TorqueMaster 6R140 Transmission & Converter Package,Transmission / gearbox,BD Diesel Performance,2,2760 2761,BD Diesel TorqueMaster 6R140 Transmission & Converter Package — Ford 6R140 6.7L Power Stroke 2017–2019 2wd/4wd 2WD and 4WD — 1064514BM,Ford 6R140 6.7L Power Stroke 2017–2019 2wd/4wd | Ford 6R140 6.7L Power Stroke 2011–2016 2wd/4wd,1064514BM | 1064504BM,Refurbished,7245-7245,6R140 transmission; BD torque converter,not started,"Confirm: model, identification code and gear count; torque converter (auto) or clutch assembly (manual) included; flexplate or flywheel; TCM/TCU and wiring harness; valve body and control components; shifter and selector; sensors; mounts and crossmember; bellhousing/adapter; transfer-case compatibility; cooler and lines; fluid; programming or ECU/TCU integration; what must be bought separately.",,,,,,,,,Not requested,,,,
F057,BD Diesel TowMaster AS69RC Transmission & Converter Package,Transmission / gearbox,BD Diesel Performance,2,2703 2756,BD Diesel TowMaster AS69RC Transmission & Converter Package — Aisin AS69RC RAM 3500/4500/5500 6.7L 2019–2024 4WD — 1065014SS,Aisin AS69RC RAM 3500/4500/5500 6.7L 2019–2024 | Aisin AS69RC RAM 3500/4500/5500 6.7L 2013–2018,1065014SS | 1064274SS,Refurbished,7225-7225,AS69RC transmission; BD torque converter,not started,"Confirm: model, identification code and gear count; torque converter (auto) or clutch assembly (manual) included; flexplate or flywheel; TCM/TCU and wiring harness; valve body and control components; shifter and selector; sensors; mounts and crossmember; bellhousing/adapter; transfer-case compatibility; cooler and lines; fluid; programming or ECU/TCU integration; what must be bought separately.",,,,,,,,,Not requested,,,,
F058,"BD Diesel Towmaster Transmission & Converter Package Aisin AS69RC RAM 3500/4500/5500 6.7L 2019–2024, 2WD Right Hand PTO",Transmission / gearbox,BD Diesel Performance,3,4058 4060 4185,"BD Diesel Towmaster Transmission & Converter Package Aisin AS69RC RAM 3500/4500/5500 6.7L 2019–2024, 2WD Right Hand PTO — 1065012PTOSS","2019–2024 Dodge / Ram 3500, 4500 and 5500 (6.7L) | 2013–2018 Dodge / Ram 3500, 4500 and 5500 (6.7L)",1065012PTOSS | 1065014PTOSS | 1064272SS,Refurbished,7225-7225,,not started,"Confirm: model, identification code and gear count; torque converter (auto) or clutch assembly (manual) included; flexplate or flywheel; TCM/TCU and wiring harness; valve body and control components; shifter and selector; sensors; mounts and crossmember; bellhousing/adapter; transfer-case compatibility; cooler and lines; fluid; programming or ECU/TCU integration; what must be bought separately.",,,,,,,,,Not requested,,,,
F059,"BD Diesel Towmaster Transmission & Converter Package Aisin AS69RC RAM 3500/4500/5500 6.7L 2019–2024, 2WD",Transmission / gearbox,BD Diesel Performance,1,4059,"BD Diesel Towmaster Transmission & Converter Package Aisin AS69RC RAM 3500/4500/5500 6.7L 2019–2024, 2WD — 1065012SS","2019–2024 Dodge / Ram 3500, 4500 and 5500 (6.7L)",1065012SS,Refurbished,7225-7225,,not started,"Confirm: model, identification code and gear count; torque converter (auto) or clutch assembly (manual) included; flexplate or flywheel; TCM/TCU and wiring harness; valve body and control components; shifter and selector; sensors; mounts and crossmember; bellhousing/adapter; transfer-case compatibility; cooler and lines; fluid; programming or ECU/TCU integration; what must be bought separately.",,,,,,,,,Not requested,,,,
F060,"BD Diesel Towmaster Transmission & Converter Package Aisin AS69RC RAM 3500/4500/5500 6.7L 2019–2024, 2WD Left Hand PTO",Transmission / gearbox,BD Diesel Performance,2,4061 4186,"BD Diesel Towmaster Transmission & Converter Package Aisin AS69RC RAM 3500/4500/5500 6.7L 2019–2024, 2WD Left Hand PTO — 1065042SS","2019–2024 Dodge / Ram 3500, 4500 and 5500 (6.7L) | 2013–2018 Dodge / Ram 3500, 4500 and 5500 (6.7L)",1065042SS | 1064382SS,Refurbished,7225-7225,,not started,"Confirm: model, identification code and gear count; torque converter (auto) or clutch assembly (manual) included; flexplate or flywheel; TCM/TCU and wiring harness; valve body and control components; shifter and selector; sensors; mounts and crossmember; bellhousing/adapter; transfer-case compatibility; cooler and lines; fluid; programming or ECU/TCU integration; what must be bought separately.",,,,,,,,,Not requested,,,,
F061,Ford Coyote 5.0L V8 Engine,Engine / swap assembly,Ford,1,48,Ford Coyote 5.0L V8 Engine,,,Brand New,7225-7225,Complete crate engine; Intake manifold; Fuel injectors; Coil packs; Factory sensors installed,not started,"Confirm: engine identification; ECU/PCM and wiring harness included (y/n); sensors, connectors, control modules; intake manifold and throttle body; fuel injectors, rails, pumps and regulators; ignition coils and plugs; forced-induction parts (intercooler, piping, bypass valves, boost control); accessory drive, alternator, starter; oil pan and pump, water pump; exhaust manifolds or headers; calibration or tuning supplied; immobilizer/security needs; what must be bought separately and what is vehicle-specific.",,,,,,,,,Not requested,,,,
F062,"BD Diesel TorqueMaster Dodge 68RFE Transmission & Converter Package 2019–2024 with Billet Input Shaft, 2WD",Transmission / gearbox,BD Diesel Performance,1,4172,"BD Diesel TorqueMaster Dodge 68RFE Transmission & Converter Package 2019–2024 with Billet Input Shaft, 2WD — 1064292BM",2019–2024 Dodge / Ram 2500 and 3500 (6.7L),1064292BM,Refurbished,7135-7135,,not started,"Confirm: model, identification code and gear count; torque converter (auto) or clutch assembly (manual) included; flexplate or flywheel; TCM/TCU and wiring harness; valve body and control components; shifter and selector; sensors; mounts and crossmember; bellhousing/adapter; transfer-case compatibility; cooler and lines; fluid; programming or ECU/TCU integration; what must be bought separately.",,,,,,,,,Not requested,,,,
F063,"BD Diesel TorqueMaster Transmission & Converter Package Dodge 68RFE 2007.5-2018 with Billet Input Shaft, 2WD",Transmission / gearbox,BD Diesel Performance,1,4194,"BD Diesel TorqueMaster Transmission & Converter Package Dodge 68RFE 2007.5-2018 with Billet Input Shaft, 2WD — 1064262BM",2007–2018 Dodge / Ram 2500 and 3500 (6.7L),1064262BM,Refurbished,7135-7135,,not started,"Confirm: model, identification code and gear count; torque converter (auto) or clutch assembly (manual) included; flexplate or flywheel; TCM/TCU and wiring harness; valve body and control components; shifter and selector; sensors; mounts and crossmember; bellhousing/adapter; transfer-case compatibility; cooler and lines; fluid; programming or ECU/TCU integration; what must be bought separately.",,,,,,,,,Not requested,,,,
F064,Chevrolet L86 6.2L V8 Engine,Engine / swap assembly,chevrolet,1,186,Chevrolet L86 6.2L V8 Engine,,,Used,7105-7105,,not started,"Confirm: engine identification; ECU/PCM and wiring harness included (y/n); sensors, connectors, control modules; intake manifold and throttle body; fuel injectors, rails, pumps and regulators; ignition coils and plugs; forced-induction parts (intercooler, piping, bypass valves, boost control); accessory drive, alternator, starter; oil pan and pump, water pump; exhaust manifolds or headers; calibration or tuning supplied; immobilizer/security needs; what must be bought separately and what is vehicle-specific.",,,,,,,,,Not requested,,,,
F065,C3 Corvette Gen V LT Automatic Swap Package,Engine / swap assembly,chevrolet,1,508,C3 Corvette Gen V LT Automatic Swap Package,,,Brand New,6870-6870,,not started,"Confirm: engine identification; ECU/PCM and wiring harness included (y/n); sensors, connectors, control modules; intake manifold and throttle body; fuel injectors, rails, pumps and regulators; ignition coils and plugs; forced-induction parts (intercooler, piping, bypass valves, boost control); accessory drive, alternator, starter; oil pan and pump, water pump; exhaust manifolds or headers; calibration or tuning supplied; immobilizer/security needs; what must be bought separately and what is vehicle-specific.",,,,,,,,,Not requested,,,,
F066,Chevrolet LS3 V8 Engine,Engine / swap assembly,Chevrolet,1,49,Chevrolet LS3 V8 Engine,,,Brand New,6800-6800,Complete crate engine; Intake manifold; Fuel injectors; Coil packs; Factory sensors installed,not started,"Confirm: engine identification; ECU/PCM and wiring harness included (y/n); sensors, connectors, control modules; intake manifold and throttle body; fuel injectors, rails, pumps and regulators; ignition coils and plugs; forced-induction parts (intercooler, piping, bypass valves, boost control); accessory drive, alternator, starter; oil pan and pump, water pump; exhaust manifolds or headers; calibration or tuning supplied; immobilizer/security needs; what must be bought separately and what is vehicle-specific.",,,,,,,,,Not requested,,,,
F067,Chevrolet L84 5.3L + 8L90 Drivetrain Package,Engine / swap assembly,chevrolet,1,190,Chevrolet L84 5.3L + 8L90 Drivetrain Package,,,Brand New,6800-6800,,not started,"Confirm: engine identification; ECU/PCM and wiring harness included (y/n); sensors, connectors, control modules; intake manifold and throttle body; fuel injectors, rails, pumps and regulators; ignition coils and plugs; forced-induction parts (intercooler, piping, bypass valves, boost control); accessory drive, alternator, starter; oil pan and pump, water pump; exhaust manifolds or headers; calibration or tuning supplied; immobilizer/security needs; what must be bought separately and what is vehicle-specific.",,,,,,,,,Not requested,,,,
F068,79 - 93 Mustang L86 6.2 Drop in Package,Engine / swap assembly,chevrolet,1,516,79 - 93 Mustang L86 6.2 Drop in Package,,,Used,6595-6595,,not started,"Confirm: engine identification; ECU/PCM and wiring harness included (y/n); sensors, connectors, control modules; intake manifold and throttle body; fuel injectors, rails, pumps and regulators; ignition coils and plugs; forced-induction parts (intercooler, piping, bypass valves, boost control); accessory drive, alternator, starter; oil pan and pump, water pump; exhaust manifolds or headers; calibration or tuning supplied; immobilizer/security needs; what must be bought separately and what is vehicle-specific.",,,,,,,,,Not requested,,,,
F069,BD Diesel Essential Long Block Engine Dodge/RAM 6.7L Cummins 2013–2018,Engine / swap assembly,BD Diesel Performance,1,3954,BD Diesel Essential Long Block Engine Dodge/RAM 6.7L Cummins 2013–2018 — DJPLB100078,"2013–2018 Dodge / Ram 2500, 3500, 4500 and 5500 (6.7L)",DJPLB100078,Refurbished,6545-6545,,not started,"Confirm: engine identification; ECU/PCM and wiring harness included (y/n); sensors, connectors, control modules; intake manifold and throttle body; fuel injectors, rails, pumps and regulators; ignition coils and plugs; forced-induction parts (intercooler, piping, bypass valves, boost control); accessory drive, alternator, starter; oil pan and pump, water pump; exhaust manifolds or headers; calibration or tuning supplied; immobilizer/security needs; what must be bought separately and what is vehicle-specific.",,,,,,,,,Not requested,,,,
F070,BD Diesel Essential Long Block Engine Dodge/RAM 6.7L Cummins 2007.5-2012,Engine / swap assembly,BD Diesel Performance,1,3955,BD Diesel Essential Long Block Engine Dodge/RAM 6.7L Cummins 2007.5-2012 — DJPLB100077,2007–2012 Dodge / Ram 2500 and 3500; and 2008–2012 Dodge / Ram 4500 and 5500 (6.7L),DJPLB100077,Refurbished,6545-6545,,not started,"Confirm: engine identification; ECU/PCM and wiring harness included (y/n); sensors, connectors, control modules; intake manifold and throttle body; fuel injectors, rails, pumps and regulators; ignition coils and plugs; forced-induction parts (intercooler, piping, bypass valves, boost control); accessory drive, alternator, starter; oil pan and pump, water pump; exhaust manifolds or headers; calibration or tuning supplied; immobilizer/security needs; what must be bought separately and what is vehicle-specific.",,,,,,,,,Not requested,,,,
F071,BD Diesel Essential Long Block Engine Dodge/RAM 5.9L Cummins 2004.5-2007,Engine / swap assembly,BD Diesel Performance,1,3956,BD Diesel Essential Long Block Engine Dodge/RAM 5.9L Cummins 2004.5-2007 — DJPLB100076,2004–2007 Dodge / Ram 2500 and 3500 (5.9L),DJPLB100076,Refurbished,6545-6545,,not started,"Confirm: engine identification; ECU/PCM and wiring harness included (y/n); sensors, connectors, control modules; intake manifold and throttle body; fuel injectors, rails, pumps and regulators; ignition coils and plugs; forced-induction parts (intercooler, piping, bypass valves, boost control); accessory drive, alternator, starter; oil pan and pump, water pump; exhaust manifolds or headers; calibration or tuning supplied; immobilizer/security needs; what must be bought separately and what is vehicle-specific.",,,,,,,,,Not requested,,,,
F072,68-72 Chevelle Gen V L83 / 6l80 / 8L90 Swap Package,Engine / swap assembly,chevrolet,1,247,68-72 Chevelle Gen V L83 / 6l80 / 8L90 Swap Package,,,Brand New,6510-6510,,not started,"Confirm: engine identification; ECU/PCM and wiring harness included (y/n); sensors, connectors, control modules; intake manifold and throttle body; fuel injectors, rails, pumps and regulators; ignition coils and plugs; forced-induction parts (intercooler, piping, bypass valves, boost control); accessory drive, alternator, starter; oil pan and pump, water pump; exhaust manifolds or headers; calibration or tuning supplied; immobilizer/security needs; what must be bought separately and what is vehicle-specific.",,,,,,,,,Not requested,,,,
F073,Ford 7.3L Godzilla Supercharged Engine Package,Engine / swap assembly,Ford,1,2114,Ford 7.3L Godzilla Supercharged Engine Package,,,Brand New,6350-6350,Ford 7.3L Godzilla engine; Supercharger; ECU (Engine Control Unit); Engine wiring harness,partial,"Confirm: engine identification; ECU/PCM and wiring harness included (y/n); sensors, connectors, control modules; intake manifold and throttle body; fuel injectors, rails, pumps and regulators; ignition coils and plugs; forced-induction parts (intercooler, piping, bypass valves, boost control); accessory drive, alternator, starter; oil pan and pump, water pump; exhaust manifolds or headers; calibration or tuning supplied; immobilizer/security needs; what must be bought separately and what is vehicle-specific.",,,,,,,,,Not requested,,,,
F074,1960 - 1987 C10 Gen V LT Swap Package,Engine / swap assembly,chevrolet,1,215,1960 - 1987 C10 Gen V LT Swap Package,,,Brand New,6165-6165,,not started,"Confirm: engine identification; ECU/PCM and wiring harness included (y/n); sensors, connectors, control modules; intake manifold and throttle body; fuel injectors, rails, pumps and regulators; ignition coils and plugs; forced-induction parts (intercooler, piping, bypass valves, boost control); accessory drive, alternator, starter; oil pan and pump, water pump; exhaust manifolds or headers; calibration or tuning supplied; immobilizer/security needs; what must be bought separately and what is vehicle-specific.",,,,,,,,,Not requested,,,,
F075,BD Diesel TorqueMaster Allison 1000 Transmission & Converter Package,Transmission / gearbox,BD Diesel Performance,8,2769 2772 2775 2778 2780 2782 2785 2787,BD Diesel TorqueMaster Allison 1000 Transmission & Converter Package — w/ Billet Input Allison 1000 Chevrolet Silverado / GMC Sierra 6.6L 4WD — 1064754BM,w/ Billet Input Allison 1000 Chevrolet Silverado / GMC Sierra 6.6L Duramax 2011–2016 4WD | Chevy Allison 1000 with Billet Input & Triple Torque - 2007–2010 LMM 4WD | Chevy Allison 1000 with Billet Input & Triple Torque - 2007–2010 LMM 2WD | Chevy Allison 1000 with Billet Input & Triple Torque - 2006–2007 LBZ 6-speed 4WD,1064754BM | 1064744BM | 1064742BM | 1064734BM | 1064732BM | 1064724BM,Refurbished,5835-6150,Allison 1000 transmission; BD torque converter,not started,"Confirm: model, identification code and gear count; torque converter (auto) or clutch assembly (manual) included; flexplate or flywheel; TCM/TCU and wiring harness; valve body and control components; shifter and selector; sensors; mounts and crossmember; bellhousing/adapter; transfer-case compatibility; cooler and lines; fluid; programming or ECU/TCU integration; what must be bought separately.",,,,,,,,,Not requested,,,,
F076,BD Diesel TowMaster 6R140 Transmission & Converter Package,Transmission / gearbox,BD Diesel Performance,2,2790 2791,BD Diesel TowMaster 6R140 Transmission & Converter Package — Ford 6R140 6.7L Power Stroke 2017–2019 2wd/4wd 2WD and 4WD — 1064514SS,Ford 6R140 6.7L Power Stroke 2017–2019 2wd/4wd | Ford 6R140 6.7L Power Stroke 2011–2016 2wd/4wd,1064514SS | 1064504SS,Refurbished,5945-6030,6R140 transmission; BD torque converter,not started,"Confirm: model, identification code and gear count; torque converter (auto) or clutch assembly (manual) included; flexplate or flywheel; TCM/TCU and wiring harness; valve body and control components; shifter and selector; sensors; mounts and crossmember; bellhousing/adapter; transfer-case compatibility; cooler and lines; fluid; programming or ECU/TCU integration; what must be bought separately.",,,,,,,,,Not requested,,,,
F077,BMW N63 V8 Twin Turbo Engine,Engine / swap assembly,BMW,1,53,BMW N63 V8 Twin Turbo Engine,,,Brand New,5950-5950,Complete long block assembly; Twin turbochargers; Fuel injectors & HPFP; Intake & exhaust manifolds; Factory sensors installed,not started,"Confirm: engine identification; ECU/PCM and wiring harness included (y/n); sensors, connectors, control modules; intake manifold and throttle body; fuel injectors, rails, pumps and regulators; ignition coils and plugs; forced-induction parts (intercooler, piping, bypass valves, boost control); accessory drive, alternator, starter; oil pan and pump, water pump; exhaust manifolds or headers; calibration or tuning supplied; immobilizer/security needs; what must be bought separately and what is vehicle-specific.",,,,,,,,,Not requested,,,,
F078,BMW S55 (M3/M4) Twin Turbo Engine,Engine / swap assembly,BMW,1,38,BMW S55 (M3/M4) Twin Turbo Engine,,,Brand New,5950-5950,Complete long block assembly; Twin turbochargers; Fuel injectors & HPFP; Intake & exhaust manifolds; Factory sensors installed,not started,"Confirm: engine identification; ECU/PCM and wiring harness included (y/n); sensors, connectors, control modules; intake manifold and throttle body; fuel injectors, rails, pumps and regulators; ignition coils and plugs; forced-induction parts (intercooler, piping, bypass valves, boost control); accessory drive, alternator, starter; oil pan and pump, water pump; exhaust manifolds or headers; calibration or tuning supplied; immobilizer/security needs; what must be bought separately and what is vehicle-specific.",,,,,,,,,Not requested,,,,
F079,BD Diesel TowMaster 68RFE Transmission & Converter Package,Transmission / gearbox,BD Diesel Performance,2,2720 2768,BD Diesel TowMaster 68RFE Transmission & Converter Package — Dodge 68RFE 2019–2024 4WD — 1064294SS,Dodge 68RFE 2019–2024 | Dodge 68RFE - 2007.5-2018,1064294SS | 1064264SS,Refurbished,5945-5945,68RFE transmission; BD torque converter,not started,"Confirm: model, identification code and gear count; torque converter (auto) or clutch assembly (manual) included; flexplate or flywheel; TCM/TCU and wiring harness; valve body and control components; shifter and selector; sensors; mounts and crossmember; bellhousing/adapter; transfer-case compatibility; cooler and lines; fluid; programming or ECU/TCU integration; what must be bought separately.",,,,,,,,,Not requested,,,,
F080,BD Diesel TorqueMaster 68RFE Transmission,Transmission / gearbox,BD Diesel Performance,2,2721 2807,BD Diesel TorqueMaster 68RFE Transmission — Dodge 68RFE 2019–2024 with Billet Input Shaft 4WD — 1064294B,Dodge 68RFE 2019–2024 with Billet Input Shaft | Dodge 68RFE - 2007.5-2018 4WD with Billet Input Shaft,1064294B | 1064264B,Refurbished,5945-5945,,not started,"Confirm: model, identification code and gear count; torque converter (auto) or clutch assembly (manual) included; flexplate or flywheel; TCM/TCU and wiring harness; valve body and control components; shifter and selector; sensors; mounts and crossmember; bellhousing/adapter; transfer-case compatibility; cooler and lines; fluid; programming or ECU/TCU integration; what must be bought separately.",,,,,,,,,Not requested,,,,
F081,"BD Diesel TowMaster Dodge 68RFE Transmission & Converter Package 2019–2024, 2WD",Transmission / gearbox,BD Diesel Performance,1,4117,"BD Diesel TowMaster Dodge 68RFE Transmission & Converter Package 2019–2024, 2WD — 1064292SS",2019–2024 Dodge / Ram 2500 and 3500 (6.7L),1064292SS,Refurbished,5945-5945,,not started,"Confirm: model, identification code and gear count; torque converter (auto) or clutch assembly (manual) included; flexplate or flywheel; TCM/TCU and wiring harness; valve body and control components; shifter and selector; sensors; mounts and crossmember; bellhousing/adapter; transfer-case compatibility; cooler and lines; fluid; programming or ECU/TCU integration; what must be bought separately.",,,,,,,,,Not requested,,,,
F082,"BD Diesel TowMaster Dodge 68RFE Transmission & Converter Package - 2007.5-2018, 2WD",Transmission / gearbox,BD Diesel Performance,1,4195,"BD Diesel TowMaster Dodge 68RFE Transmission & Converter Package - 2007.5-2018, 2WD — 1064262SS",2007–2018 Dodge / Ram 2500 and 3500 (6.7L),1064262SS,Refurbished,5945-5945,,not started,"Confirm: model, identification code and gear count; torque converter (auto) or clutch assembly (manual) included; flexplate or flywheel; TCM/TCU and wiring harness; valve body and control components; shifter and selector; sensors; mounts and crossmember; bellhousing/adapter; transfer-case compatibility; cooler and lines; fluid; programming or ECU/TCU integration; what must be bought separately.",,,,,,,,,Not requested,,,,
F083,Reman L86 Engine & Transmission Package,Transmission / gearbox,chevrolet,1,583,Reman L86 Engine & Transmission Package,,,Refurbished,5855-5855,,not started,"Confirm: model, identification code and gear count; torque converter (auto) or clutch assembly (manual) included; flexplate or flywheel; TCM/TCU and wiring harness; valve body and control components; shifter and selector; sensors; mounts and crossmember; bellhousing/adapter; transfer-case compatibility; cooler and lines; fluid; programming or ECU/TCU integration; what must be bought separately.",,,,,,,,,Not requested,,,,
F084,"BD Diesel Roadmaster Transmission & Converter Package Aisin AS69RC RAM 3500/4500/5500 6.7L 2019–2024, 2WD Left Hand PTO",Transmission / gearbox,BD Diesel Performance,2,4067 4073,"BD Diesel Roadmaster Transmission & Converter Package Aisin AS69RC RAM 3500/4500/5500 6.7L 2019–2024, 2WD Left Hand PTO — 1065032SS","2019–2024 Dodge / Ram 3500, 4500 and 5500 (6.7L) | 2013–2018 Dodge / Ram 3500, 4500 and 5500 (6.7L)",1065032SS | 1064372SS,Refurbished,5525-5780,,not started,"Confirm: model, identification code and gear count; torque converter (auto) or clutch assembly (manual) included; flexplate or flywheel; TCM/TCU and wiring harness; valve body and control components; shifter and selector; sensors; mounts and crossmember; bellhousing/adapter; transfer-case compatibility; cooler and lines; fluid; programming or ECU/TCU integration; what must be bought separately.",,,,,,,,,Not requested,,,,
F085,"BD Diesel TorqueMaster Transmission Dodge 68RFE 2019–2024 with Billet Input Shaft, 2WD",Transmission / gearbox,BD Diesel Performance,1,4118,"BD Diesel TorqueMaster Transmission Dodge 68RFE 2019–2024 with Billet Input Shaft, 2WD — 1064292B",2019–2024 Dodge / Ram 2500 and 3500 (6.7L),1064292B,Refurbished,5775-5775,,not started,"Confirm: model, identification code and gear count; torque converter (auto) or clutch assembly (manual) included; flexplate or flywheel; TCM/TCU and wiring harness; valve body and control components; shifter and selector; sensors; mounts and crossmember; bellhousing/adapter; transfer-case compatibility; cooler and lines; fluid; programming or ECU/TCU integration; what must be bought separately.",,,,,,,,,Not requested,,,,
F086,"BD Diesel Roadmaster Transmission & Converter Package Aisin AS69RC RAM 3500/4500/5500 6.7L 2019–2024, 2WD Right Hand PTO",Transmission / gearbox,BD Diesel Performance,3,4064 4066 4072,"BD Diesel Roadmaster Transmission & Converter Package Aisin AS69RC RAM 3500/4500/5500 6.7L 2019–2024, 2WD Right Hand PTO — 1065002PTOSS","2019–2024 Dodge / Ram 3500, 4500 and 5500 (6.7L) | 2013–2018 Dodge / Ram 3500, 4500 and 5500 (6.7L)",1065002PTOSS | 1065004PTOSS | 1064352SS,Refurbished,5525-5755,,not started,"Confirm: model, identification code and gear count; torque converter (auto) or clutch assembly (manual) included; flexplate or flywheel; TCM/TCU and wiring harness; valve body and control components; shifter and selector; sensors; mounts and crossmember; bellhousing/adapter; transfer-case compatibility; cooler and lines; fluid; programming or ECU/TCU integration; what must be bought separately.",,,,,,,,,Not requested,,,,
F087,BD Diesel Roadmaster AS69RC Transmission & Converter Package,Transmission / gearbox,BD Diesel Performance,1,2708,BD Diesel Roadmaster AS69RC Transmission & Converter Package — Aisin AS69RC RAM 3500/4500/5500 6.7L 2013–2018 4WD — 1064354SS,Aisin AS69RC RAM 3500/4500/5500 6.7L 2013–2018,1064354SS,Refurbished,5690-5690,AS69RC transmission; BD torque converter,not started,"Confirm: model, identification code and gear count; torque converter (auto) or clutch assembly (manual) included; flexplate or flywheel; TCM/TCU and wiring harness; valve body and control components; shifter and selector; sensors; mounts and crossmember; bellhousing/adapter; transfer-case compatibility; cooler and lines; fluid; programming or ECU/TCU integration; what must be bought separately.",,,,,,,,,Not requested,,,,
F088,BD Diesel Precision Plus Short Block Engine Dodge/RAM 6.7L Cummins 2013–2018,Engine / swap assembly,BD Diesel Performance,1,3901,BD Diesel Precision Plus Short Block Engine Dodge/RAM 6.7L Cummins 2013–2018 — DJPSB100008,"2013–2018 Dodge / Ram 2500, 3500, 4500 and 5500 (6.7L)",DJPSB100008,Refurbished,5625-5625,,not started,"Confirm: engine identification; ECU/PCM and wiring harness included (y/n); sensors, connectors, control modules; intake manifold and throttle body; fuel injectors, rails, pumps and regulators; ignition coils and plugs; forced-induction parts (intercooler, piping, bypass valves, boost control); accessory drive, alternator, starter; oil pan and pump, water pump; exhaust manifolds or headers; calibration or tuning supplied; immobilizer/security needs; what must be bought separately and what is vehicle-specific.",,,,,,,,,Not requested,,,,
F089,BD Diesel Precision Plus Short Block Engine Dodge/RAM 6.7L Cummins 2007.5-2012,Engine / swap assembly,BD Diesel Performance,1,3903,BD Diesel Precision Plus Short Block Engine Dodge/RAM 6.7L Cummins 2007.5-2012 — DJPSB100004,"2007–2012 Dodge / Ram 2500, 3500, 4500 and 5500 (6.7L)",DJPSB100004,Refurbished,5625-5625,,not started,"Confirm: engine identification; ECU/PCM and wiring harness included (y/n); sensors, connectors, control modules; intake manifold and throttle body; fuel injectors, rails, pumps and regulators; ignition coils and plugs; forced-induction parts (intercooler, piping, bypass valves, boost control); accessory drive, alternator, starter; oil pan and pump, water pump; exhaust manifolds or headers; calibration or tuning supplied; immobilizer/security needs; what must be bought separately and what is vehicle-specific.",,,,,,,,,Not requested,,,,
F090,BD Diesel Roadmaster Aisin AS69RC Transmission & Converter Package,Transmission / gearbox,BD Diesel Performance,1,2212,BD Diesel Roadmaster Aisin AS69RC Transmission & Converter Package — 2019–2024 Ram 3500/4500/5500 6.7L Cummins 4WD — 1065004SS,,1065004SS,Refurbished,5525-5525,,not started,"Confirm: model, identification code and gear count; torque converter (auto) or clutch assembly (manual) included; flexplate or flywheel; TCM/TCU and wiring harness; valve body and control components; shifter and selector; sensors; mounts and crossmember; bellhousing/adapter; transfer-case compatibility; cooler and lines; fluid; programming or ECU/TCU integration; what must be bought separately.",,,,,,,,,Not requested,,,,
F091,"BD Diesel Roadmaster Transmission & Converter Package Aisin AS69RC RAM 3500/4500/5500 6.7L 2019–2024, 2WD",Transmission / gearbox,BD Diesel Performance,1,4065,"BD Diesel Roadmaster Transmission & Converter Package Aisin AS69RC RAM 3500/4500/5500 6.7L 2019–2024, 2WD — 1065002SS","2019–2024 Dodge / Ram 3500, 4500 and 5500 (6.7L)",1065002SS,Refurbished,5525-5525,,not started,"Confirm: model, identification code and gear count; torque converter (auto) or clutch assembly (manual) included; flexplate or flywheel; TCM/TCU and wiring harness; valve body and control components; shifter and selector; sensors; mounts and crossmember; bellhousing/adapter; transfer-case compatibility; cooler and lines; fluid; programming or ECU/TCU integration; what must be bought separately.",,,,,,,,,Not requested,,,,
F092,Mercedes-Benz M113 V8 Engine,Engine / swap assembly,Mercedes-Benz,1,56,Mercedes-Benz M113 V8 Engine,,,Brand New,5525-5525,Complete long block assembly; Intake manifold; Coil packs; Fuel injectors; Factory sensors installed,not started,"Confirm: engine identification; ECU/PCM and wiring harness included (y/n); sensors, connectors, control modules; intake manifold and throttle body; fuel injectors, rails, pumps and regulators; ignition coils and plugs; forced-induction parts (intercooler, piping, bypass valves, boost control); accessory drive, alternator, starter; oil pan and pump, water pump; exhaust manifolds or headers; calibration or tuning supplied; immobilizer/security needs; what must be bought separately and what is vehicle-specific.",,,,,,,,,Not requested,,,,
F093,BD Diesel TowMaster 48RE Transmission & Converter Package,Transmission / gearbox,BD Diesel Performance,4,2722 2723 2727 2728,BD Diesel TowMaster 48RE Transmission & Converter Package — Dodge 48RE 2005–2007 w/TVV Stepper Motor with TapShifter 4WD — 1064234SST,Dodge 48RE 2005–2007 w/TVV Stepper Motor with TapShifter | Dodge 48RE 2005–2007 w/TVV Stepper Motor | Dodge 48RE - 2003–2004 with TapShifter | Dodge 48RE 2003–2004,1064234SST | 1064234SS | 1064194SST | 1064194SS,Refurbished,4585-5505,48RE transmission; BD torque converter,not started,"Confirm: model, identification code and gear count; torque converter (auto) or clutch assembly (manual) included; flexplate or flywheel; TCM/TCU and wiring harness; valve body and control components; shifter and selector; sensors; mounts and crossmember; bellhousing/adapter; transfer-case compatibility; cooler and lines; fluid; programming or ECU/TCU integration; what must be bought separately.",,,,,,,,,Not requested,,,,
F094,"BD Diesel TowMaster Dodge 48RE Transmission & Converter Package 2005–2007 w/TVV Stepper Motor with TapShifter, 2WD",Transmission / gearbox,BD Diesel Performance,1,4120,"BD Diesel TowMaster Dodge 48RE Transmission & Converter Package 2005–2007 w/TVV Stepper Motor with TapShifter, 2WD — 1064232SST",2005–2007 Dodge / Ram 2500 and 3500 (5.9L),1064232SST,Refurbished,5505-5505,,not started,"Confirm: model, identification code and gear count; torque converter (auto) or clutch assembly (manual) included; flexplate or flywheel; TCM/TCU and wiring harness; valve body and control components; shifter and selector; sensors; mounts and crossmember; bellhousing/adapter; transfer-case compatibility; cooler and lines; fluid; programming or ECU/TCU integration; what must be bought separately.",,,,,,,,,Not requested,,,,
F095,"BD Diesel TowMaster Dodge 48RE Transmission & Converter Package - 2003–2004 with TapShifter, 2WD",Transmission / gearbox,BD Diesel Performance,1,4126,"BD Diesel TowMaster Dodge 48RE Transmission & Converter Package - 2003–2004 with TapShifter, 2WD — 1064192SST",2003–2004 Dodge / Ram 2500 and 3500 (5.9L),1064192SST,Refurbished,5460-5460,,not started,"Confirm: model, identification code and gear count; torque converter (auto) or clutch assembly (manual) included; flexplate or flywheel; TCM/TCU and wiring harness; valve body and control components; shifter and selector; sensors; mounts and crossmember; bellhousing/adapter; transfer-case compatibility; cooler and lines; fluid; programming or ECU/TCU integration; what must be bought separately.",,,,,,,,,Not requested,,,,
F096,BD Diesel Precision Plus Short Block Engine Dodge/RAM 5.9L Cummins 2003–2004,Engine / swap assembly,BD Diesel Performance,1,3900,BD Diesel Precision Plus Short Block Engine Dodge/RAM 5.9L Cummins 2003–2004 — DJPSB100018,2003–2004 Dodge / Ram 2500 and 3500 (5.9L),DJPSB100018,Refurbished,5445-5445,,not started,"Confirm: engine identification; ECU/PCM and wiring harness included (y/n); sensors, connectors, control modules; intake manifold and throttle body; fuel injectors, rails, pumps and regulators; ignition coils and plugs; forced-induction parts (intercooler, piping, bypass valves, boost control); accessory drive, alternator, starter; oil pan and pump, water pump; exhaust manifolds or headers; calibration or tuning supplied; immobilizer/security needs; what must be bought separately and what is vehicle-specific.",,,,,,,,,Not requested,,,,
F097,BD Diesel Precision Plus Short Block Engine Dodge/RAM 5.9L Cummins 2004.5-2007,Engine / swap assembly,BD Diesel Performance,1,3902,BD Diesel Precision Plus Short Block Engine Dodge/RAM 5.9L Cummins 2004.5-2007 — DJPSB100005,2004–2007 Dodge / Ram 2500 and 3500 (5.9L),DJPSB100005,Refurbished,5445-5445,,not started,"Confirm: engine identification; ECU/PCM and wiring harness included (y/n); sensors, connectors, control modules; intake manifold and throttle body; fuel injectors, rails, pumps and regulators; ignition coils and plugs; forced-induction parts (intercooler, piping, bypass valves, boost control); accessory drive, alternator, starter; oil pan and pump, water pump; exhaust manifolds or headers; calibration or tuning supplied; immobilizer/security needs; what must be bought separately and what is vehicle-specific.",,,,,,,,,Not requested,,,,
F098,79 - 93 Mustang L83 5.3 Drop in Package,Engine / swap assembly,chevrolet,1,255,79 - 93 Mustang L83 5.3 Drop in Package,,,Used,5360-5360,,not started,"Confirm: engine identification; ECU/PCM and wiring harness included (y/n); sensors, connectors, control modules; intake manifold and throttle body; fuel injectors, rails, pumps and regulators; ignition coils and plugs; forced-induction parts (intercooler, piping, bypass valves, boost control); accessory drive, alternator, starter; oil pan and pump, water pump; exhaust manifolds or headers; calibration or tuning supplied; immobilizer/security needs; what must be bought separately and what is vehicle-specific.",,,,,,,,,Not requested,,,,
F099,BD Diesel Roadmaster 6R140 Transmission & Converter Package,Transmission / gearbox,BD Diesel Performance,2,2206 2207,BD Diesel Roadmaster 6R140 Transmission & Converter Package — 2011–2016 Ford 6.7L Power Stroke — 1064524SS,,1064524SS | 1064534SS,Refurbished,5255-5255,6R140 transmission; BD deep transmission pan; ProForce torque converter; BD pressure controller,not started,"Confirm: model, identification code and gear count; torque converter (auto) or clutch assembly (manual) included; flexplate or flywheel; TCM/TCU and wiring harness; valve body and control components; shifter and selector; sensors; mounts and crossmember; bellhousing/adapter; transfer-case compatibility; cooler and lines; fluid; programming or ECU/TCU integration; what must be bought separately.",,,,,,,,,Not requested,,,,
F100,BD Diesel TowMaster Allison 1000 Transmission & Converter Package,Transmission / gearbox,BD Diesel Performance,10,2209 2210 2771 2774 2777 2779 2781 2784 2786 2789,BD Diesel TowMaster Allison 1000 Transmission & Converter Package — 2011–2016 Silverado / Sierra 6.6L LML Duramax 4WD — 1064754SM,Chevy Allison 1000 - 2007–2010 LMM 4WD | Chevy Allison 1000 - 2007–2010 LMM 2WD | Chevy Allison 1000 - 2006–2007 LBZ 6-speed 4WD | Chevy Allison 1000 - 2006–2007 LBZ 6-speed 2WD,1064754SM | 1064784SS | 1064744SS | 1064742SS | 1064734SS | 1064732SS,Refurbished,4780-5140,"Allison 1000 transmission; Matched torque converter; BD heavy-duty pan; Allison 1000 transmission (modified valve body and pump, increased clutch counts); BD deep aluminium pan; ProForce torque converter; BD torque converter",not started,"Confirm: model, identification code and gear count; torque converter (auto) or clutch assembly (manual) included; flexplate or flywheel; TCM/TCU and wiring harness; valve body and control components; shifter and selector; sensors; mounts and crossmember; bellhousing/adapter; transfer-case compatibility; cooler and lines; fluid; programming or ECU/TCU integration; what must be bought separately.",,,,,,,,,Not requested,,,,
F101,"BD Diesel Towmaster Transmission & Converter Package Allison 1000 Chevrolet Silverado/ GMC Sierra 6.6L Duramax 2017–2019, 2WD",Transmission / gearbox,BD Diesel Performance,1,4048,"BD Diesel Towmaster Transmission & Converter Package Allison 1000 Chevrolet Silverado/ GMC Sierra 6.6L Duramax 2017–2019, 2WD — 1064782SS",2017–2019 Chevrolet Silverado 2500 HD and Silverado 3500 HD; and 2017–2019 GMC Sierra 2500 HD and Sierra 3500 HD (6.6L),1064782SS,Refurbished,5100-5100,,not started,"Confirm: model, identification code and gear count; torque converter (auto) or clutch assembly (manual) included; flexplate or flywheel; TCM/TCU and wiring harness; valve body and control components; shifter and selector; sensors; mounts and crossmember; bellhousing/adapter; transfer-case compatibility; cooler and lines; fluid; programming or ECU/TCU integration; what must be bought separately.",,,,,,,,,Not requested,,,,
F102,BMW B58 TwinPower Turbo 3.0-Liter Engine,Engine / swap assembly,bmw,1,33,BMW B58 TwinPower Turbo 3.0-Liter Engine,,,Brand New,5100-5100,Complete long block assembly; Twin-scroll turbocharger; Fuel injectors & HPFP; Intake & exhaust manifolds; Factory sensors installed,not started,"Confirm: engine identification; ECU/PCM and wiring harness included (y/n); sensors, connectors, control modules; intake manifold and throttle body; fuel injectors, rails, pumps and regulators; ignition coils and plugs; forced-induction parts (intercooler, piping, bypass valves, boost control); accessory drive, alternator, starter; oil pan and pump, water pump; exhaust manifolds or headers; calibration or tuning supplied; immobilizer/security needs; what must be bought separately and what is vehicle-specific.",,,,,,,,,Not requested,,,,
F103,BD Diesel Roadmaster 68RFE Transmission & Converter Package,Transmission / gearbox,BD Diesel Performance,2,2203 2204,BD Diesel Roadmaster 68RFE Transmission & Converter Package — 2007.5–2018 Ram 6.7L Cummins 4WD — 1064224SS,,1064224SS | 1064304SS,Refurbished,5010-5010,68RFE transmission with Protect68 kit and upgraded valve body; 220 psi line pressure module; Deep-sump aluminium pan; ProForce torque converter; ProForce billet torque converter,not started,"Confirm: model, identification code and gear count; torque converter (auto) or clutch assembly (manual) included; flexplate or flywheel; TCM/TCU and wiring harness; valve body and control components; shifter and selector; sensors; mounts and crossmember; bellhousing/adapter; transfer-case compatibility; cooler and lines; fluid; programming or ECU/TCU integration; what must be bought separately.",,,,,,,,,Not requested,,,,
F104,BD Diesel TowMaster 68RFE Transmission,Transmission / gearbox,BD Diesel Performance,2,2205 2744,BD Diesel TowMaster 68RFE Transmission — 2019–2024 Ram 6.7L Cummins 4WD — 1064294,Dodge 68RFE 2007.5-2018,1064294 | 1064264,Refurbished,4925-5010,,not started,"Confirm: model, identification code and gear count; torque converter (auto) or clutch assembly (manual) included; flexplate or flywheel; TCM/TCU and wiring harness; valve body and control components; shifter and selector; sensors; mounts and crossmember; bellhousing/adapter; transfer-case compatibility; cooler and lines; fluid; programming or ECU/TCU integration; what must be bought separately.",,,,,,,,,Not requested,,,,
F105,BD Diesel 68RFE Performance Transmission,Transmission / gearbox,BD Diesel Performance,1,3175,BD Diesel 68RFE Performance Transmission — 2007.5–2018 Dodge / Ram 6.7L Cummins 2WD — 1064262,2007.5–2018 Ram 6.7L Cummins,1064262,Brand New,5010-5010,,not started,"Confirm: model, identification code and gear count; torque converter (auto) or clutch assembly (manual) included; flexplate or flywheel; TCM/TCU and wiring harness; valve body and control components; shifter and selector; sensors; mounts and crossmember; bellhousing/adapter; transfer-case compatibility; cooler and lines; fluid; programming or ECU/TCU integration; what must be bought separately.",,,,,,,,,Not requested,,,,
F106,"BD Diesel Roadmaster Dodge 68RFE Transmission & Converter Package 6.7L Cummins 2007.5-2018, 2WD",Transmission / gearbox,BD Diesel Performance,1,4124,"BD Diesel Roadmaster Dodge 68RFE Transmission & Converter Package 6.7L Cummins 2007.5-2018, 2WD — 1064222SS",2007–2018 Dodge / Ram 2500 and 3500 (6.7L),1064222SS,Refurbished,5010-5010,,not started,"Confirm: model, identification code and gear count; torque converter (auto) or clutch assembly (manual) included; flexplate or flywheel; TCM/TCU and wiring harness; valve body and control components; shifter and selector; sensors; mounts and crossmember; bellhousing/adapter; transfer-case compatibility; cooler and lines; fluid; programming or ECU/TCU integration; what must be bought separately.",,,,,,,,,Not requested,,,,
F107,BD Diesel Essential Short Block Engine Dodge/RAM 6.7L Cummins 2013–2018,Engine / swap assembly,BD Diesel Performance,1,3896,BD Diesel Essential Short Block Engine Dodge/RAM 6.7L Cummins 2013–2018 — DJPSB100022,"2013–2018 Dodge / Ram 2500, 3500, 4500 and 5500 (6.7L)",DJPSB100022,Refurbished,5000-5000,,not started,"Confirm: engine identification; ECU/PCM and wiring harness included (y/n); sensors, connectors, control modules; intake manifold and throttle body; fuel injectors, rails, pumps and regulators; ignition coils and plugs; forced-induction parts (intercooler, piping, bypass valves, boost control); accessory drive, alternator, starter; oil pan and pump, water pump; exhaust manifolds or headers; calibration or tuning supplied; immobilizer/security needs; what must be bought separately and what is vehicle-specific.",,,,,,,,,Not requested,,,,
F108,BD Diesel Essential Short Block Engine Dodge/RAM 6.7L Cummins 2007.5-2012,Engine / swap assembly,BD Diesel Performance,1,3897,BD Diesel Essential Short Block Engine Dodge/RAM 6.7L Cummins 2007.5-2012 — DJPSB100021,"2007–2012 Dodge / Ram 2500, 3500, 4500 and 5500 (6.7L)",DJPSB100021,Refurbished,5000-5000,,not started,"Confirm: engine identification; ECU/PCM and wiring harness included (y/n); sensors, connectors, control modules; intake manifold and throttle body; fuel injectors, rails, pumps and regulators; ignition coils and plugs; forced-induction parts (intercooler, piping, bypass valves, boost control); accessory drive, alternator, starter; oil pan and pump, water pump; exhaust manifolds or headers; calibration or tuning supplied; immobilizer/security needs; what must be bought separately and what is vehicle-specific.",,,,,,,,,Not requested,,,,
F109,"BD Diesel Towmaster RAM 6.7L Cummins 68RFE Transmission 2019–2024, 2WD",Transmission / gearbox,BD Diesel Performance,1,4119,"BD Diesel Towmaster RAM 6.7L Cummins 68RFE Transmission 2019–2024, 2WD — 1064292",2019–2024 Dodge / Ram 2500 and 3500 (6.7L),1064292,Refurbished,4925-4925,,not started,"Confirm: model, identification code and gear count; torque converter (auto) or clutch assembly (manual) included; flexplate or flywheel; TCM/TCU and wiring harness; valve body and control components; shifter and selector; sensors; mounts and crossmember; bellhousing/adapter; transfer-case compatibility; cooler and lines; fluid; programming or ECU/TCU integration; what must be bought separately.",,,,,,,,,Not requested,,,,
F110,BD Diesel TowMaster 4R100 Transmission & Converter Package,Transmission / gearbox,BD Diesel Performance,2,2718 2762,BD Diesel TowMaster 4R100 Transmission & Converter Package — Ford 4R100 - 1999–2003 4WD — 1064444SM,Ford 4R100 - 1999–2003 | Ford 4R100 - 1999–2003 4WD with Billet Input Shaft,1064444SM | 1064444BM,Refurbished,4585-4915,4R100 transmission; BD torque converter,not started,"Confirm: model, identification code and gear count; torque converter (auto) or clutch assembly (manual) included; flexplate or flywheel; TCM/TCU and wiring harness; valve body and control components; shifter and selector; sensors; mounts and crossmember; bellhousing/adapter; transfer-case compatibility; cooler and lines; fluid; programming or ECU/TCU integration; what must be bought separately.",,,,,,,,,Not requested,,,,
F111,"BD Diesel Roadmaster 68RFE Transmission & Converter Package RAM 6.7L Cummins 2019–2024, 2WD",Transmission / gearbox,BD Diesel Performance,1,4116,"BD Diesel Roadmaster 68RFE Transmission & Converter Package RAM 6.7L Cummins 2019–2024, 2WD — 1064302SS",2019–2024 Dodge / Ram 2500 and 3500 (6.7L),1064302SS,Refurbished,4875-4875,,not started,"Confirm: model, identification code and gear count; torque converter (auto) or clutch assembly (manual) included; flexplate or flywheel; TCM/TCU and wiring harness; valve body and control components; shifter and selector; sensors; mounts and crossmember; bellhousing/adapter; transfer-case compatibility; cooler and lines; fluid; programming or ECU/TCU integration; what must be bought separately.",,,,,,,,,Not requested,,,,
F112,BD Diesel Essential Short Block Engine Dodge/RAM 5.9L Cummins 2004.5-2007,Engine / swap assembly,BD Diesel Performance,1,3898,BD Diesel Essential Short Block Engine Dodge/RAM 5.9L Cummins 2004.5-2007 — DJPSB100020,2004–2007 Dodge / Ram 2500 and 3500 (5.9L),DJPSB100020,Refurbished,4820-4820,,not started,"Confirm: engine identification; ECU/PCM and wiring harness included (y/n); sensors, connectors, control modules; intake manifold and throttle body; fuel injectors, rails, pumps and regulators; ignition coils and plugs; forced-induction parts (intercooler, piping, bypass valves, boost control); accessory drive, alternator, starter; oil pan and pump, water pump; exhaust manifolds or headers; calibration or tuning supplied; immobilizer/security needs; what must be bought separately and what is vehicle-specific.",,,,,,,,,Not requested,,,,
F113,BD Diesel Essential Short Block Engine Dodge/RAM 5.9L Cummins 2003–2004,Engine / swap assembly,BD Diesel Performance,1,3899,BD Diesel Essential Short Block Engine Dodge/RAM 5.9L Cummins 2003–2004 — DJPSB100019,2003–2004 Dodge / Ram 2500 and 3500 (5.9L),DJPSB100019,Refurbished,4820-4820,,not started,"Confirm: engine identification; ECU/PCM and wiring harness included (y/n); sensors, connectors, control modules; intake manifold and throttle body; fuel injectors, rails, pumps and regulators; ignition coils and plugs; forced-induction parts (intercooler, piping, bypass valves, boost control); accessory drive, alternator, starter; oil pan and pump, water pump; exhaust manifolds or headers; calibration or tuning supplied; immobilizer/security needs; what must be bought separately and what is vehicle-specific.",,,,,,,,,Not requested,,,,
F114,BD Diesel Roadmaster 66RFE Transmission & Converter Package,Transmission / gearbox,BD Diesel Performance,1,2706,BD Diesel Roadmaster 66RFE Transmission & Converter Package — RAM 2500/3500 5.7L/6.4L HEMI 2012–2018 4WD — 1064914SS,66RFE RAM 2500/3500 5.7L/6.4L HEMI 2012–2018,1064914SS,Refurbished,4780-4780,66RFE transmission; BD torque converter,not started,"Confirm: model, identification code and gear count; torque converter (auto) or clutch assembly (manual) included; flexplate or flywheel; TCM/TCU and wiring harness; valve body and control components; shifter and selector; sensors; mounts and crossmember; bellhousing/adapter; transfer-case compatibility; cooler and lines; fluid; programming or ECU/TCU integration; what must be bought separately.",,,,,,,,,Not requested,,,,
F115,BD Diesel TowMaster 5R110 Transmission & Converter Package,Transmission / gearbox,BD Diesel Performance,4,2792 2794 2795 2799,BD Diesel TowMaster 5R110 Transmission & Converter Package — Ford 5R110 - 2008–2010 6.4L Power Stroke 4WD — 1064494SM,Ford 5R110 - 2008–2010 6.4L Power Stroke 4WD | Ford 5R110 - 2008–2010 6.4L Power Stroke 2WD w/Slip Yoke Drive Shaft Mount | Ford 5R110 2005–2007 4WD | Ford 5R110 - 2003–2004 4WD,1064494SM | 1064492SM | 1064484SM | 1064464SM,Refurbished,4415-4695,5R110 transmission; BD torque converter,not started,"Confirm: model, identification code and gear count; torque converter (auto) or clutch assembly (manual) included; flexplate or flywheel; TCM/TCU and wiring harness; valve body and control components; shifter and selector; sensors; mounts and crossmember; bellhousing/adapter; transfer-case compatibility; cooler and lines; fluid; programming or ECU/TCU integration; what must be bought separately.",,,,,,,,,Not requested,,,,
F116,"BD Diesel Roadmaster Transmission & Converter Package 66RFE RAM 2500/3500 5.7L/6.4L HEMI 2012–2018, 2WD",Transmission / gearbox,BD Diesel Performance,1,4070,"BD Diesel Roadmaster Transmission & Converter Package 66RFE RAM 2500/3500 5.7L/6.4L HEMI 2012–2018, 2WD — 1064912SS","2012–2018 Dodge / Ram 2500 and 3500 (5.7L, 6.4L)",1064912SS,Refurbished,4665-4665,,not started,"Confirm: model, identification code and gear count; torque converter (auto) or clutch assembly (manual) included; flexplate or flywheel; TCM/TCU and wiring harness; valve body and control components; shifter and selector; sensors; mounts and crossmember; bellhousing/adapter; transfer-case compatibility; cooler and lines; fluid; programming or ECU/TCU integration; what must be bought separately.",,,,,,,,,Not requested,,,,
F117,BD Diesel TowMaster E4OD Transmission & Converter Package,Transmission / gearbox,BD Diesel Performance,1,2805,BD Diesel TowMaster E4OD Transmission & Converter Package — Ford E4OD - 1995–1997 4WD — 1064424SM,Ford E4OD - 1995–1997,1064424SM,Refurbished,4660-4660,E4OD transmission; BD torque converter,not started,"Confirm: model, identification code and gear count; torque converter (auto) or clutch assembly (manual) included; flexplate or flywheel; TCM/TCU and wiring harness; valve body and control components; shifter and selector; sensors; mounts and crossmember; bellhousing/adapter; transfer-case compatibility; cooler and lines; fluid; programming or ECU/TCU integration; what must be bought separately.",,,,,,,,,Not requested,,,,
F118,BD Diesel TowMaster 47RH Transmission & Converter Package,Transmission / gearbox,BD Diesel Performance,1,2733,BD Diesel TowMaster 47RH Transmission & Converter Package — Dodge 47RH 1994–1995 4WD — 1064154SS,Dodge 47RH 1994–1995,1064154SS,Refurbished,4590-4590,47RH transmission; BD torque converter,not started,"Confirm: model, identification code and gear count; torque converter (auto) or clutch assembly (manual) included; flexplate or flywheel; TCM/TCU and wiring harness; valve body and control components; shifter and selector; sensors; mounts and crossmember; bellhousing/adapter; transfer-case compatibility; cooler and lines; fluid; programming or ECU/TCU integration; what must be bought separately.",,,,,,,,,Not requested,,,,
F119,ZF 8HP Swap Package,Engine / swap assembly,ZF,1,94,ZF 8HP Swap Package,,,Brand New,4590-4590,ZF 8HP automatic transmission; Standalone transmission controller; Wiring harness; Torque converter,not started,"Confirm: engine identification; ECU/PCM and wiring harness included (y/n); sensors, connectors, control modules; intake manifold and throttle body; fuel injectors, rails, pumps and regulators; ignition coils and plugs; forced-induction parts (intercooler, piping, bypass valves, boost control); accessory drive, alternator, starter; oil pan and pump, water pump; exhaust manifolds or headers; calibration or tuning supplied; immobilizer/security needs; what must be bought separately and what is vehicle-specific.",,,,,,,,,Not requested,,,,
F120,Toyota 35000-0W010 6-Speed Automatic Transmission (Aisin AB60F / TB-68LS),Transmission / gearbox,toyota,1,1954,Toyota 35000-0W010 6-Speed Automatic Transmission (Aisin AB60F / TB-68LS) — Land Cruiser (2008–2016),,35000-0W010,Brand New,4590-4590,,not started,"Confirm: model, identification code and gear count; torque converter (auto) or clutch assembly (manual) included; flexplate or flywheel; TCM/TCU and wiring harness; valve body and control components; shifter and selector; sensors; mounts and crossmember; bellhousing/adapter; transfer-case compatibility; cooler and lines; fluid; programming or ECU/TCU integration; what must be bought separately.",,,,,,,,,Not requested,,,,
F121,"BD Diesel TowMaster Ford 4R100 Transmission & Converter Package - 1999–2003, 2WD",Transmission / gearbox,BD Diesel Performance,1,4114,"BD Diesel TowMaster Ford 4R100 Transmission & Converter Package - 1999–2003, 2WD — 1064442SM",1999–2003 Ford F-250 Super Duty and F-350 Super Duty (7.3L),1064442SM,Refurbished,4585-4585,,not started,"Confirm: model, identification code and gear count; torque converter (auto) or clutch assembly (manual) included; flexplate or flywheel; TCM/TCU and wiring harness; valve body and control components; shifter and selector; sensors; mounts and crossmember; bellhousing/adapter; transfer-case compatibility; cooler and lines; fluid; programming or ECU/TCU integration; what must be bought separately.",,,,,,,,,Not requested,,,,
F122,"BD Diesel TowMaster Dodge 48RE Transmission & Converter Package 2005–2007 w/TVV Stepper Motor, 2WD",Transmission / gearbox,BD Diesel Performance,1,4121,"BD Diesel TowMaster Dodge 48RE Transmission & Converter Package 2005–2007 w/TVV Stepper Motor, 2WD — 1064232SS",2005–2007 Dodge / Ram 2500 and 3500 (5.9L),1064232SS,Refurbished,4585-4585,,not started,"Confirm: model, identification code and gear count; torque converter (auto) or clutch assembly (manual) included; flexplate or flywheel; TCM/TCU and wiring harness; valve body and control components; shifter and selector; sensors; mounts and crossmember; bellhousing/adapter; transfer-case compatibility; cooler and lines; fluid; programming or ECU/TCU integration; what must be bought separately.",,,,,,,,,Not requested,,,,
F123,"BD Diesel TowMaster Transmission & Converter Package Dodge 48RE 2003–2004, 2WD",Transmission / gearbox,BD Diesel Performance,1,4127,"BD Diesel TowMaster Transmission & Converter Package Dodge 48RE 2003–2004, 2WD — 1064192SS",2003–2004 Dodge / Ram 2500 and 3500 (5.9L),1064192SS,Refurbished,4585-4585,,not started,"Confirm: model, identification code and gear count; torque converter (auto) or clutch assembly (manual) included; flexplate or flywheel; TCM/TCU and wiring harness; valve body and control components; shifter and selector; sensors; mounts and crossmember; bellhousing/adapter; transfer-case compatibility; cooler and lines; fluid; programming or ECU/TCU integration; what must be bought separately.",,,,,,,,,Not requested,,,,
F124,"BD Diesel TowMaster Transmission & Converter Package Dodge 47RE 2000–2002, 2WD",Transmission / gearbox,BD Diesel Performance,1,4129,"BD Diesel TowMaster Transmission & Converter Package Dodge 47RE 2000–2002, 2WD — 1064182SS",2000–2002 Dodge / Ram 2500 and 3500 (5.9L),1064182SS,Refurbished,4585-4585,,not started,"Confirm: model, identification code and gear count; torque converter (auto) or clutch assembly (manual) included; flexplate or flywheel; TCM/TCU and wiring harness; valve body and control components; shifter and selector; sensors; mounts and crossmember; bellhousing/adapter; transfer-case compatibility; cooler and lines; fluid; programming or ECU/TCU integration; what must be bought separately.",,,,,,,,,Not requested,,,,
F125,BD Diesel TowMaster 48RE Transmission,Transmission / gearbox,BD Diesel Performance,3,2724 2745 2808,BD Diesel TowMaster 48RE Transmission — Dodge 48RE 2005–2007 w/TVV Stepper Motor 4WD — 1064234F,Dodge 48RE 2005–2007 w/TVV Stepper Motor | Dodge 48RE 2003–2004 | Dodge 48RE - 2005–2007 4WD w/TVV Stepper Motor - with TapShifter,1064234F | 1064194F | 1064234FT,Refurbished,3675-4550,,not started,"Confirm: model, identification code and gear count; torque converter (auto) or clutch assembly (manual) included; flexplate or flywheel; TCM/TCU and wiring harness; valve body and control components; shifter and selector; sensors; mounts and crossmember; bellhousing/adapter; transfer-case compatibility; cooler and lines; fluid; programming or ECU/TCU integration; what must be bought separately.",,,,,,,,,Not requested,,,,
F126,BMW N55 Turbo Engine,Engine / swap assembly,BMW,1,37,BMW N55 Turbo Engine,,,Brand New,4505-4505,Complete long block assembly; Twin-scroll turbocharger; Fuel injectors & HPFP; Intake & exhaust manifolds; Factory sensors installed,not started,"Confirm: engine identification; ECU/PCM and wiring harness included (y/n); sensors, connectors, control modules; intake manifold and throttle body; fuel injectors, rails, pumps and regulators; ignition coils and plugs; forced-induction parts (intercooler, piping, bypass valves, boost control); accessory drive, alternator, starter; oil pan and pump, water pump; exhaust manifolds or headers; calibration or tuning supplied; immobilizer/security needs; what must be bought separately and what is vehicle-specific.",,,,,,,,,Not requested,,,,
F127,BD Diesel TowMaster 47RE Transmission & Converter Package,Transmission / gearbox,BD Diesel Performance,1,2730,BD Diesel TowMaster 47RE Transmission & Converter Package — Dodge 47RE 2000–2002 4WD — 1064184SS,Dodge 47RE 2000–2002,1064184SS,Refurbished,4500-4500,47RE transmission; BD torque converter,not started,"Confirm: model, identification code and gear count; torque converter (auto) or clutch assembly (manual) included; flexplate or flywheel; TCM/TCU and wiring harness; valve body and control components; shifter and selector; sensors; mounts and crossmember; bellhousing/adapter; transfer-case compatibility; cooler and lines; fluid; programming or ECU/TCU integration; what must be bought separately.",,,,,,,,,Not requested,,,,
F128,"BD Diesel TowMaster Transmission & Converter Package Dodge 47RH 1994–1995, 2WD",Transmission / gearbox,BD Diesel Performance,1,4132,"BD Diesel TowMaster Transmission & Converter Package Dodge 47RH 1994–1995, 2WD — 1064152SS",1994–1998 Dodge / Ram 2500 and 3500 (5.9L),1064152SS,Refurbished,4500-4500,,not started,"Confirm: model, identification code and gear count; torque converter (auto) or clutch assembly (manual) included; flexplate or flywheel; TCM/TCU and wiring harness; valve body and control components; shifter and selector; sensors; mounts and crossmember; bellhousing/adapter; transfer-case compatibility; cooler and lines; fluid; programming or ECU/TCU integration; what must be bought separately.",,,,,,,,,Not requested,,,,
F129,"BD Diesel TowMaster Ford E4OD Transmission & Converter Package - 1995–1997, 2WD",Transmission / gearbox,BD Diesel Performance,1,4225,"BD Diesel TowMaster Ford E4OD Transmission & Converter Package - 1995–1997, 2WD — 1064422SM",1995–1996 Ford F-250; 1995–1997 Ford F-350; and 1997 Ford F-250 HD (7.3L),1064422SM,Refurbished,4500-4500,,not started,"Confirm: model, identification code and gear count; torque converter (auto) or clutch assembly (manual) included; flexplate or flywheel; TCM/TCU and wiring harness; valve body and control components; shifter and selector; sensors; mounts and crossmember; bellhousing/adapter; transfer-case compatibility; cooler and lines; fluid; programming or ECU/TCU integration; what must be bought separately.",,,,,,,,,Not requested,,,,
F130,Toyota V160 Transmission,Transmission / gearbox,Toyota / Getrag,1,89,Toyota V160 Transmission,,,Brand New,4420-4420,Complete 6-speed manual transmission assembly,not started,"Confirm: model, identification code and gear count; torque converter (auto) or clutch assembly (manual) included; flexplate or flywheel; TCM/TCU and wiring harness; valve body and control components; shifter and selector; sensors; mounts and crossmember; bellhousing/adapter; transfer-case compatibility; cooler and lines; fluid; programming or ECU/TCU integration; what must be bought separately.",,,,,,,,,Not requested,,,,
F131,Honda B18C Type R Engine,Engine / swap assembly,Honda,1,45,Honda B18C Type R Engine,,,Brand New,4420-4420,Complete long block assembly; Intake manifold; Fuel injectors; Factory sensors installed,not started,"Confirm: engine identification; ECU/PCM and wiring harness included (y/n); sensors, connectors, control modules; intake manifold and throttle body; fuel injectors, rails, pumps and regulators; ignition coils and plugs; forced-induction parts (intercooler, piping, bypass valves, boost control); accessory drive, alternator, starter; oil pan and pump, water pump; exhaust manifolds or headers; calibration or tuning supplied; immobilizer/security needs; what must be bought separately and what is vehicle-specific.",,,,,,,,,Not requested,,,,
F132,"BMW 23007501757 Getrag S6S420G 6-Speed Manual Transmission, Remanufactured",Transmission / gearbox,bmw,1,1950,"BMW 23007501757 Getrag S6S420G 6-Speed Manual Transmission, Remanufactured — M5 (E39)",,23007501757,Refurbished,4335-4335,,not started,"Confirm: model, identification code and gear count; torque converter (auto) or clutch assembly (manual) included; flexplate or flywheel; TCM/TCU and wiring harness; valve body and control components; shifter and selector; sensors; mounts and crossmember; bellhousing/adapter; transfer-case compatibility; cooler and lines; fluid; programming or ECU/TCU integration; what must be bought separately.",,,,,,,,,Not requested,,,,
F133,Toyota 1UZ-FE Non-VVT-i Complete Swap Package,Engine / swap assembly,Toyota,1,2115,"Toyota 1UZ-FE Non-VVT-i Complete Swap Package — Engine, Transmission, ECU & Harness","the engine, transmission, factory ECU, and factory engine wiring harness.",,Used — Inspected & Tested,4290-4290,Toyota 1UZ-FE Non-VVT-i 4.0L V8 Engine; Compatible Transmission; Factory ECU; Factory Engine Wiring Harness,listed,"Confirm: engine identification; ECU/PCM and wiring harness included (y/n); sensors, connectors, control modules; intake manifold and throttle body; fuel injectors, rails, pumps and regulators; ignition coils and plugs; forced-induction parts (intercooler, piping, bypass valves, boost control); accessory drive, alternator, starter; oil pan and pump, water pump; exhaust manifolds or headers; calibration or tuning supplied; immobilizer/security needs; what must be bought separately and what is vehicle-specific.",,,,,,,,,Not requested,,,,
F134,BD Diesel Roadmaster 10R80 Transmission & Converter Package,Transmission / gearbox,BD Diesel Performance,8,2707 2712 2713 2714 2715 2716 2717 2752,BD Diesel Roadmaster 10R80 Transmission & Converter Package — Ford Transit 3.5L 2020–2024 4WD — 1064684SS,10R80 Ford Transit 3.5L 2020–2024 | 10R80 Ford F-150 2.7L/3.5L EcoBoost & Raptor 2017 | 10R80 EcoBoost F-150 3.5L/2.7L 2021–2024 & Expedition/navigator 3.5L 2022–2024 & Ford Raptor 3.5L 2021–2024 | 10R80 Ford Expedition / Lincoln Navigator 3.5L EcoBoost 2018–2021,1064684SS | 1064694SS | 1064674SS | 1064664SS | 1064614SS | 1064604SS,Refurbished,3820-4250,10R80 transmission; BD torque converter,not started,"Confirm: model, identification code and gear count; torque converter (auto) or clutch assembly (manual) included; flexplate or flywheel; TCM/TCU and wiring harness; valve body and control components; shifter and selector; sensors; mounts and crossmember; bellhousing/adapter; transfer-case compatibility; cooler and lines; fluid; programming or ECU/TCU integration; what must be bought separately.",,,,,,,,,Not requested,,,,
F135,"BD Diesel Roadmaster Transmission & Converter Package 10r80 Ford Transit 3.5L 2020–2024, 2WD",Transmission / gearbox,BD Diesel Performance,1,4071,"BD Diesel Roadmaster Transmission & Converter Package 10r80 Ford Transit 3.5L 2020–2024, 2WD — 1064682SS","2020–2024 Ford Transit 150, Transit 250, Transit 350 and Transit 350 HD (3.5L)",1064682SS,Refurbished,4250-4250,,not started,"Confirm: model, identification code and gear count; torque converter (auto) or clutch assembly (manual) included; flexplate or flywheel; TCM/TCU and wiring harness; valve body and control components; shifter and selector; sensors; mounts and crossmember; bellhousing/adapter; transfer-case compatibility; cooler and lines; fluid; programming or ECU/TCU integration; what must be bought separately.",,,,,,,,,Not requested,,,,
F136,"BD Diesel Roadmaster Transmission & Converter Package 10r80 Ford Expedition / Lincoln Navigator 3.5L EcoBoost 2018–2021, 2WD",Transmission / gearbox,BD Diesel Performance,1,4110,"BD Diesel Roadmaster Transmission & Converter Package 10r80 Ford Expedition / Lincoln Navigator 3.5L EcoBoost 2018–2021, 2WD — 1064662SS",2018–2021 Ford Expedition; and 2018–2021 Lincoln Navigator (3.5L),1064662SS,Refurbished,4250-4250,,not started,"Confirm: model, identification code and gear count; torque converter (auto) or clutch assembly (manual) included; flexplate or flywheel; TCM/TCU and wiring harness; valve body and control components; shifter and selector; sensors; mounts and crossmember; bellhousing/adapter; transfer-case compatibility; cooler and lines; fluid; programming or ECU/TCU integration; what must be bought separately.",,,,,,,,,Not requested,,,,
F137,"BD Diesel Roadmaster Ford 10r80 Transmission & Converter Package F-150 2.7L/3.5L V6 2018–2020, 2WD",Transmission / gearbox,BD Diesel Performance,1,4111,"BD Diesel Roadmaster Ford 10r80 Transmission & Converter Package F-150 2.7L/3.5L V6 2018–2020, 2WD — 1064612SS","2018–2020 Ford F-150 (2.7L, 3.5L)",1064612SS,Refurbished,4250-4250,,not started,"Confirm: model, identification code and gear count; torque converter (auto) or clutch assembly (manual) included; flexplate or flywheel; TCM/TCU and wiring harness; valve body and control components; shifter and selector; sensors; mounts and crossmember; bellhousing/adapter; transfer-case compatibility; cooler and lines; fluid; programming or ECU/TCU integration; what must be bought separately.",,,,,,,,,Not requested,,,,
F138,"BD Diesel Roadmaster Ford 10r80 Transmission & Converter Package F-150 5.0L V8 2018–2020, 2WD",Transmission / gearbox,BD Diesel Performance,1,4179,"BD Diesel Roadmaster Ford 10r80 Transmission & Converter Package F-150 5.0L V8 2018–2020, 2WD — 1064622SS",2018–2020 Ford F-150 (5.0L),1064622SS,Refurbished,4250-4250,,not started,"Confirm: model, identification code and gear count; torque converter (auto) or clutch assembly (manual) included; flexplate or flywheel; TCM/TCU and wiring harness; valve body and control components; shifter and selector; sensors; mounts and crossmember; bellhousing/adapter; transfer-case compatibility; cooler and lines; fluid; programming or ECU/TCU integration; what must be bought separately.",,,,,,,,,Not requested,,,,
F139,Volkswagen VR6 Engine,Engine / swap assembly,Volkswagen,1,58,Volkswagen VR6 Engine,,,Brand New,4250-4250,Complete long block assembly; Intake manifold; Coil packs; Fuel injectors; Factory sensors installed,not started,"Confirm: engine identification; ECU/PCM and wiring harness included (y/n); sensors, connectors, control modules; intake manifold and throttle body; fuel injectors, rails, pumps and regulators; ignition coils and plugs; forced-induction parts (intercooler, piping, bypass valves, boost control); accessory drive, alternator, starter; oil pan and pump, water pump; exhaust manifolds or headers; calibration or tuning supplied; immobilizer/security needs; what must be bought separately and what is vehicle-specific.",,,,,,,,,Not requested,,,,
F140,Toyota 1UZ-FE V8 Engine,Engine / swap assembly,Toyota,1,36,Toyota 1UZ-FE V8 Engine,,,Brand New,4250-4250,Complete long block assembly; Intake manifold; Coil packs; Fuel injectors; Factory sensors installed,not started,"Confirm: engine identification; ECU/PCM and wiring harness included (y/n); sensors, connectors, control modules; intake manifold and throttle body; fuel injectors, rails, pumps and regulators; ignition coils and plugs; forced-induction parts (intercooler, piping, bypass valves, boost control); accessory drive, alternator, starter; oil pan and pump, water pump; exhaust manifolds or headers; calibration or tuning supplied; immobilizer/security needs; what must be bought separately and what is vehicle-specific.",,,,,,,,,Not requested,,,,
F141,BD Diesel Roadmaster Allison 1000 Transmission & Converter Package,Transmission / gearbox,BD Diesel Performance,5,2211 2698 2699 2700 2701,BD Diesel Roadmaster Allison 1000 Transmission & Converter Package — 2017–2019 Silverado / Sierra 6.6L L5P Duramax 4WD — 1064794SS,Allison 1000 Chevrolet Silverado & GMC Sierra 2500HD/3500HD 6.6L LML Duramax 2011–2016 | Allison 1000 Chevrolet Silverado & GMC Sierra 2500HD/3500HD 6.6L LMM Duramax 2007.5-2010 | Allison 1000 Chevrolet Silverado & GMC Sierra 2500HD/3500HD 6.6L LBZ Duramax 2006–2007 | Allison 1000 Chevrolet Silverado & GMC Sierra 2500HD/3500HD 6.6L LB7 Duramax 2001–2004,1064794SS | 1064884SS | 1064874SS | 1064864SS | 1064854SS,Refurbished,3740-4165,Allison 1000 transmission with modified valve body; BD deep aluminium pan; ProForce torque converter; Allison 1000 transmission; BD torque converter,not started,"Confirm: model, identification code and gear count; torque converter (auto) or clutch assembly (manual) included; flexplate or flywheel; TCM/TCU and wiring harness; valve body and control components; shifter and selector; sensors; mounts and crossmember; bellhousing/adapter; transfer-case compatibility; cooler and lines; fluid; programming or ECU/TCU integration; what must be bought separately.",,,,,,,,,Not requested,,,,
F142,"BD Diesel Roadmaster Transmission & Converter Package Allison 1000 Chevrolet Silverado & GMC Sierra 2500HD/3500HD 6.6L LB7 Duramax 2001–2004, 2WD",Transmission / gearbox,BD Diesel Performance,1,4051,"BD Diesel Roadmaster Transmission & Converter Package Allison 1000 Chevrolet Silverado & GMC Sierra 2500HD/3500HD 6.6L LB7 Duramax 2001–2004, 2WD — 1064852SS",2001–2004 Chevrolet Silverado 2500 HD and Silverado 3500; and 2001–2004 GMC Sierra 2500 HD and Sierra 3500 (6.6L),1064852SS,Refurbished,4165-4165,,not started,"Confirm: model, identification code and gear count; torque converter (auto) or clutch assembly (manual) included; flexplate or flywheel; TCM/TCU and wiring harness; valve body and control components; shifter and selector; sensors; mounts and crossmember; bellhousing/adapter; transfer-case compatibility; cooler and lines; fluid; programming or ECU/TCU integration; what must be bought separately.",,,,,,,,,Not requested,,,,
F143,1995–1997 Ford 7.3L Power Stroke OBS E4OD Transmission & Torque Converter Package,Transmission / gearbox,BD Diesel,1,2137,1995–1997 Ford 7.3L Power Stroke OBS E4OD Transmission & Torque Converter Package — BD Diesel,7.3L Power Stroke diesel,106442XSM,Refurbished,4165-4165,E4OD transmission; Matched torque converter,not started,"Confirm: model, identification code and gear count; torque converter (auto) or clutch assembly (manual) included; flexplate or flywheel; TCM/TCU and wiring harness; valve body and control components; shifter and selector; sensors; mounts and crossmember; bellhousing/adapter; transfer-case compatibility; cooler and lines; fluid; programming or ECU/TCU integration; what must be bought separately.",,,,,,,,,Not requested,,,,
F144,BD Diesel TowMaster Allison 1000 Transmission,Transmission / gearbox,BD Diesel Performance,6,2711 2770 2773 2776 2783 2788,BD Diesel TowMaster Allison 1000 Transmission — Chevy Allison 1000 - 2006–2007 LBZ 6-speed 4WD — 1064734,Chevy Allison 1000 - 2006–2007 LBZ 6-speed 4WD | Allison 1000 Chevrolet Silverado & GMC Sierra 2500HD/3500HD 6.6L LML Duramax 2011–2016 4WD | Chevy Allison 1000 - 2007–2010 LMM 4WD | Chevy Allison 1000 - 2007–2010 LMM 2WD,1064734 | 1064754 | 1064744 | 1064742 | 1064724 | 1064704,Refurbished,3865-4095,,not started,"Confirm: model, identification code and gear count; torque converter (auto) or clutch assembly (manual) included; flexplate or flywheel; TCM/TCU and wiring harness; valve body and control components; shifter and selector; sensors; mounts and crossmember; bellhousing/adapter; transfer-case compatibility; cooler and lines; fluid; programming or ECU/TCU integration; what must be bought separately.",,,,,,,,,Not requested,,,,
F145,BMW M57 Diesel Inline-6 Engine,Engine / swap assembly,BMW,1,44,BMW M57 Diesel Inline-6 Engine,,,Brand New,4080-4080,Complete long block assembly; Turbocharger; Diesel injectors; Intake & exhaust manifolds; Factory sensors installed,not started,"Confirm: engine identification; ECU/PCM and wiring harness included (y/n); sensors, connectors, control modules; intake manifold and throttle body; fuel injectors, rails, pumps and regulators; ignition coils and plugs; forced-induction parts (intercooler, piping, bypass valves, boost control); accessory drive, alternator, starter; oil pan and pump, water pump; exhaust manifolds or headers; calibration or tuning supplied; immobilizer/security needs; what must be bought separately and what is vehicle-specific.",,,,,,,,,Not requested,,,,
F146,Honda K24 Performance Engine,Engine / swap assembly,Honda,1,43,Honda K24 Performance Engine,,,Brand New,4080-4080,Complete long block assembly; Intake manifold; Fuel injectors; Factory sensors installed,not started,"Confirm: engine identification; ECU/PCM and wiring harness included (y/n); sensors, connectors, control modules; intake manifold and throttle body; fuel injectors, rails, pumps and regulators; ignition coils and plugs; forced-induction parts (intercooler, piping, bypass valves, boost control); accessory drive, alternator, starter; oil pan and pump, water pump; exhaust manifolds or headers; calibration or tuning supplied; immobilizer/security needs; what must be bought separately and what is vehicle-specific.",,,,,,,,,Not requested,,,,
F147,ZF 8HP90 8-Speed Automatic Transmission,Transmission / gearbox,zf,1,1945,ZF 8HP90 8-Speed Automatic Transmission — Dodge Challenger / Charger SRT Hellcat,,68283000AB,Brand New,4080-4080,,not started,"Confirm: model, identification code and gear count; torque converter (auto) or clutch assembly (manual) included; flexplate or flywheel; TCM/TCU and wiring harness; valve body and control components; shifter and selector; sensors; mounts and crossmember; bellhousing/adapter; transfer-case compatibility; cooler and lines; fluid; programming or ECU/TCU integration; what must be bought separately.",,,,,,,,,Not requested,,,,
F148,BD Diesel Roadmaster 68RFE Transmission,Transmission / gearbox,BD Diesel Performance,2,2726 2806,BD Diesel Roadmaster 68RFE Transmission — Dodge 68RFE 2007.5-2018 4WD — 1064224,Dodge 68RFE 2007.5-2018 | RAM 68RFE RAM 6.7L Cummins 2019–2024,1064224 | 1064304,Refurbished,4075-4075,,not started,"Confirm: model, identification code and gear count; torque converter (auto) or clutch assembly (manual) included; flexplate or flywheel; TCM/TCU and wiring harness; valve body and control components; shifter and selector; sensors; mounts and crossmember; bellhousing/adapter; transfer-case compatibility; cooler and lines; fluid; programming or ECU/TCU integration; what must be bought separately.",,,,,,,,,Not requested,,,,
F149,BMW N54 Twin Turbo Engine,Engine / swap assembly,BMW,1,1,BMW N54 Twin Turbo Engine,,,Brand New,4030-4030,Complete long block assembly; Factory twin turbochargers; Fuel injectors & high-pressure fuel pump (HPFP); Intake & exhaust manifolds; Factory sensors installed,not started,"Confirm: engine identification; ECU/PCM and wiring harness included (y/n); sensors, connectors, control modules; intake manifold and throttle body; fuel injectors, rails, pumps and regulators; ignition coils and plugs; forced-induction parts (intercooler, piping, bypass valves, boost control); accessory drive, alternator, starter; oil pan and pump, water pump; exhaust manifolds or headers; calibration or tuning supplied; immobilizer/security needs; what must be bought separately and what is vehicle-specific.",,,,,,,,,Not requested,,,,
F150,BD Diesel Roadmaster Transmission & Converter Package,Transmission / gearbox,BD Diesel Performance,1,2757,BD Diesel Roadmaster Transmission & Converter Package — Allison GMC/chevy Sierra/silverado 2500HD/3500HD 6.6L Duramax — 1064774SS,Allison GMC/chevy Sierra/silverado 2500HD/3500HD 6.6L Duramax 2004.5-2006 4WD,1064774SS,Refurbished,3975-3975,transmission; BD torque converter,not started,"Confirm: model, identification code and gear count; torque converter (auto) or clutch assembly (manual) included; flexplate or flywheel; TCM/TCU and wiring harness; valve body and control components; shifter and selector; sensors; mounts and crossmember; bellhousing/adapter; transfer-case compatibility; cooler and lines; fluid; programming or ECU/TCU integration; what must be bought separately.",,,,,,,,,Not requested,,,,
F151,"BD Diesel RoadMaster Dodge 68RFE Transmission 2007.5-2018, 2WD",Transmission / gearbox,BD Diesel Performance,1,4125,"BD Diesel RoadMaster Dodge 68RFE Transmission 2007.5-2018, 2WD — 1064222",2007–2018 Dodge / Ram 2500 and 3500 (6.7L),1064222,Refurbished,3955-3955,,not started,"Confirm: model, identification code and gear count; torque converter (auto) or clutch assembly (manual) included; flexplate or flywheel; TCM/TCU and wiring harness; valve body and control components; shifter and selector; sensors; mounts and crossmember; bellhousing/adapter; transfer-case compatibility; cooler and lines; fluid; programming or ECU/TCU integration; what must be bought separately.",,,,,,,,,Not requested,,,,
F152,"BD Diesel Roadmaster RAM 68RFE Transmission RAM 6.7L Cummins 2019–2024, 2WD",Transmission / gearbox,BD Diesel Performance,1,4226,"BD Diesel Roadmaster RAM 68RFE Transmission RAM 6.7L Cummins 2019–2024, 2WD — 1064302",2019–2024 Dodge / Ram 2500 and 3500 (6.7L),1064302,Refurbished,3955-3955,,not started,"Confirm: model, identification code and gear count; torque converter (auto) or clutch assembly (manual) included; flexplate or flywheel; TCM/TCU and wiring harness; valve body and control components; shifter and selector; sensors; mounts and crossmember; bellhousing/adapter; transfer-case compatibility; cooler and lines; fluid; programming or ECU/TCU integration; what must be bought separately.",,,,,,,,,Not requested,,,,
F153,BD Diesel Roadmaster 48RE Transmission & Converter Package,Transmission / gearbox,BD Diesel Performance,2,2734 2764,BD Diesel Roadmaster 48RE Transmission & Converter Package — Dodge 48RE 2003–2004 4WD — 1064144SS,Dodge 48RE 2003–2004 | Dodge 48RE 2005–2007,1064144SS | 1064204SS,Refurbished,3930-3930,48RE transmission; BD torque converter,not started,"Confirm: model, identification code and gear count; torque converter (auto) or clutch assembly (manual) included; flexplate or flywheel; TCM/TCU and wiring harness; valve body and control components; shifter and selector; sensors; mounts and crossmember; bellhousing/adapter; transfer-case compatibility; cooler and lines; fluid; programming or ECU/TCU integration; what must be bought separately.",,,,,,,,,Not requested,,,,
F154,"BD Diesel Roadmaster Dodge 48RE Transmission & Converter Package 2003–2004, 2WD",Transmission / gearbox,BD Diesel Performance,2,4133 4193,"BD Diesel Roadmaster Dodge 48RE Transmission & Converter Package 2003–2004, 2WD — 1064142SS",2003–2004 Dodge / Ram 2500 and 3500 (5.9L) | 2005–2007 Dodge / Ram 2500 and 3500 (5.9L),1064142SS | 1064202SS,Refurbished,3930-3930,,not started,"Confirm: model, identification code and gear count; torque converter (auto) or clutch assembly (manual) included; flexplate or flywheel; TCM/TCU and wiring harness; valve body and control components; shifter and selector; sensors; mounts and crossmember; bellhousing/adapter; transfer-case compatibility; cooler and lines; fluid; programming or ECU/TCU integration; what must be bought separately.",,,,,,,,,Not requested,,,,
F155,"BD Diesel Roadmaster Transmission & Converter Package Allison 1000 Chevrolet Silverado & GMC Sierra 2500HD/3500HD 6.6L LML Duramax 2011–2016, 2WD",Transmission / gearbox,BD Diesel Performance,1,4049,"BD Diesel Roadmaster Transmission & Converter Package Allison 1000 Chevrolet Silverado & GMC Sierra 2500HD/3500HD 6.6L LML Duramax 2011–2016, 2WD — 1064882SS",2011–2016 Chevrolet Silverado 2500 HD and Silverado 3500 HD; and 2011–2016 GMC Sierra 2500 HD and Sierra 3500 HD (6.6L),1064882SS,Refurbished,3910-3910,,not started,"Confirm: model, identification code and gear count; torque converter (auto) or clutch assembly (manual) included; flexplate or flywheel; TCM/TCU and wiring harness; valve body and control components; shifter and selector; sensors; mounts and crossmember; bellhousing/adapter; transfer-case compatibility; cooler and lines; fluid; programming or ECU/TCU integration; what must be bought separately.",,,,,,,,,Not requested,,,,
F156,"BD Diesel Roadmaster Transmission & Converter Package Allison 1000 Chevrolet Silverado / GMC Sierra 6.6L L5P Duramax 2017–2019, 2WD",Transmission / gearbox,BD Diesel Performance,1,4052,"BD Diesel Roadmaster Transmission & Converter Package Allison 1000 Chevrolet Silverado / GMC Sierra 6.6L L5P Duramax 2017–2019, 2WD — 1064792SS",2017–2019 Chevrolet Silverado 2500 HD and Silverado 3500 HD; and 2017–2019 GMC Sierra 2500 HD and Sierra 3500 HD (6.6L),1064792SS,Refurbished,3910-3910,,not started,"Confirm: model, identification code and gear count; torque converter (auto) or clutch assembly (manual) included; flexplate or flywheel; TCM/TCU and wiring harness; valve body and control components; shifter and selector; sensors; mounts and crossmember; bellhousing/adapter; transfer-case compatibility; cooler and lines; fluid; programming or ECU/TCU integration; what must be bought separately.",,,,,,,,,Not requested,,,,
F157,"GM / Allison 10L1000 10-Speed Automatic Transmission, Remanufactured",Transmission / gearbox,allison,1,1958,"GM / Allison 10L1000 10-Speed Automatic Transmission, Remanufactured — Silverado / Sierra 2500HD–3500HD 6.6L L5P (2020–2023)",,,Refurbished,3910-3910,,not started,"Confirm: model, identification code and gear count; torque converter (auto) or clutch assembly (manual) included; flexplate or flywheel; TCM/TCU and wiring harness; valve body and control components; shifter and selector; sensors; mounts and crossmember; bellhousing/adapter; transfer-case compatibility; cooler and lines; fluid; programming or ECU/TCU integration; what must be bought separately.",,,,,,,,,Not requested,,,,
F158,BD Diesel TowMaster 4R100 Transmission,Transmission / gearbox,BD Diesel Performance,2,2803 2804,BD Diesel TowMaster 4R100 Transmission — Ford 4R100 - 1999–2003 4WD — 1064444F,Ford 4R100 - 1999–2003 4WD | Ford 4R100 - 1999–2003 2WD PTO,1064444F | 1064442FPTO,Refurbished,3565-3895,,not started,"Confirm: model, identification code and gear count; torque converter (auto) or clutch assembly (manual) included; flexplate or flywheel; TCM/TCU and wiring harness; valve body and control components; shifter and selector; sensors; mounts and crossmember; bellhousing/adapter; transfer-case compatibility; cooler and lines; fluid; programming or ECU/TCU integration; what must be bought separately.",,,,,,,,,Not requested,,,,
F159,"BD Diesel Roadmaster Transmission & Converter Package 10r80 Ford F-150 2.7L/3.5L EcoBoost & Raptor 2017, 2WD",Transmission / gearbox,BD Diesel Performance,1,4109,"BD Diesel Roadmaster Transmission & Converter Package 10r80 Ford F-150 2.7L/3.5L EcoBoost & Raptor 2017, 2WD — 1064692SS","2017 Ford F-150 (2.7L, 3.5L)",1064692SS,Refurbished,3895-3895,,not started,"Confirm: model, identification code and gear count; torque converter (auto) or clutch assembly (manual) included; flexplate or flywheel; TCM/TCU and wiring harness; valve body and control components; shifter and selector; sensors; mounts and crossmember; bellhousing/adapter; transfer-case compatibility; cooler and lines; fluid; programming or ECU/TCU integration; what must be bought separately.",,,,,,,,,Not requested,,,,
F160,BD Diesel Roadmaster 47RE Transmission & Converter Package,Transmission / gearbox,BD Diesel Performance,3,2753 2754 2755,BD Diesel Roadmaster 47RE Transmission & Converter Package — Dodge RAM 2500/3500 5.9L Cummins 2000–2002 4WD — 1064994SS,47RE Dodge RAM 2500/3500 5.9L Cummins 2000–2002 | 47RE Dodge RAM 2500/3500 5.9L Cummins 1998.5-1999 | 47RE Dodge RAM 2500/3500 5.9L Cummins 1996–1998,1064994SS | 1064984SS | 1064974SS,Refurbished,3845-3845,47RE transmission; BD torque converter,not started,"Confirm: model, identification code and gear count; torque converter (auto) or clutch assembly (manual) included; flexplate or flywheel; TCM/TCU and wiring harness; valve body and control components; shifter and selector; sensors; mounts and crossmember; bellhousing/adapter; transfer-case compatibility; cooler and lines; fluid; programming or ECU/TCU integration; what must be bought separately.",,,,,,,,,Not requested,,,,
F161,"BD Diesel Roadmaster Transmission & Converter Package 47RE Dodge RAM 2500/3500 5.9L Cummins 2000–2002, 2WD",Transmission / gearbox,BD Diesel Performance,2,4182 4184,"BD Diesel Roadmaster Transmission & Converter Package 47RE Dodge RAM 2500/3500 5.9L Cummins 2000–2002, 2WD — 1064992SS",2000–2002 Dodge / Ram 2500 and 3500 (5.9L) | 1996–1998 Dodge / Ram 2500 and 3500 (5.9L),1064992SS | 1064972SS,Refurbished,3845-3845,,not started,"Confirm: model, identification code and gear count; torque converter (auto) or clutch assembly (manual) included; flexplate or flywheel; TCM/TCU and wiring harness; valve body and control components; shifter and selector; sensors; mounts and crossmember; bellhousing/adapter; transfer-case compatibility; cooler and lines; fluid; programming or ECU/TCU integration; what must be bought separately.",,,,,,,,,Not requested,,,,
F162,"BD Diesel Roadmaster Transmission & Converter Package 47RE Dodge RAM 2500/3500 5.9L Cummins 1998.5-1999, 2WD",Transmission / gearbox,BD Diesel Performance,1,4183,"BD Diesel Roadmaster Transmission & Converter Package 47RE Dodge RAM 2500/3500 5.9L Cummins 1998.5-1999, 2WD — 1064982SS",1998–1999 Dodge / Ram 2500 and 3500 (5.9L),1064982SS,Refurbished,3845-3845,,not started,"Confirm: model, identification code and gear count; torque converter (auto) or clutch assembly (manual) included; flexplate or flywheel; TCM/TCU and wiring harness; valve body and control components; shifter and selector; sensors; mounts and crossmember; bellhousing/adapter; transfer-case compatibility; cooler and lines; fluid; programming or ECU/TCU integration; what must be bought separately.",,,,,,,,,Not requested,,,,
F163,ZF 8HP90 Automatic Transmission for RAM 1500 TRX,Transmission / gearbox,ZF,1,82,ZF 8HP90 Automatic Transmission for RAM 1500 TRX,,,Brand New,3825-3825,Complete 8-speed automatic transmission; Torque converter; Valve body / mechatronics,not started,"Confirm: model, identification code and gear count; torque converter (auto) or clutch assembly (manual) included; flexplate or flywheel; TCM/TCU and wiring harness; valve body and control components; shifter and selector; sensors; mounts and crossmember; bellhousing/adapter; transfer-case compatibility; cooler and lines; fluid; programming or ECU/TCU integration; what must be bought separately.",,,,,,,,,Not requested,,,,
F164,Nissan SR20DET Turbo Engine,Engine / swap assembly,Nissan,1,41,Nissan SR20DET Turbo Engine,,,Brand New,3825-3825,Complete long block assembly; Turbocharger; Intake & exhaust manifolds; Fuel injectors; Factory sensors installed,not started,"Confirm: engine identification; ECU/PCM and wiring harness included (y/n); sensors, connectors, control modules; intake manifold and throttle body; fuel injectors, rails, pumps and regulators; ignition coils and plugs; forced-induction parts (intercooler, piping, bypass valves, boost control); accessory drive, alternator, starter; oil pan and pump, water pump; exhaust manifolds or headers; calibration or tuning supplied; immobilizer/security needs; what must be bought separately and what is vehicle-specific.",,,,,,,,,Not requested,,,,
F165,Chevrolet LV3 4.3L V6 + 6L80 Drivetrain Package,Engine / swap assembly,chevrolet,1,191,Chevrolet LV3 4.3L V6 + 6L80 Drivetrain Package,,,Brand New,3825-3825,,not started,"Confirm: engine identification; ECU/PCM and wiring harness included (y/n); sensors, connectors, control modules; intake manifold and throttle body; fuel injectors, rails, pumps and regulators; ignition coils and plugs; forced-induction parts (intercooler, piping, bypass valves, boost control); accessory drive, alternator, starter; oil pan and pump, water pump; exhaust manifolds or headers; calibration or tuning supplied; immobilizer/security needs; what must be bought separately and what is vehicle-specific.",,,,,,,,,Not requested,,,,
F166,BD Diesel Roadmaster 5R110 Transmission & Converter Package,Transmission / gearbox,BD Diesel Performance,3,2749 2750 2751,BD Diesel Roadmaster 5R110 Transmission & Converter Package — Ford 6.4L Power Stroke F-250/F-350 2008–2010 — 1064652SM,5R110 Ford 6.4L Power Stroke F-250/F-350 2008–2010 | 5R110 Ford 6.0L Power Stroke F-250/F-350 2005–2007 | 5R110 Ford 6.0L Power Stroke F-250/F-350 2003–2004,1064652SM | 1064642SM | 1064632SM,Refurbished,3470-3820,5R110 transmission; BD torque converter,not started,"Confirm: model, identification code and gear count; torque converter (auto) or clutch assembly (manual) included; flexplate or flywheel; TCM/TCU and wiring harness; valve body and control components; shifter and selector; sensors; mounts and crossmember; bellhousing/adapter; transfer-case compatibility; cooler and lines; fluid; programming or ECU/TCU integration; what must be bought separately.",,,,,,,,,Not requested,,,,
F167,"BD Diesel Roadmaster Transmission & Converter Package 10r80 Ford F-150 3.0L Power Stroke Diesel 2018–2020, 2WD",Transmission / gearbox,BD Diesel Performance,2,4112 4113,"BD Diesel Roadmaster Transmission & Converter Package 10r80 Ford F-150 3.0L Power Stroke Diesel 2018–2020, 2WD — 1064602SS",2018–2020 Ford F-150 (3.0L) | 2021 Ford F-150 (3.0L),1064602SS | 1064572SS,Refurbished,3820-3820,,not started,"Confirm: model, identification code and gear count; torque converter (auto) or clutch assembly (manual) included; flexplate or flywheel; TCM/TCU and wiring harness; valve body and control components; shifter and selector; sensors; mounts and crossmember; bellhousing/adapter; transfer-case compatibility; cooler and lines; fluid; programming or ECU/TCU integration; what must be bought separately.",,,,,,,,,Not requested,,,,
F168,BD Diesel TowMaster 47RE Transmission,Transmission / gearbox,BD Diesel Performance,1,2731,BD Diesel TowMaster 47RE Transmission — Dodge 47RE 2000–2002 4WD — 1064184F,Dodge 47RE 2000–2002,1064184F,Refurbished,3760-3760,,not started,"Confirm: model, identification code and gear count; torque converter (auto) or clutch assembly (manual) included; flexplate or flywheel; TCM/TCU and wiring harness; valve body and control components; shifter and selector; sensors; mounts and crossmember; bellhousing/adapter; transfer-case compatibility; cooler and lines; fluid; programming or ECU/TCU integration; what must be bought separately.",,,,,,,,,Not requested,,,,
F169,"BD Diesel Roadmaster Transmission & Converter Package Allison 1000 Chevrolet Silverado & GMC Sierra 2500HD/3500HD 6.6L LBZ Duramax 2006–2007, 2WD",Transmission / gearbox,BD Diesel Performance,1,4050,"BD Diesel Roadmaster Transmission & Converter Package Allison 1000 Chevrolet Silverado & GMC Sierra 2500HD/3500HD 6.6L LBZ Duramax 2006–2007, 2WD — 1064862SS",2006–2007 Chevrolet Silverado 2500 HD; 2006 Chevrolet Silverado 3500; 2006–2007 GMC Sierra 2500 HD; 2006 GMC Sierra 3500; 2007 Chevrolet Silverado 3500 HD; and 2007 GMC Sierra 3500 HD (6.6L),1064862SS,Refurbished,3740-3740,,not started,"Confirm: model, identification code and gear count; torque converter (auto) or clutch assembly (manual) included; flexplate or flywheel; TCM/TCU and wiring harness; valve body and control components; shifter and selector; sensors; mounts and crossmember; bellhousing/adapter; transfer-case compatibility; cooler and lines; fluid; programming or ECU/TCU integration; what must be bought separately.",,,,,,,,,Not requested,,,,
F170,"BD Diesel TowMaster Dodge 48RE Transmission 2003–2004, 2WD",Transmission / gearbox,BD Diesel Performance,1,4173,"BD Diesel TowMaster Dodge 48RE Transmission 2003–2004, 2WD — 1064192F",2003–2004 Dodge / Ram 2500 and 3500 (5.9L),1064192F,Refurbished,3675-3675,,not started,"Confirm: model, identification code and gear count; torque converter (auto) or clutch assembly (manual) included; flexplate or flywheel; TCM/TCU and wiring harness; valve body and control components; shifter and selector; sensors; mounts and crossmember; bellhousing/adapter; transfer-case compatibility; cooler and lines; fluid; programming or ECU/TCU integration; what must be bought separately.",,,,,,,,,Not requested,,,,
F171,BD Diesel Roadmaster E4OD Transmission & Converter Package,Transmission / gearbox,BD Diesel Performance,1,2758,BD Diesel Roadmaster E4OD Transmission & Converter Package — Ford F-250/F-350 7.3L Power Stroke 1995–1997 4WD — 1064074SS,E4OD Ford F-250/F-350 7.3L Power Stroke 1995–1997,1064074SS,Refurbished,3655-3655,E4OD transmission; BD torque converter,not started,"Confirm: model, identification code and gear count; torque converter (auto) or clutch assembly (manual) included; flexplate or flywheel; TCM/TCU and wiring harness; valve body and control components; shifter and selector; sensors; mounts and crossmember; bellhousing/adapter; transfer-case compatibility; cooler and lines; fluid; programming or ECU/TCU integration; what must be bought separately.",,,,,,,,,Not requested,,,,
F172,Honda K20 Performance Engine,Engine / swap assembly,Honda,1,42,Honda K20 Performance Engine,,,Brand New,3655-3655,Complete long block assembly; Intake manifold; Fuel injectors; Factory sensors installed,not started,"Confirm: engine identification; ECU/PCM and wiring harness included (y/n); sensors, connectors, control modules; intake manifold and throttle body; fuel injectors, rails, pumps and regulators; ignition coils and plugs; forced-induction parts (intercooler, piping, bypass valves, boost control); accessory drive, alternator, starter; oil pan and pump, water pump; exhaust manifolds or headers; calibration or tuning supplied; immobilizer/security needs; what must be bought separately and what is vehicle-specific.",,,,,,,,,Not requested,,,,
F173,Chevrolet L83 5.3L V8 Engine,Engine / swap assembly,chevrolet,1,188,Chevrolet L83 5.3L V8 Engine,,,Brand New,3655-3655,,not started,"Confirm: engine identification; ECU/PCM and wiring harness included (y/n); sensors, connectors, control modules; intake manifold and throttle body; fuel injectors, rails, pumps and regulators; ignition coils and plugs; forced-induction parts (intercooler, piping, bypass valves, boost control); accessory drive, alternator, starter; oil pan and pump, water pump; exhaust manifolds or headers; calibration or tuning supplied; immobilizer/security needs; what must be bought separately and what is vehicle-specific.",,,,,,,,,Not requested,,,,
F174,BD Diesel Roadmaster 4R100 Transmission & ProForce Converter,Transmission / gearbox,BD Diesel Performance,1,2208,BD Diesel Roadmaster 4R100 Transmission & ProForce Converter — 1999–2003 Ford 7.3L Power Stroke 4WD — 1064434SM,,1064434SM,Refurbished,3635-3635,4R100 transmission with remanufactured valve body; BD deep transmission pan; ProForce torque converter,not started,"Confirm: model, identification code and gear count; torque converter (auto) or clutch assembly (manual) included; flexplate or flywheel; TCM/TCU and wiring harness; valve body and control components; shifter and selector; sensors; mounts and crossmember; bellhousing/adapter; transfer-case compatibility; cooler and lines; fluid; programming or ECU/TCU integration; what must be bought separately.",,,,,,,,,Not requested,,,,
F175,"BD Diesel Roadmaster Transmission & Converter Package E4OD Ford F-250/F-350 7.3L Power Stroke 1995–1997, 2WD",Transmission / gearbox,BD Diesel Performance,1,4190,"BD Diesel Roadmaster Transmission & Converter Package E4OD Ford F-250/F-350 7.3L Power Stroke 1995–1997, 2WD — 1064072SS",1995–1996 Ford F-250; 1995–1997 Ford F-350; and 1997 Ford F-250 HD (7.3L),1064072SS,Refurbished,3635-3635,,not started,"Confirm: model, identification code and gear count; torque converter (auto) or clutch assembly (manual) included; flexplate or flywheel; TCM/TCU and wiring harness; valve body and control components; shifter and selector; sensors; mounts and crossmember; bellhousing/adapter; transfer-case compatibility; cooler and lines; fluid; programming or ECU/TCU integration; what must be bought separately.",,,,,,,,,Not requested,,,,
F176,BD Diesel Roadmaster 4R100 Transmission,Transmission / gearbox,BD Diesel Performance,1,2763,BD Diesel Roadmaster 4R100 Transmission — & Pro Force Ford 7.3L Power Stroke 1999–2003 2WD — 1064432SM,4R100 & Pro Force Ford 7.3L Power Stroke 1999–2003 2WD,1064432SM,Refurbished,3615-3615,,not started,"Confirm: model, identification code and gear count; torque converter (auto) or clutch assembly (manual) included; flexplate or flywheel; TCM/TCU and wiring harness; valve body and control components; shifter and selector; sensors; mounts and crossmember; bellhousing/adapter; transfer-case compatibility; cooler and lines; fluid; programming or ECU/TCU integration; what must be bought separately.",,,,,,,,,Not requested,,,,
F177,BD Diesel TowMaster 47RH Transmission,Transmission / gearbox,BD Diesel Performance,1,2826,BD Diesel TowMaster 47RH Transmission — Dodge 47RH - 1994–1995 4WD — 1064154F,Dodge 47RH - 1994–1995 4WD,1064154F,Refurbished,3610-3610,,not started,"Confirm: model, identification code and gear count; torque converter (auto) or clutch assembly (manual) included; flexplate or flywheel; TCM/TCU and wiring harness; valve body and control components; shifter and selector; sensors; mounts and crossmember; bellhousing/adapter; transfer-case compatibility; cooler and lines; fluid; programming or ECU/TCU integration; what must be bought separately.",,,,,,,,,Not requested,,,,
F178,"BD Diesel TowMaster Dodge 48RE Transmission 2005–2007 w/TVV Stepper Motor, 2WD",Transmission / gearbox,BD Diesel Performance,1,4122,"BD Diesel TowMaster Dodge 48RE Transmission 2005–2007 w/TVV Stepper Motor, 2WD — 1064232F",2005–2007 Dodge / Ram 2500 and 3500 (5.9L),1064232F,Refurbished,3610-3610,,not started,"Confirm: model, identification code and gear count; torque converter (auto) or clutch assembly (manual) included; flexplate or flywheel; TCM/TCU and wiring harness; valve body and control components; shifter and selector; sensors; mounts and crossmember; bellhousing/adapter; transfer-case compatibility; cooler and lines; fluid; programming or ECU/TCU integration; what must be bought separately.",,,,,,,,,Not requested,,,,
F179,"BD Diesel TowMaster Dodge 47RE Transmission 2000–2002, 2WD",Transmission / gearbox,BD Diesel Performance,1,4130,"BD Diesel TowMaster Dodge 47RE Transmission 2000–2002, 2WD — 1064182F",2000–2002 Dodge / Ram 2500 and 3500 (5.9L),1064182F,Refurbished,3610-3610,,not started,"Confirm: model, identification code and gear count; torque converter (auto) or clutch assembly (manual) included; flexplate or flywheel; TCM/TCU and wiring harness; valve body and control components; shifter and selector; sensors; mounts and crossmember; bellhousing/adapter; transfer-case compatibility; cooler and lines; fluid; programming or ECU/TCU integration; what must be bought separately.",,,,,,,,,Not requested,,,,
F180,"GM 8L90 8-Speed Automatic Transmission, Remanufactured",Transmission / gearbox,gm,1,1967,"GM 8L90 8-Speed Automatic Transmission, Remanufactured — Chevrolet Corvette C7 (2015–2019)",,,Refurbished,3605-3605,,not started,"Confirm: model, identification code and gear count; torque converter (auto) or clutch assembly (manual) included; flexplate or flywheel; TCM/TCU and wiring harness; valve body and control components; shifter and selector; sensors; mounts and crossmember; bellhousing/adapter; transfer-case compatibility; cooler and lines; fluid; programming or ECU/TCU integration; what must be bought separately.",,,,,,,,,Not requested,,,,
F181,BD Diesel TowMaster E4OD Transmission,Transmission / gearbox,BD Diesel Performance,1,2719,BD Diesel TowMaster E4OD Transmission — Ford E4OD - 1995–1997 4WD — 1064424F,Ford E4OD - 1995–1997,1064424F,Refurbished,3595-3595,,not started,"Confirm: model, identification code and gear count; torque converter (auto) or clutch assembly (manual) included; flexplate or flywheel; TCM/TCU and wiring harness; valve body and control components; shifter and selector; sensors; mounts and crossmember; bellhousing/adapter; transfer-case compatibility; cooler and lines; fluid; programming or ECU/TCU integration; what must be bought separately.",,,,,,,,,Not requested,,,,
F182,Audi DQ500 DSG Transmission,Transmission / gearbox,Audi / VAG,1,80,Audi DQ500 DSG Transmission,,,Brand New,3570-3570,Complete DSG transmission assembly; Mechatronic unit; Dual-clutch pack,not started,"Confirm: model, identification code and gear count; torque converter (auto) or clutch assembly (manual) included; flexplate or flywheel; TCM/TCU and wiring harness; valve body and control components; shifter and selector; sensors; mounts and crossmember; bellhousing/adapter; transfer-case compatibility; cooler and lines; fluid; programming or ECU/TCU integration; what must be bought separately.",,,,,,,,,Not requested,,,,
F183,Getrag 6-Speed Manual Transmission,Transmission / gearbox,getrag,1,1949,Getrag 6-Speed Manual Transmission,,,Not yet confirmed,3570-3570,,not started,"Confirm: model, identification code and gear count; torque converter (auto) or clutch assembly (manual) included; flexplate or flywheel; TCM/TCU and wiring harness; valve body and control components; shifter and selector; sensors; mounts and crossmember; bellhousing/adapter; transfer-case compatibility; cooler and lines; fluid; programming or ECU/TCU integration; what must be bought separately.",,,,,,,,,Not requested,,,,
F184,"BD Diesel TowMaster Ford E4OD Transmission - 1995–1997, 2WD",Transmission / gearbox,BD Diesel Performance,1,4115,"BD Diesel TowMaster Ford E4OD Transmission - 1995–1997, 2WD — 1064422F",1995–1996 Ford F-250; 1995–1997 Ford F-350; and 1997 Ford F-250 HD (7.3L),1064422F,Refurbished,3470-3470,,not started,"Confirm: model, identification code and gear count; torque converter (auto) or clutch assembly (manual) included; flexplate or flywheel; TCM/TCU and wiring harness; valve body and control components; shifter and selector; sensors; mounts and crossmember; bellhousing/adapter; transfer-case compatibility; cooler and lines; fluid; programming or ECU/TCU integration; what must be bought separately.",,,,,,,,,Not requested,,,,
F185,Audi 2.0 TFSI EA888 Turbo Engine,Engine / swap assembly,Audi,1,54,Audi 2.0 TFSI EA888 Turbo Engine,,,Brand New,3400-3400,Complete long block assembly; Turbocharger; Fuel injectors & HPFP; Intake & exhaust manifolds; Factory sensors installed,not started,"Confirm: engine identification; ECU/PCM and wiring harness included (y/n); sensors, connectors, control modules; intake manifold and throttle body; fuel injectors, rails, pumps and regulators; ignition coils and plugs; forced-induction parts (intercooler, piping, bypass valves, boost control); accessory drive, alternator, starter; oil pan and pump, water pump; exhaust manifolds or headers; calibration or tuning supplied; immobilizer/security needs; what must be bought separately and what is vehicle-specific.",,,,,,,,,Not requested,,,,
F186,BD Diesel TowMaster 5R110 Transmission,Transmission / gearbox,BD Diesel Performance,3,2793 2796 2800,BD Diesel TowMaster 5R110 Transmission — Ford 5R110 - 2008–2010 6.4L Power Stroke 4WD — 1064494,Ford 5R110 - 2008–2010 6.4L Power Stroke 4WD | Ford 5R110 - 2005–2007 4WD | Ford 5R110 - 2003–2004 4WD,1064494 | 1064484 | 1064464,Refurbished,3345-3345,,not started,"Confirm: model, identification code and gear count; torque converter (auto) or clutch assembly (manual) included; flexplate or flywheel; TCM/TCU and wiring harness; valve body and control components; shifter and selector; sensors; mounts and crossmember; bellhousing/adapter; transfer-case compatibility; cooler and lines; fluid; programming or ECU/TCU integration; what must be bought separately.",,,,,,,,,Not requested,,,,
F187,Toyota 35000-WAA10 8-Speed Automatic Transmission,Transmission / gearbox,toyota,1,1946,Toyota 35000-WAA10 8-Speed Automatic Transmission — GR Supra (2020–2025),,35000-WAA10,Brand New,3315-3315,,not started,"Confirm: model, identification code and gear count; torque converter (auto) or clutch assembly (manual) included; flexplate or flywheel; TCM/TCU and wiring harness; valve body and control components; shifter and selector; sensors; mounts and crossmember; bellhousing/adapter; transfer-case compatibility; cooler and lines; fluid; programming or ECU/TCU integration; what must be bought separately.",,,,,,,,,Not requested,,,,
F188,BD Diesel Roadmaster 6L80 Transmission & Converter Package,Transmission / gearbox,BD Diesel Performance,1,2710,BD Diesel Roadmaster 6L80 Transmission & Converter Package — Chevy/GMC 1500 2014–2021 4WD — 1064844SS,6L80 Chevy/GMC 1500 2014–2021,1064844SS,Refurbished,3275-3275,6L80 transmission; BD torque converter,not started,"Confirm: model, identification code and gear count; torque converter (auto) or clutch assembly (manual) included; flexplate or flywheel; TCM/TCU and wiring harness; valve body and control components; shifter and selector; sensors; mounts and crossmember; bellhousing/adapter; transfer-case compatibility; cooler and lines; fluid; programming or ECU/TCU integration; what must be bought separately.",,,,,,,,,Not requested,,,,
F189,"BD Diesel Roadmaster 6L80 Transmission & Converter Package Chevy/GMC 1500 2014–2021, 2WD",Transmission / gearbox,BD Diesel Performance,1,4108,"BD Diesel Roadmaster 6L80 Transmission & Converter Package Chevy/GMC 1500 2014–2021, 2WD — 1064842SS","2014–2018 Chevrolet Silverado 1500, Suburban and Tahoe; 2014–2018 GMC Sierra 1500 and Yukon XL; and 2014–2017 GMC Yukon (5.3L)",1064842SS,Refurbished,3275-3275,,not started,"Confirm: model, identification code and gear count; torque converter (auto) or clutch assembly (manual) included; flexplate or flywheel; TCM/TCU and wiring harness; valve body and control components; shifter and selector; sensors; mounts and crossmember; bellhousing/adapter; transfer-case compatibility; cooler and lines; fluid; programming or ECU/TCU integration; what must be bought separately.",,,,,,,,,Not requested,,,,
F190,ZF 8HP70 Automatic Transmission for BMW 340i (F30),Transmission / gearbox,ZF,1,81,ZF 8HP70 Automatic Transmission for BMW 340i (F30),,,Brand New,3230-3230,Complete 8-speed automatic transmission; Torque converter; Valve body / mechatronics,not started,"Confirm: model, identification code and gear count; torque converter (auto) or clutch assembly (manual) included; flexplate or flywheel; TCM/TCU and wiring harness; valve body and control components; shifter and selector; sensors; mounts and crossmember; bellhousing/adapter; transfer-case compatibility; cooler and lines; fluid; programming or ECU/TCU integration; what must be bought separately.",,,,,,,,,Not requested,,,,
F191,Nissan 32010-JK41A 6-Speed Manual Transmission,Transmission / gearbox,nissan,1,1959,Nissan 32010-JK41A 6-Speed Manual Transmission,,32010-JK41A,Brand New,3230-3230,,not started,"Confirm: model, identification code and gear count; torque converter (auto) or clutch assembly (manual) included; flexplate or flywheel; TCM/TCU and wiring harness; valve body and control components; shifter and selector; sensors; mounts and crossmember; bellhousing/adapter; transfer-case compatibility; cooler and lines; fluid; programming or ECU/TCU integration; what must be bought separately.",,,,,,,,,Not requested,,,,
F192,Ford Performance 10R80 Automatic Transmission for Mustang GT,Transmission / gearbox,Ford,1,83,Ford Performance 10R80 Automatic Transmission for Mustang GT,,,Brand New,3060-3060,Complete 10-speed automatic transmission; Torque converter; Valve body,not started,"Confirm: model, identification code and gear count; torque converter (auto) or clutch assembly (manual) included; flexplate or flywheel; TCM/TCU and wiring harness; valve body and control components; shifter and selector; sensors; mounts and crossmember; bellhousing/adapter; transfer-case compatibility; cooler and lines; fluid; programming or ECU/TCU integration; what must be bought separately.",,,,,,,,,Not requested,,,,
F193,Toyota R154 Transmission,Transmission / gearbox,Toyota,1,88,Toyota R154 Transmission,,,Brand New,2975-2975,Complete 5-speed manual transmission assembly,not started,"Confirm: model, identification code and gear count; torque converter (auto) or clutch assembly (manual) included; flexplate or flywheel; TCM/TCU and wiring harness; valve body and control components; shifter and selector; sensors; mounts and crossmember; bellhousing/adapter; transfer-case compatibility; cooler and lines; fluid; programming or ECU/TCU integration; what must be bought separately.",,,,,,,,,Not requested,,,,
F194,Tremec Magnum 6-Speed Transmission for Ford Mustang S550,Transmission / gearbox,Tremec,1,92,Tremec Magnum 6-Speed Transmission for Ford Mustang S550,,,Brand New,2805-2805,Complete 6-speed manual transmission assembly,not started,"Confirm: model, identification code and gear count; torque converter (auto) or clutch assembly (manual) included; flexplate or flywheel; TCM/TCU and wiring harness; valve body and control components; shifter and selector; sensors; mounts and crossmember; bellhousing/adapter; transfer-case compatibility; cooler and lines; fluid; programming or ECU/TCU integration; what must be bought separately.",,,,,,,,,Not requested,,,,
F195,Mercedes 722.9 Transmission,Transmission / gearbox,Mercedes-Benz,1,86,Mercedes 722.9 Transmission,,,Brand New,2720-2720,Complete 7-speed automatic transmission; Torque converter; Conductor plate / valve body,not started,"Confirm: model, identification code and gear count; torque converter (auto) or clutch assembly (manual) included; flexplate or flywheel; TCM/TCU and wiring harness; valve body and control components; shifter and selector; sensors; mounts and crossmember; bellhousing/adapter; transfer-case compatibility; cooler and lines; fluid; programming or ECU/TCU integration; what must be bought separately.",,,,,,,,,Not requested,,,,
F196,Toyota SU003-10764 6-Speed Manual Transmission (TL701V8ACA),Transmission / gearbox,toyota,1,1961,Toyota SU003-10764 6-Speed Manual Transmission (TL701V8ACA) — GR86 (2022–2024),,SU003-10764,Brand New,2720-2720,,not started,"Confirm: model, identification code and gear count; torque converter (auto) or clutch assembly (manual) included; flexplate or flywheel; TCM/TCU and wiring harness; valve body and control components; shifter and selector; sensors; mounts and crossmember; bellhousing/adapter; transfer-case compatibility; cooler and lines; fluid; programming or ECU/TCU integration; what must be bought separately.",,,,,,,,,Not requested,,,,
F197,Tremec TR-6060 6-Speed Transmission for Chevrolet Camaro SS,Transmission / gearbox,Tremec,1,93,Tremec TR-6060 6-Speed Transmission for Chevrolet Camaro SS,,,Brand New,2635-2635,Complete 6-speed manual transmission assembly,not started,"Confirm: model, identification code and gear count; torque converter (auto) or clutch assembly (manual) included; flexplate or flywheel; TCM/TCU and wiring harness; valve body and control components; shifter and selector; sensors; mounts and crossmember; bellhousing/adapter; transfer-case compatibility; cooler and lines; fluid; programming or ECU/TCU integration; what must be bought separately.",,,,,,,,,Not requested,,,,
F198,Toyota 35000-0K130 AC60F 6-Speed Automatic Transmission,Transmission / gearbox,toyota,2,1953 1963,Toyota 35000-0K130 AC60F 6-Speed Automatic Transmission — Hilux 2.8L Diesel (2016+),,35000-0K130,Brand New,2465-2635,,not started,"Confirm: model, identification code and gear count; torque converter (auto) or clutch assembly (manual) included; flexplate or flywheel; TCM/TCU and wiring harness; valve body and control components; shifter and selector; sensors; mounts and crossmember; bellhousing/adapter; transfer-case compatibility; cooler and lines; fluid; programming or ECU/TCU integration; what must be bought separately.",,,,,,,,,Not requested,,,,
F199,1996–1997 Ford 7.3L Power Stroke OBS ZF S5-47 5-Speed Manual Transmission 4x4,Transmission / gearbox,zumbrota,1,2140,1996–1997 Ford 7.3L Power Stroke OBS ZF S5-47 5-Speed Manual Transmission 4x4 — Remanufactured,7.3L Power Stroke diesel,RMTS5-47-6,Refurbished,2550-2550,,not started,"Confirm: model, identification code and gear count; torque converter (auto) or clutch assembly (manual) included; flexplate or flywheel; TCM/TCU and wiring harness; valve body and control components; shifter and selector; sensors; mounts and crossmember; bellhousing/adapter; transfer-case compatibility; cooler and lines; fluid; programming or ECU/TCU integration; what must be bought separately.",,,,,,,,,Not requested,,,,
F200,Nissan CD009 6-Speed Manual Transmission for Nissan 350Z,Transmission / gearbox,Nissan,1,87,Nissan CD009 6-Speed Manual Transmission for Nissan 350Z,,,Brand New,2465-2465,Complete 6-speed manual transmission assembly,not started,"Confirm: model, identification code and gear count; torque converter (auto) or clutch assembly (manual) included; flexplate or flywheel; TCM/TCU and wiring harness; valve body and control components; shifter and selector; sensors; mounts and crossmember; bellhousing/adapter; transfer-case compatibility; cooler and lines; fluid; programming or ECU/TCU integration; what must be bought separately.",,,,,,,,,Not requested,,,,
F201,Ford MT82-D4 6-Speed Manual Transmission,Transmission / gearbox,ford,1,1964,Ford MT82-D4 6-Speed Manual Transmission — Mustang GT 5.0L (2018–2023),,,Brand New,2400-2400,,not started,"Confirm: model, identification code and gear count; torque converter (auto) or clutch assembly (manual) included; flexplate or flywheel; TCM/TCU and wiring harness; valve body and control components; shifter and selector; sensors; mounts and crossmember; bellhousing/adapter; transfer-case compatibility; cooler and lines; fluid; programming or ECU/TCU integration; what must be bought separately.",,,,,,,,,Not requested,,,,
F202,"Aisin AWR6B45 6-Speed Automatic Transmission for Isuzu D-Max / MU-X (2012–2020, 3.0L Diesel)",Transmission / gearbox,aisin,1,1955,"Aisin AWR6B45 6-Speed Automatic Transmission for Isuzu D-Max / MU-X (2012–2020, 3.0L Diesel)",,,Not yet confirmed,2380-2380,,not started,"Confirm: model, identification code and gear count; torque converter (auto) or clutch assembly (manual) included; flexplate or flywheel; TCM/TCU and wiring harness; valve body and control components; shifter and selector; sensors; mounts and crossmember; bellhousing/adapter; transfer-case compatibility; cooler and lines; fluid; programming or ECU/TCU integration; what must be bought separately.",,,,,,,,,Not requested,,,,
F203,Ford 10R80 10-Speed Automatic Transmission,Transmission / gearbox,ford,1,1965,Ford 10R80 10-Speed Automatic Transmission — Ranger 2.3L EcoBoost (2019–2023),,,Brand New,2280-2280,,not started,"Confirm: model, identification code and gear count; torque converter (auto) or clutch assembly (manual) included; flexplate or flywheel; TCM/TCU and wiring harness; valve body and control components; shifter and selector; sensors; mounts and crossmember; bellhousing/adapter; transfer-case compatibility; cooler and lines; fluid; programming or ECU/TCU integration; what must be bought separately.",,,,,,,,,Not requested,,,,
F204,Tremec T56 Magnum XL 6-Speed Manual Transmission Kit (700 lb-ft),Transmission / gearbox,tremec,1,1948,Tremec T56 Magnum XL 6-Speed Manual Transmission Kit (700 lb-ft),,,Brand New,2275-2275,,not started,"Confirm: model, identification code and gear count; torque converter (auto) or clutch assembly (manual) included; flexplate or flywheel; TCM/TCU and wiring harness; valve body and control components; shifter and selector; sensors; mounts and crossmember; bellhousing/adapter; transfer-case compatibility; cooler and lines; fluid; programming or ECU/TCU integration; what must be bought separately.",,,,,,,,,Not requested,,,,
F205,GM 6L80 Transmission,Transmission / gearbox,GM,1,85,GM 6L80 Transmission,,,Brand New,2210-2210,Complete 6-speed automatic transmission; Torque converter; Valve body,not started,"Confirm: model, identification code and gear count; torque converter (auto) or clutch assembly (manual) included; flexplate or flywheel; TCM/TCU and wiring harness; valve body and control components; shifter and selector; sensors; mounts and crossmember; bellhousing/adapter; transfer-case compatibility; cooler and lines; fluid; programming or ECU/TCU integration; what must be bought separately.",,,,,,,,,Not requested,,,,
F206,Toyota A750F 5-Speed Automatic Transmission (35000-60D90),Transmission / gearbox,toyota,1,1962,Toyota A750F 5-Speed Automatic Transmission (35000-60D90) — Land Cruiser Prado 150 4.0L (2009–2015),,35000-60D90,Brand New,2155-2155,,not started,"Confirm: model, identification code and gear count; torque converter (auto) or clutch assembly (manual) included; flexplate or flywheel; TCM/TCU and wiring harness; valve body and control components; shifter and selector; sensors; mounts and crossmember; bellhousing/adapter; transfer-case compatibility; cooler and lines; fluid; programming or ECU/TCU integration; what must be bought separately.",,,,,,,,,Not requested,,,,
F207,Hino FD500 Complete Gearbox (Casting 33111-2271),Transmission / gearbox,hino,1,2100,Hino FD500 Complete Gearbox (Casting 33111-2271),,,Refurbished,2085-2085,,not started,"Confirm: model, identification code and gear count; torque converter (auto) or clutch assembly (manual) included; flexplate or flywheel; TCM/TCU and wiring harness; valve body and control components; shifter and selector; sensors; mounts and crossmember; bellhousing/adapter; transfer-case compatibility; cooler and lines; fluid; programming or ECU/TCU integration; what must be bought separately.",,,,,,,,,Not requested,,,,
F208,GM 4L80E Transmission,Transmission / gearbox,GM,1,84,GM 4L80E Transmission,,,Brand New,2040-2040,Complete 4-speed automatic transmission; Torque converter,not started,"Confirm: model, identification code and gear count; torque converter (auto) or clutch assembly (manual) included; flexplate or flywheel; TCM/TCU and wiring harness; valve body and control components; shifter and selector; sensors; mounts and crossmember; bellhousing/adapter; transfer-case compatibility; cooler and lines; fluid; programming or ECU/TCU integration; what must be bought separately.",,,,,,,,,Not requested,,,,
F209,Toyota 33030-35A22 6-Speed Manual Transmission (RA60),Transmission / gearbox,toyota,1,1952,Toyota 33030-35A22 6-Speed Manual Transmission (RA60) — Tacoma (2005–2016),,33030-35A22,Brand New,2040-2040,,not started,"Confirm: model, identification code and gear count; torque converter (auto) or clutch assembly (manual) included; flexplate or flywheel; TCM/TCU and wiring harness; valve body and control components; shifter and selector; sensors; mounts and crossmember; bellhousing/adapter; transfer-case compatibility; cooler and lines; fluid; programming or ECU/TCU integration; what must be bought separately.",,,,,,,,,Not requested,,,,
F210,TR6060 Transmission,Transmission / gearbox,gm,1,1115,TR6060 Transmission,,,Brand New,1905-1905,,not started,"Confirm: model, identification code and gear count; torque converter (auto) or clutch assembly (manual) included; flexplate or flywheel; TCM/TCU and wiring harness; valve body and control components; shifter and selector; sensors; mounts and crossmember; bellhousing/adapter; transfer-case compatibility; cooler and lines; fluid; programming or ECU/TCU integration; what must be bought separately.",,,,,,,,,Not requested,,,,
F211,Ford MT82 6-Speed Manual Transmission,Transmission / gearbox,ford,1,1951,Ford MT82 6-Speed Manual Transmission — Mustang GT 5.0L (2011–2017),,,Brand New,1870-1870,,not started,"Confirm: model, identification code and gear count; torque converter (auto) or clutch assembly (manual) included; flexplate or flywheel; TCM/TCU and wiring harness; valve body and control components; shifter and selector; sensors; mounts and crossmember; bellhousing/adapter; transfer-case compatibility; cooler and lines; fluid; programming or ECU/TCU integration; what must be bought separately.",,,,,,,,,Not requested,,,,
F212,GM 10L80 10-Speed Automatic Transmission,Transmission / gearbox,gm,1,1966,GM 10L80 10-Speed Automatic Transmission — Chevrolet Camaro SS 6.2L LT1 (2019–2022),,,Brand New,1850-1850,,not started,"Confirm: model, identification code and gear count; torque converter (auto) or clutch assembly (manual) included; flexplate or flywheel; TCM/TCU and wiring harness; valve body and control components; shifter and selector; sensors; mounts and crossmember; bellhousing/adapter; transfer-case compatibility; cooler and lines; fluid; programming or ECU/TCU integration; what must be bought separately.",,,,,,,,,Not requested,,,,
F213,10L80 Transmission,Transmission / gearbox,gm,1,214,10L80 Transmission,,,Brand New,1850-1850,,not started,"Confirm: model, identification code and gear count; torque converter (auto) or clutch assembly (manual) included; flexplate or flywheel; TCM/TCU and wiring harness; valve body and control components; shifter and selector; sensors; mounts and crossmember; bellhousing/adapter; transfer-case compatibility; cooler and lines; fluid; programming or ECU/TCU integration; what must be bought separately.",,,,,,,,,Not requested,,,,
F214,Tremec TKX 5-Speed Manual Transmission,Transmission / gearbox,tremec,1,1947,Tremec TKX 5-Speed Manual Transmission — Ford Mustang Conversions,,,Brand New,1785-1785,,not started,"Confirm: model, identification code and gear count; torque converter (auto) or clutch assembly (manual) included; flexplate or flywheel; TCM/TCU and wiring harness; valve body and control components; shifter and selector; sensors; mounts and crossmember; bellhousing/adapter; transfer-case compatibility; cooler and lines; fluid; programming or ECU/TCU integration; what must be bought separately.",,,,,,,,,Not requested,,,,
F215,BMW 1972 Automatic Transmission (ZF 3HP),Transmission / gearbox,bmw,1,2078,BMW 1972 Automatic Transmission (ZF 3HP),,,Used,1615-1615,"ZF 3HP automatic transmission, sold as a complete unit exactly as listed",partial,"Confirm: model, identification code and gear count; torque converter (auto) or clutch assembly (manual) included; flexplate or flywheel; TCM/TCU and wiring harness; valve body and control components; shifter and selector; sensors; mounts and crossmember; bellhousing/adapter; transfer-case compatibility; cooler and lines; fluid; programming or ECU/TCU integration; what must be bought separately.",,,,,,,,,Not requested,,,,
F216,8L90 Transmission,Transmission / gearbox,gm,1,257,8L90 Transmission,,,Brand New,1570-1570,,not started,"Confirm: model, identification code and gear count; torque converter (auto) or clutch assembly (manual) included; flexplate or flywheel; TCM/TCU and wiring harness; valve body and control components; shifter and selector; sensors; mounts and crossmember; bellhousing/adapter; transfer-case compatibility; cooler and lines; fluid; programming or ECU/TCU integration; what must be bought separately.",,,,,,,,,Not requested,,,,
F217,2019+ 8L90 Transmission,Transmission / gearbox,gm,1,232,2019+ 8L90 Transmission,,,Used,1540-1540,,not started,"Confirm: model, identification code and gear count; torque converter (auto) or clutch assembly (manual) included; flexplate or flywheel; TCM/TCU and wiring harness; valve body and control components; shifter and selector; sensors; mounts and crossmember; bellhousing/adapter; transfer-case compatibility; cooler and lines; fluid; programming or ECU/TCU integration; what must be bought separately.",,,,,,,,,Not requested,,,,
F218,"Allison 1000 Automatic Transmission, Remanufactured",Transmission / gearbox,allison,2,1956 1957,"Allison 1000 Automatic Transmission, Remanufactured — Chevrolet Silverado 2500HD / 3500HD 6.6L Duramax (2001–2019)",,,Refurbished,1235-1235,,not started,"Confirm: model, identification code and gear count; torque converter (auto) or clutch assembly (manual) included; flexplate or flywheel; TCM/TCU and wiring harness; valve body and control components; shifter and selector; sensors; mounts and crossmember; bellhousing/adapter; transfer-case compatibility; cooler and lines; fluid; programming or ECU/TCU integration; what must be bought separately.",,,,,,,,,Not requested,,,,
F219,6L80 Transmission,Transmission / gearbox,gm,1,252,6L80 Transmission,,,Used,1235-1235,,not started,"Confirm: model, identification code and gear count; torque converter (auto) or clutch assembly (manual) included; flexplate or flywheel; TCM/TCU and wiring harness; valve body and control components; shifter and selector; sensors; mounts and crossmember; bellhousing/adapter; transfer-case compatibility; cooler and lines; fluid; programming or ECU/TCU integration; what must be bought separately.",,,,,,,,,Not requested,,,,
F220,BD Diesel Transmission Geartrain Dodge 48RE 6-pin 2003–2007,Transmission / gearbox,BD Diesel Performance,1,4046,BD Diesel Transmission Geartrain Dodge 48RE 6-pin 2003–2007 — 1030342,"2003–2007 Dodge / Ram 2500 and 3500 (5.9L, 6.7L)",1030342,Brand New,665-665,,not started,"Confirm: model, identification code and gear count; torque converter (auto) or clutch assembly (manual) included; flexplate or flywheel; TCM/TCU and wiring harness; valve body and control components; shifter and selector; sensors; mounts and crossmember; bellhousing/adapter; transfer-case compatibility; cooler and lines; fluid; programming or ECU/TCU integration; what must be bought separately.",,,,,,,,,Not requested,,,,
F221,McLeod Hydraulic T.O. Bearing (Direct OE Replacement) Tremec TKX Transmission,Transmission / gearbox,mcleod-racing,1,764,McLeod Hydraulic T.O. Bearing (Direct OE Replacement) Tremec TKX Transmission,,,Brand New,255-255,,not started,"Confirm: model, identification code and gear count; torque converter (auto) or clutch assembly (manual) included; flexplate or flywheel; TCM/TCU and wiring harness; valve body and control components; shifter and selector; sensors; mounts and crossmember; bellhousing/adapter; transfer-case compatibility; cooler and lines; fluid; programming or ECU/TCU integration; what must be bought separately.",,,,,,,,,Not requested,,,,
F222,60-87 C10 Drivetrain Mount kit,Engine / swap assembly,chevrolet,1,236,60-87 C10 Drivetrain Mount kit,,,Brand New,155-155,,not started,"Confirm: engine identification; ECU/PCM and wiring harness included (y/n); sensors, connectors, control modules; intake manifold and throttle body; fuel injectors, rails, pumps and regulators; ignition coils and plugs; forced-induction parts (intercooler, piping, bypass valves, boost control); accessory drive, alternator, starter; oil pan and pump, water pump; exhaust manifolds or headers; calibration or tuning supplied; immobilizer/security needs; what must be bought separately and what is vehicle-specific.",,,,,,,,,Not requested,,,,
